Strike,Type,OI,Volume,GEX,Vanna,DEX,Charm,IV
1000,Call,10,20,0.1,0.2,0.3,0.4,0.5
1000,Put,10,20,0.1,0.2,0.3,0.4,0.5
1001,Call,10,20,0.1,0.2,0.3,0.4,0.5
1001,Put,10,20,0.1,0.2,0.3,0.4,0.5
1002,Call,10,20,0.1,0.2,0.3,0.4,0.5
1002,Put,10,20,0.1,0.2,0.3,0.4,0.5
1003,Call,10,20,0.1,0.2,0.3,0.4,0.5
1003,Put,10,20,0.1,0.2,0.3,0.4,0.5
1004,Call,10,20,0.1,0.2,0.3,0.4,0.5
1004,Put,10,20,0.1,0.2,0.3,0.4,0.5
1005,Call,10,20,0.1,0.2,0.3,0.4,0.5
1005,Put,10,20,0.1,0.2,0.3,0.4,0.5
1006,Call,10,20,0.1,0.2,0.3,0.4,0.5
1006,Put,10,20,0.1,0.2,0.3,0.4,0.5
1007,Call,10,20,0.1,0.2,0.3,0.4,0.5
1007,Put,10,20,0.1,0.2,0.3,0.4,0.5
1008,Call,10,20,0.1,0.2,0.3,0.4,0.5
1008,Put,10,20,0.1,0.2,0.3,0.4,0.5
1009,Call,10,20,0.1,0.2,0.3,0.4,0.5
1009,Put,10,20,0.1,0.2,0.3,0.4,0.5
1010,Call,10,20,0.1,0.2,0.3,0.4,0.5
1010,Put,10,20,0.1,0.2,0.3,0.4,0.5
1011,Call,10,20,0.1,0.2,0.3,0.4,0.5
1011,Put,10,20,0.1,0.2,0.3,0.4,0.5
1012,Call,10,20,0.1,0.2,0.3,0.4,0.5
1012,Put,10,20,0.1,0.2,0.3,0.4,0.5
1013,Call,10,20,0.1,0.2,0.3,0.4,0.5
1013,Put,10,20,0.1,0.2,0.3,0.4,0.5
1014,Call,10,20,0.1,0.2,0.3,0.4,0.5
1014,Put,10,20,0.1,0.2,0.3,0.4,0.5
1015,Call,10,20,0.1,0.2,0.3,0.4,0.5
1015,Put,10,20,0.1,0.2,0.3,0.4,0.5
1016,Call,10,20,0.1,0.2,0.3,0.4,0.5
1016,Put,10,20,0.1,0.2,0.3,0.4,0.5
1017,Call,10,20,0.1,0.2,0.3,0.4,0.5
1017,Put,10,20,0.1,0.2,0.3,0.4,0.5
1018,Call,10,20,0.1,0.2,0.3,0.4,0.5
1018,Put,10,20,0.1,0.2,0.3,0.4,0.5
1019,Call,10,20,0.1,0.2,0.3,0.4,0.5
1019,Put,10,20,0.1,0.2,0.3,0.4,0.5
1020,Call,10,20,0.1,0.2,0.3,0.4,0.5
1020,Put,10,20,0.1,0.2,0.3,0.4,0.5
1021,Call,10,20,0.1,0.2,0.3,0.4,0.5
1021,Put,10,20,0.1,0.2,0.3,0.4,0.5
1022,Call,10,20,0.1,0.2,0.3,0.4,0.5
1022,Put,10,20,0.1,0.2,0.3,0.4,0.5
1023,Call,10,20,0.1,0.2,0.3,0.4,0.5
1023,Put,10,20,0.1,0.2,0.3,0.4,0.5
1024,Call,10,20,0.1,0.2,0.3,0.4,0.5
1024,Put,10,20,0.1,0.2,0.3,0.4,0.5
1025,Call,10,20,0.1,0.2,0.3,0.4,0.5
1025,Put,10,20,0.1,0.2,0.3,0.4,0.5
1026,Call,10,20,0.1,0.2,0.3,0.4,0.5
1026,Put,10,20,0.1,0.2,0.3,0.4,0.5
1027,Call,10,20,0.1,0.2,0.3,0.4,0.5
1027,Put,10,20,0.1,0.2,0.3,0.4,0.5
1028,Call,10,20,0.1,0.2,0.3,0.4,0.5
1028,Put,10,20,0.1,0.2,0.3,0.4,0.5
1029,Call,10,20,0.1,0.2,0.3,0.4,0.5
1029,Put,10,20,0.1,0.2,0.3,0.4,0.5
1030,Call,10,20,0.1,0.2,0.3,0.4,0.5
1030,Put,10,20,0.1,0.2,0.3,0.4,0.5
1031,Call,10,20,0.1,0.2,0.3,0.4,0.5
1031,Put,10,20,0.1,0.2,0.3,0.4,0.5
1032,Call,10,20,0.1,0.2,0.3,0.4,0.5
1032,Put,10,20,0.1,0.2,0.3,0.4,0.5
1033,Call,10,20,0.1,0.2,0.3,0.4,0.5
1033,Put,10,20,0.1,0.2,0.3,0.4,0.5
1034,Call,10,20,0.1,0.2,0.3,0.4,0.5
1034,Put,10,20,0.1,0.2,0.3,0.4,0.5
1035,Call,10,20,0.1,0.2,0.3,0.4,0.5
1035,Put,10,20,0.1,0.2,0.3,0.4,0.5
1036,Call,10,20,0.1,0.2,0.3,0.4,0.5
1036,Put,10,20,0.1,0.2,0.3,0.4,0.5
1037,Call,10,20,0.1,0.2,0.3,0.4,0.5
1037,Put,10,20,0.1,0.2,0.3,0.4,0.5
1038,Call,10,20,0.1,0.2,0.3,0.4,0.5
1038,Put,10,20,0.1,0.2,0.3,0.4,0.5
1039,Call,10,20,0.1,0.2,0.3,0.4,0.5
1039,Put,10,20,0.1,0.2,0.3,0.4,0.5
1040,Call,10,20,0.1,0.2,0.3,0.4,0.5
1040,Put,10,20,0.1,0.2,0.3,0.4,0.5
1041,Call,10,20,0.1,0.2,0.3,0.4,0.5
1041,Put,10,20,0.1,0.2,0.3,0.4,0.5
1042,Call,10,20,0.1,0.2,0.3,0.4,0.5
1042,Put,10,20,0.1,0.2,0.3,0.4,0.5
1043,Call,10,20,0.1,0.2,0.3,0.4,0.5
1043,Put,10,20,0.1,0.2,0.3,0.4,0.5
1044,Call,10,20,0.1,0.2,0.3,0.4,0.5
1044,Put,10,20,0.1,0.2,0.3,0.4,0.5
1045,Call,10,20,0.1,0.2,0.3,0.4,0.5
1045,Put,10,20,0.1,0.2,0.3,0.4,0.5
1046,Call,10,20,0.1,0.2,0.3,0.4,0.5
1046,Put,10,20,0.1,0.2,0.3,0.4,0.5
1047,Call,10,20,0.1,0.2,0.3,0.4,0.5
1047,Put,10,20,0.1,0.2,0.3,0.4,0.5
1048,Call,10,20,0.1,0.2,0.3,0.4,0.5
1048,Put,10,20,0.1,0.2,0.3,0.4,0.5
1049,Call,10,20,0.1,0.2,0.3,0.4,0.5
1049,Put,10,20,0.1,0.2,0.3,0.4,0.5
1050,Call,10,20,0.1,0.2,0.3,0.4,0.5
1050,Put,10,20,0.1,0.2,0.3,0.4,0.5
1051,Call,10,20,0.1,0.2,0.3,0.4,0.5
1051,Put,10,20,0.1,0.2,0.3,0.4,0.5
1052,Call,10,20,0.1,0.2,0.3,0.4,0.5
1052,Put,10,20,0.1,0.2,0.3,0.4,0.5
1053,Call,10,20,0.1,0.2,0.3,0.4,0.5
1053,Put,10,20,0.1,0.2,0.3,0.4,0.5
1054,Call,10,20,0.1,0.2,0.3,0.4,0.5
1054,Put,10,20,0.1,0.2,0.3,0.4,0.5
1055,Call,10,20,0.1,0.2,0.3,0.4,0.5
1055,Put,10,20,0.1,0.2,0.3,0.4,0.5
1056,Call,10,20,0.1,0.2,0.3,0.4,0.5
1056,Put,10,20,0.1,0.2,0.3,0.4,0.5
1057,Call,10,20,0.1,0.2,0.3,0.4,0.5
1057,Put,10,20,0.1,0.2,0.3,0.4,0.5
1058,Call,10,20,0.1,0.2,0.3,0.4,0.5
1058,Put,10,20,0.1,0.2,0.3,0.4,0.5
1059,Call,10,20,0.1,0.2,0.3,0.4,0.5
1059,Put,10,20,0.1,0.2,0.3,0.4,0.5
1060,Call,10,20,0.1,0.2,0.3,0.4,0.5
1060,Put,10,20,0.1,0.2,0.3,0.4,0.5
1061,Call,10,20,0.1,0.2,0.3,0.4,0.5
1061,Put,10,20,0.1,0.2,0.3,0.4,0.5
1062,Call,10,20,0.1,0.2,0.3,0.4,0.5
1062,Put,10,20,0.1,0.2,0.3,0.4,0.5
1063,Call,10,20,0.1,0.2,0.3,0.4,0.5
1063,Put,10,20,0.1,0.2,0.3,0.4,0.5
1064,Call,10,20,0.1,0.2,0.3,0.4,0.5
1064,Put,10,20,0.1,0.2,0.3,0.4,0.5
1065,Call,10,20,0.1,0.2,0.3,0.4,0.5
1065,Put,10,20,0.1,0.2,0.3,0.4,0.5
1066,Call,10,20,0.1,0.2,0.3,0.4,0.5
1066,Put,10,20,0.1,0.2,0.3,0.4,0.5
1067,Call,10,20,0.1,0.2,0.3,0.4,0.5
1067,Put,10,20,0.1,0.2,0.3,0.4,0.5
1068,Call,10,20,0.1,0.2,0.3,0.4,0.5
1068,Put,10,20,0.1,0.2,0.3,0.4,0.5
1069,Call,10,20,0.1,0.2,0.3,0.4,0.5
1069,Put,10,20,0.1,0.2,0.3,0.4,0.5
1070,Call,10,20,0.1,0.2,0.3,0.4,0.5
1070,Put,10,20,0.1,0.2,0.3,0.4,0.5
1071,Call,10,20,0.1,0.2,0.3,0.4,0.5
1071,Put,10,20,0.1,0.2,0.3,0.4,0.5
1072,Call,10,20,0.1,0.2,0.3,0.4,0.5
1072,Put,10,20,0.1,0.2,0.3,0.4,0.5
1073,Call,10,20,0.1,0.2,0.3,0.4,0.5
1073,Put,10,20,0.1,0.2,0.3,0.4,0.5
1074,Call,10,20,0.1,0.2,0.3,0.4,0.5
1074,Put,10,20,0.1,0.2,0.3,0.4,0.5
1075,Call,10,20,0.1,0.2,0.3,0.4,0.5
1075,Put,10,20,0.1,0.2,0.3,0.4,0.5
1076,Call,10,20,0.1,0.2,0.3,0.4,0.5
1076,Put,10,20,0.1,0.2,0.3,0.4,0.5
1077,Call,10,20,0.1,0.2,0.3,0.4,0.5
1077,Put,10,20,0.1,0.2,0.3,0.4,0.5
1078,Call,10,20,0.1,0.2,0.3,0.4,0.5
1078,Put,10,20,0.1,0.2,0.3,0.4,0.5
1079,Call,10,20,0.1,0.2,0.3,0.4,0.5
1079,Put,10,20,0.1,0.2,0.3,0.4,0.5
1080,Call,10,20,0.1,0.2,0.3,0.4,0.5
1080,Put,10,20,0.1,0.2,0.3,0.4,0.5
1081,Call,10,20,0.1,0.2,0.3,0.4,0.5
1081,Put,10,20,0.1,0.2,0.3,0.4,0.5
1082,Call,10,20,0.1,0.2,0.3,0.4,0.5
1082,Put,10,20,0.1,0.2,0.3,0.4,0.5
1083,Call,10,20,0.1,0.2,0.3,0.4,0.5
1083,Put,10,20,0.1,0.2,0.3,0.4,0.5
1084,Call,10,20,0.1,0.2,0.3,0.4,0.5
1084,Put,10,20,0.1,0.2,0.3,0.4,0.5
1085,Call,10,20,0.1,0.2,0.3,0.4,0.5
1085,Put,10,20,0.1,0.2,0.3,0.4,0.5
1086,Call,10,20,0.1,0.2,0.3,0.4,0.5
1086,Put,10,20,0.1,0.2,0.3,0.4,0.5
1087,Call,10,20,0.1,0.2,0.3,0.4,0.5
1087,Put,10,20,0.1,0.2,0.3,0.4,0.5
1088,Call,10,20,0.1,0.2,0.3,0.4,0.5
1088,Put,10,20,0.1,0.2,0.3,0.4,0.5
1089,Call,10,20,0.1,0.2,0.3,0.4,0.5
1089,Put,10,20,0.1,0.2,0.3,0.4,0.5
1090,Call,10,20,0.1,0.2,0.3,0.4,0.5
1090,Put,10,20,0.1,0.2,0.3,0.4,0.5
1091,Call,10,20,0.1,0.2,0.3,0.4,0.5
1091,Put,10,20,0.1,0.2,0.3,0.4,0.5
1092,Call,10,20,0.1,0.2,0.3,0.4,0.5
1092,Put,10,20,0.1,0.2,0.3,0.4,0.5
1093,Call,10,20,0.1,0.2,0.3,0.4,0.5
1093,Put,10,20,0.1,0.2,0.3,0.4,0.5
1094,Call,10,20,0.1,0.2,0.3,0.4,0.5
1094,Put,10,20,0.1,0.2,0.3,0.4,0.5
1095,Call,10,20,0.1,0.2,0.3,0.4,0.5
1095,Put,10,20,0.1,0.2,0.3,0.4,0.5
1096,Call,10,20,0.1,0.2,0.3,0.4,0.5
1096,Put,10,20,0.1,0.2,0.3,0.4,0.5
1097,Call,10,20,0.1,0.2,0.3,0.4,0.5
1097,Put,10,20,0.1,0.2,0.3,0.4,0.5
1098,Call,10,20,0.1,0.2,0.3,0.4,0.5
1098,Put,10,20,0.1,0.2,0.3,0.4,0.5
1099,Call,10,20,0.1,0.2,0.3,0.4,0.5
1099,Put,10,20,0.1,0.2,0.3,0.4,0.5
1100,Call,10,20,0.1,0.2,0.3,0.4,0.5
1100,Put,10,20,0.1,0.2,0.3,0.4,0.5
1101,Call,10,20,0.1,0.2,0.3,0.4,0.5
1101,Put,10,20,0.1,0.2,0.3,0.4,0.5
1102,Call,10,20,0.1,0.2,0.3,0.4,0.5
1102,Put,10,20,0.1,0.2,0.3,0.4,0.5
1103,Call,10,20,0.1,0.2,0.3,0.4,0.5
1103,Put,10,20,0.1,0.2,0.3,0.4,0.5
1104,Call,10,20,0.1,0.2,0.3,0.4,0.5
1104,Put,10,20,0.1,0.2,0.3,0.4,0.5
1105,Call,10,20,0.1,0.2,0.3,0.4,0.5
1105,Put,10,20,0.1,0.2,0.3,0.4,0.5
1106,Call,10,20,0.1,0.2,0.3,0.4,0.5
1106,Put,10,20,0.1,0.2,0.3,0.4,0.5
1107,Call,10,20,0.1,0.2,0.3,0.4,0.5
1107,Put,10,20,0.1,0.2,0.3,0.4,0.5
1108,Call,10,20,0.1,0.2,0.3,0.4,0.5
1108,Put,10,20,0.1,0.2,0.3,0.4,0.5
1109,Call,10,20,0.1,0.2,0.3,0.4,0.5
1109,Put,10,20,0.1,0.2,0.3,0.4,0.5
1110,Call,10,20,0.1,0.2,0.3,0.4,0.5
1110,Put,10,20,0.1,0.2,0.3,0.4,0.5
1111,Call,10,20,0.1,0.2,0.3,0.4,0.5
1111,Put,10,20,0.1,0.2,0.3,0.4,0.5
1112,Call,10,20,0.1,0.2,0.3,0.4,0.5
1112,Put,10,20,0.1,0.2,0.3,0.4,0.5
1113,Call,10,20,0.1,0.2,0.3,0.4,0.5
1113,Put,10,20,0.1,0.2,0.3,0.4,0.5
1114,Call,10,20,0.1,0.2,0.3,0.4,0.5
1114,Put,10,20,0.1,0.2,0.3,0.4,0.5
1115,Call,10,20,0.1,0.2,0.3,0.4,0.5
1115,Put,10,20,0.1,0.2,0.3,0.4,0.5
1116,Call,10,20,0.1,0.2,0.3,0.4,0.5
1116,Put,10,20,0.1,0.2,0.3,0.4,0.5
1117,Call,10,20,0.1,0.2,0.3,0.4,0.5
1117,Put,10,20,0.1,0.2,0.3,0.4,0.5
1118,Call,10,20,0.1,0.2,0.3,0.4,0.5
1118,Put,10,20,0.1,0.2,0.3,0.4,0.5
1119,Call,10,20,0.1,0.2,0.3,0.4,0.5
1119,Put,10,20,0.1,0.2,0.3,0.4,0.5
1120,Call,10,20,0.1,0.2,0.3,0.4,0.5
1120,Put,10,20,0.1,0.2,0.3,0.4,0.5
1121,Call,10,20,0.1,0.2,0.3,0.4,0.5
1121,Put,10,20,0.1,0.2,0.3,0.4,0.5
1122,Call,10,20,0.1,0.2,0.3,0.4,0.5
1122,Put,10,20,0.1,0.2,0.3,0.4,0.5
1123,Call,10,20,0.1,0.2,0.3,0.4,0.5
1123,Put,10,20,0.1,0.2,0.3,0.4,0.5
1124,Call,10,20,0.1,0.2,0.3,0.4,0.5
1124,Put,10,20,0.1,0.2,0.3,0.4,0.5
1125,Call,10,20,0.1,0.2,0.3,0.4,0.5
1125,Put,10,20,0.1,0.2,0.3,0.4,0.5
1126,Call,10,20,0.1,0.2,0.3,0.4,0.5
1126,Put,10,20,0.1,0.2,0.3,0.4,0.5
1127,Call,10,20,0.1,0.2,0.3,0.4,0.5
1127,Put,10,20,0.1,0.2,0.3,0.4,0.5
1128,Call,10,20,0.1,0.2,0.3,0.4,0.5
1128,Put,10,20,0.1,0.2,0.3,0.4,0.5
1129,Call,10,20,0.1,0.2,0.3,0.4,0.5
1129,Put,10,20,0.1,0.2,0.3,0.4,0.5
1130,Call,10,20,0.1,0.2,0.3,0.4,0.5
1130,Put,10,20,0.1,0.2,0.3,0.4,0.5
1131,Call,10,20,0.1,0.2,0.3,0.4,0.5
1131,Put,10,20,0.1,0.2,0.3,0.4,0.5
1132,Call,10,20,0.1,0.2,0.3,0.4,0.5
1132,Put,10,20,0.1,0.2,0.3,0.4,0.5
1133,Call,10,20,0.1,0.2,0.3,0.4,0.5
1133,Put,10,20,0.1,0.2,0.3,0.4,0.5
1134,Call,10,20,0.1,0.2,0.3,0.4,0.5
1134,Put,10,20,0.1,0.2,0.3,0.4,0.5
1135,Call,10,20,0.1,0.2,0.3,0.4,0.5
1135,Put,10,20,0.1,0.2,0.3,0.4,0.5
1136,Call,10,20,0.1,0.2,0.3,0.4,0.5
1136,Put,10,20,0.1,0.2,0.3,0.4,0.5
1137,Call,10,20,0.1,0.2,0.3,0.4,0.5
1137,Put,10,20,0.1,0.2,0.3,0.4,0.5
1138,Call,10,20,0.1,0.2,0.3,0.4,0.5
1138,Put,10,20,0.1,0.2,0.3,0.4,0.5
1139,Call,10,20,0.1,0.2,0.3,0.4,0.5
1139,Put,10,20,0.1,0.2,0.3,0.4,0.5
1140,Call,10,20,0.1,0.2,0.3,0.4,0.5
1140,Put,10,20,0.1,0.2,0.3,0.4,0.5
1141,Call,10,20,0.1,0.2,0.3,0.4,0.5
1141,Put,10,20,0.1,0.2,0.3,0.4,0.5
1142,Call,10,20,0.1,0.2,0.3,0.4,0.5
1142,Put,10,20,0.1,0.2,0.3,0.4,0.5
1143,Call,10,20,0.1,0.2,0.3,0.4,0.5
1143,Put,10,20,0.1,0.2,0.3,0.4,0.5
1144,Call,10,20,0.1,0.2,0.3,0.4,0.5
1144,Put,10,20,0.1,0.2,0.3,0.4,0.5
1145,Call,10,20,0.1,0.2,0.3,0.4,0.5
1145,Put,10,20,0.1,0.2,0.3,0.4,0.5
1146,Call,10,20,0.1,0.2,0.3,0.4,0.5
1146,Put,10,20,0.1,0.2,0.3,0.4,0.5
1147,Call,10,20,0.1,0.2,0.3,0.4,0.5
1147,Put,10,20,0.1,0.2,0.3,0.4,0.5
1148,Call,10,20,0.1,0.2,0.3,0.4,0.5
1148,Put,10,20,0.1,0.2,0.3,0.4,0.5
1149,Call,10,20,0.1,0.2,0.3,0.4,0.5
1149,Put,10,20,0.1,0.2,0.3,0.4,0.5
1150,Call,10,20,0.1,0.2,0.3,0.4,0.5
1150,Put,10,20,0.1,0.2,0.3,0.4,0.5
1151,Call,10,20,0.1,0.2,0.3,0.4,0.5
1151,Put,10,20,0.1,0.2,0.3,0.4,0.5
1152,Call,10,20,0.1,0.2,0.3,0.4,0.5
1152,Put,10,20,0.1,0.2,0.3,0.4,0.5
1153,Call,10,20,0.1,0.2,0.3,0.4,0.5
1153,Put,10,20,0.1,0.2,0.3,0.4,0.5
1154,Call,10,20,0.1,0.2,0.3,0.4,0.5
1154,Put,10,20,0.1,0.2,0.3,0.4,0.5
1155,Call,10,20,0.1,0.2,0.3,0.4,0.5
1155,Put,10,20,0.1,0.2,0.3,0.4,0.5
1156,Call,10,20,0.1,0.2,0.3,0.4,0.5
1156,Put,10,20,0.1,0.2,0.3,0.4,0.5
1157,Call,10,20,0.1,0.2,0.3,0.4,0.5
1157,Put,10,20,0.1,0.2,0.3,0.4,0.5
1158,Call,10,20,0.1,0.2,0.3,0.4,0.5
1158,Put,10,20,0.1,0.2,0.3,0.4,0.5
1159,Call,10,20,0.1,0.2,0.3,0.4,0.5
1159,Put,10,20,0.1,0.2,0.3,0.4,0.5
1160,Call,10,20,0.1,0.2,0.3,0.4,0.5
1160,Put,10,20,0.1,0.2,0.3,0.4,0.5
1161,Call,10,20,0.1,0.2,0.3,0.4,0.5
1161,Put,10,20,0.1,0.2,0.3,0.4,0.5
1162,Call,10,20,0.1,0.2,0.3,0.4,0.5
1162,Put,10,20,0.1,0.2,0.3,0.4,0.5
1163,Call,10,20,0.1,0.2,0.3,0.4,0.5
1163,Put,10,20,0.1,0.2,0.3,0.4,0.5
1164,Call,10,20,0.1,0.2,0.3,0.4,0.5
1164,Put,10,20,0.1,0.2,0.3,0.4,0.5
1165,Call,10,20,0.1,0.2,0.3,0.4,0.5
1165,Put,10,20,0.1,0.2,0.3,0.4,0.5
1166,Call,10,20,0.1,0.2,0.3,0.4,0.5
1166,Put,10,20,0.1,0.2,0.3,0.4,0.5
1167,Call,10,20,0.1,0.2,0.3,0.4,0.5
1167,Put,10,20,0.1,0.2,0.3,0.4,0.5
1168,Call,10,20,0.1,0.2,0.3,0.4,0.5
1168,Put,10,20,0.1,0.2,0.3,0.4,0.5
1169,Call,10,20,0.1,0.2,0.3,0.4,0.5
1169,Put,10,20,0.1,0.2,0.3,0.4,0.5
1170,Call,10,20,0.1,0.2,0.3,0.4,0.5
1170,Put,10,20,0.1,0.2,0.3,0.4,0.5
1171,Call,10,20,0.1,0.2,0.3,0.4,0.5
1171,Put,10,20,0.1,0.2,0.3,0.4,0.5
1172,Call,10,20,0.1,0.2,0.3,0.4,0.5
1172,Put,10,20,0.1,0.2,0.3,0.4,0.5
1173,Call,10,20,0.1,0.2,0.3,0.4,0.5
1173,Put,10,20,0.1,0.2,0.3,0.4,0.5
1174,Call,10,20,0.1,0.2,0.3,0.4,0.5
1174,Put,10,20,0.1,0.2,0.3,0.4,0.5
1175,Call,10,20,0.1,0.2,0.3,0.4,0.5
1175,Put,10,20,0.1,0.2,0.3,0.4,0.5
1176,Call,10,20,0.1,0.2,0.3,0.4,0.5
1176,Put,10,20,0.1,0.2,0.3,0.4,0.5
1177,Call,10,20,0.1,0.2,0.3,0.4,0.5
1177,Put,10,20,0.1,0.2,0.3,0.4,0.5
1178,Call,10,20,0.1,0.2,0.3,0.4,0.5
1178,Put,10,20,0.1,0.2,0.3,0.4,0.5
1179,Call,10,20,0.1,0.2,0.3,0.4,0.5
1179,Put,10,20,0.1,0.2,0.3,0.4,0.5
1180,Call,10,20,0.1,0.2,0.3,0.4,0.5
1180,Put,10,20,0.1,0.2,0.3,0.4,0.5
1181,Call,10,20,0.1,0.2,0.3,0.4,0.5
1181,Put,10,20,0.1,0.2,0.3,0.4,0.5
1182,Call,10,20,0.1,0.2,0.3,0.4,0.5
1182,Put,10,20,0.1,0.2,0.3,0.4,0.5
1183,Call,10,20,0.1,0.2,0.3,0.4,0.5
1183,Put,10,20,0.1,0.2,0.3,0.4,0.5
1184,Call,10,20,0.1,0.2,0.3,0.4,0.5
1184,Put,10,20,0.1,0.2,0.3,0.4,0.5
1185,Call,10,20,0.1,0.2,0.3,0.4,0.5
1185,Put,10,20,0.1,0.2,0.3,0.4,0.5
1186,Call,10,20,0.1,0.2,0.3,0.4,0.5
1186,Put,10,20,0.1,0.2,0.3,0.4,0.5
1187,Call,10,20,0.1,0.2,0.3,0.4,0.5
1187,Put,10,20,0.1,0.2,0.3,0.4,0.5
1188,Call,10,20,0.1,0.2,0.3,0.4,0.5
1188,Put,10,20,0.1,0.2,0.3,0.4,0.5
1189,Call,10,20,0.1,0.2,0.3,0.4,0.5
1189,Put,10,20,0.1,0.2,0.3,0.4,0.5
1190,Call,10,20,0.1,0.2,0.3,0.4,0.5
1190,Put,10,20,0.1,0.2,0.3,0.4,0.5
1191,Call,10,20,0.1,0.2,0.3,0.4,0.5
1191,Put,10,20,0.1,0.2,0.3,0.4,0.5
1192,Call,10,20,0.1,0.2,0.3,0.4,0.5
1192,Put,10,20,0.1,0.2,0.3,0.4,0.5
1193,Call,10,20,0.1,0.2,0.3,0.4,0.5
1193,Put,10,20,0.1,0.2,0.3,0.4,0.5
1194,Call,10,20,0.1,0.2,0.3,0.4,0.5
1194,Put,10,20,0.1,0.2,0.3,0.4,0.5
1195,Call,10,20,0.1,0.2,0.3,0.4,0.5
1195,Put,10,20,0.1,0.2,0.3,0.4,0.5
1196,Call,10,20,0.1,0.2,0.3,0.4,0.5
1196,Put,10,20,0.1,0.2,0.3,0.4,0.5
1197,Call,10,20,0.1,0.2,0.3,0.4,0.5
1197,Put,10,20,0.1,0.2,0.3,0.4,0.5
1198,Call,10,20,0.1,0.2,0.3,0.4,0.5
1198,Put,10,20,0.1,0.2,0.3,0.4,0.5
1199,Call,10,20,0.1,0.2,0.3,0.4,0.5
1199,Put,10,20,0.1,0.2,0.3,0.4,0.5
1200,Call,10,20,0.1,0.2,0.3,0.4,0.5
1200,Put,10,20,0.1,0.2,0.3,0.4,0.5
1201,Call,10,20,0.1,0.2,0.3,0.4,0.5
1201,Put,10,20,0.1,0.2,0.3,0.4,0.5
1202,Call,10,20,0.1,0.2,0.3,0.4,0.5
1202,Put,10,20,0.1,0.2,0.3,0.4,0.5
1203,Call,10,20,0.1,0.2,0.3,0.4,0.5
1203,Put,10,20,0.1,0.2,0.3,0.4,0.5
1204,Call,10,20,0.1,0.2,0.3,0.4,0.5
1204,Put,10,20,0.1,0.2,0.3,0.4,0.5
1205,Call,10,20,0.1,0.2,0.3,0.4,0.5
1205,Put,10,20,0.1,0.2,0.3,0.4,0.5
1206,Call,10,20,0.1,0.2,0.3,0.4,0.5
1206,Put,10,20,0.1,0.2,0.3,0.4,0.5
1207,Call,10,20,0.1,0.2,0.3,0.4,0.5
1207,Put,10,20,0.1,0.2,0.3,0.4,0.5
1208,Call,10,20,0.1,0.2,0.3,0.4,0.5
1208,Put,10,20,0.1,0.2,0.3,0.4,0.5
1209,Call,10,20,0.1,0.2,0.3,0.4,0.5
1209,Put,10,20,0.1,0.2,0.3,0.4,0.5
1210,Call,10,20,0.1,0.2,0.3,0.4,0.5
1210,Put,10,20,0.1,0.2,0.3,0.4,0.5
1211,Call,10,20,0.1,0.2,0.3,0.4,0.5
1211,Put,10,20,0.1,0.2,0.3,0.4,0.5
1212,Call,10,20,0.1,0.2,0.3,0.4,0.5
1212,Put,10,20,0.1,0.2,0.3,0.4,0.5
1213,Call,10,20,0.1,0.2,0.3,0.4,0.5
1213,Put,10,20,0.1,0.2,0.3,0.4,0.5
1214,Call,10,20,0.1,0.2,0.3,0.4,0.5
1214,Put,10,20,0.1,0.2,0.3,0.4,0.5
1215,Call,10,20,0.1,0.2,0.3,0.4,0.5
1215,Put,10,20,0.1,0.2,0.3,0.4,0.5
1216,Call,10,20,0.1,0.2,0.3,0.4,0.5
1216,Put,10,20,0.1,0.2,0.3,0.4,0.5
1217,Call,10,20,0.1,0.2,0.3,0.4,0.5
1217,Put,10,20,0.1,0.2,0.3,0.4,0.5
1218,Call,10,20,0.1,0.2,0.3,0.4,0.5
1218,Put,10,20,0.1,0.2,0.3,0.4,0.5
1219,Call,10,20,0.1,0.2,0.3,0.4,0.5
1219,Put,10,20,0.1,0.2,0.3,0.4,0.5
1220,Call,10,20,0.1,0.2,0.3,0.4,0.5
1220,Put,10,20,0.1,0.2,0.3,0.4,0.5
1221,Call,10,20,0.1,0.2,0.3,0.4,0.5
1221,Put,10,20,0.1,0.2,0.3,0.4,0.5
1222,Call,10,20,0.1,0.2,0.3,0.4,0.5
1222,Put,10,20,0.1,0.2,0.3,0.4,0.5
1223,Call,10,20,0.1,0.2,0.3,0.4,0.5
1223,Put,10,20,0.1,0.2,0.3,0.4,0.5
1224,Call,10,20,0.1,0.2,0.3,0.4,0.5
1224,Put,10,20,0.1,0.2,0.3,0.4,0.5
1225,Call,10,20,0.1,0.2,0.3,0.4,0.5
1225,Put,10,20,0.1,0.2,0.3,0.4,0.5
1226,Call,10,20,0.1,0.2,0.3,0.4,0.5
1226,Put,10,20,0.1,0.2,0.3,0.4,0.5
1227,Call,10,20,0.1,0.2,0.3,0.4,0.5
1227,Put,10,20,0.1,0.2,0.3,0.4,0.5
1228,Call,10,20,0.1,0.2,0.3,0.4,0.5
1228,Put,10,20,0.1,0.2,0.3,0.4,0.5
1229,Call,10,20,0.1,0.2,0.3,0.4,0.5
1229,Put,10,20,0.1,0.2,0.3,0.4,0.5
1230,Call,10,20,0.1,0.2,0.3,0.4,0.5
1230,Put,10,20,0.1,0.2,0.3,0.4,0.5
1231,Call,10,20,0.1,0.2,0.3,0.4,0.5
1231,Put,10,20,0.1,0.2,0.3,0.4,0.5
1232,Call,10,20,0.1,0.2,0.3,0.4,0.5
1232,Put,10,20,0.1,0.2,0.3,0.4,0.5
1233,Call,10,20,0.1,0.2,0.3,0.4,0.5
1233,Put,10,20,0.1,0.2,0.3,0.4,0.5
1234,Call,10,20,0.1,0.2,0.3,0.4,0.5
1234,Put,10,20,0.1,0.2,0.3,0.4,0.5
1235,Call,10,20,0.1,0.2,0.3,0.4,0.5
1235,Put,10,20,0.1,0.2,0.3,0.4,0.5
1236,Call,10,20,0.1,0.2,0.3,0.4,0.5
1236,Put,10,20,0.1,0.2,0.3,0.4,0.5
1237,Call,10,20,0.1,0.2,0.3,0.4,0.5
1237,Put,10,20,0.1,0.2,0.3,0.4,0.5
1238,Call,10,20,0.1,0.2,0.3,0.4,0.5
1238,Put,10,20,0.1,0.2,0.3,0.4,0.5
1239,Call,10,20,0.1,0.2,0.3,0.4,0.5
1239,Put,10,20,0.1,0.2,0.3,0.4,0.5
1240,Call,10,20,0.1,0.2,0.3,0.4,0.5
1240,Put,10,20,0.1,0.2,0.3,0.4,0.5
1241,Call,10,20,0.1,0.2,0.3,0.4,0.5
1241,Put,10,20,0.1,0.2,0.3,0.4,0.5
1242,Call,10,20,0.1,0.2,0.3,0.4,0.5
1242,Put,10,20,0.1,0.2,0.3,0.4,0.5
1243,Call,10,20,0.1,0.2,0.3,0.4,0.5
1243,Put,10,20,0.1,0.2,0.3,0.4,0.5
1244,Call,10,20,0.1,0.2,0.3,0.4,0.5
1244,Put,10,20,0.1,0.2,0.3,0.4,0.5
1245,Call,10,20,0.1,0.2,0.3,0.4,0.5
1245,Put,10,20,0.1,0.2,0.3,0.4,0.5
1246,Call,10,20,0.1,0.2,0.3,0.4,0.5
1246,Put,10,20,0.1,0.2,0.3,0.4,0.5
1247,Call,10,20,0.1,0.2,0.3,0.4,0.5
1247,Put,10,20,0.1,0.2,0.3,0.4,0.5
1248,Call,10,20,0.1,0.2,0.3,0.4,0.5
1248,Put,10,20,0.1,0.2,0.3,0.4,0.5
1249,Call,10,20,0.1,0.2,0.3,0.4,0.5
1249,Put,10,20,0.1,0.2,0.3,0.4,0.5
1250,Call,10,20,0.1,0.2,0.3,0.4,0.5
1250,Put,10,20,0.1,0.2,0.3,0.4,0.5
1251,Call,10,20,0.1,0.2,0.3,0.4,0.5
1251,Put,10,20,0.1,0.2,0.3,0.4,0.5
1252,Call,10,20,0.1,0.2,0.3,0.4,0.5
1252,Put,10,20,0.1,0.2,0.3,0.4,0.5
1253,Call,10,20,0.1,0.2,0.3,0.4,0.5
1253,Put,10,20,0.1,0.2,0.3,0.4,0.5
1254,Call,10,20,0.1,0.2,0.3,0.4,0.5
1254,Put,10,20,0.1,0.2,0.3,0.4,0.5
1255,Call,10,20,0.1,0.2,0.3,0.4,0.5
1255,Put,10,20,0.1,0.2,0.3,0.4,0.5
1256,Call,10,20,0.1,0.2,0.3,0.4,0.5
1256,Put,10,20,0.1,0.2,0.3,0.4,0.5
1257,Call,10,20,0.1,0.2,0.3,0.4,0.5
1257,Put,10,20,0.1,0.2,0.3,0.4,0.5
1258,Call,10,20,0.1,0.2,0.3,0.4,0.5
1258,Put,10,20,0.1,0.2,0.3,0.4,0.5
1259,Call,10,20,0.1,0.2,0.3,0.4,0.5
1259,Put,10,20,0.1,0.2,0.3,0.4,0.5
1260,Call,10,20,0.1,0.2,0.3,0.4,0.5
1260,Put,10,20,0.1,0.2,0.3,0.4,0.5
1261,Call,10,20,0.1,0.2,0.3,0.4,0.5
1261,Put,10,20,0.1,0.2,0.3,0.4,0.5
1262,Call,10,20,0.1,0.2,0.3,0.4,0.5
1262,Put,10,20,0.1,0.2,0.3,0.4,0.5
1263,Call,10,20,0.1,0.2,0.3,0.4,0.5
1263,Put,10,20,0.1,0.2,0.3,0.4,0.5
1264,Call,10,20,0.1,0.2,0.3,0.4,0.5
1264,Put,10,20,0.1,0.2,0.3,0.4,0.5
1265,Call,10,20,0.1,0.2,0.3,0.4,0.5
1265,Put,10,20,0.1,0.2,0.3,0.4,0.5
1266,Call,10,20,0.1,0.2,0.3,0.4,0.5
1266,Put,10,20,0.1,0.2,0.3,0.4,0.5
1267,Call,10,20,0.1,0.2,0.3,0.4,0.5
1267,Put,10,20,0.1,0.2,0.3,0.4,0.5
1268,Call,10,20,0.1,0.2,0.3,0.4,0.5
1268,Put,10,20,0.1,0.2,0.3,0.4,0.5
1269,Call,10,20,0.1,0.2,0.3,0.4,0.5
1269,Put,10,20,0.1,0.2,0.3,0.4,0.5
1270,Call,10,20,0.1,0.2,0.3,0.4,0.5
1270,Put,10,20,0.1,0.2,0.3,0.4,0.5
1271,Call,10,20,0.1,0.2,0.3,0.4,0.5
1271,Put,10,20,0.1,0.2,0.3,0.4,0.5
1272,Call,10,20,0.1,0.2,0.3,0.4,0.5
1272,Put,10,20,0.1,0.2,0.3,0.4,0.5
1273,Call,10,20,0.1,0.2,0.3,0.4,0.5
1273,Put,10,20,0.1,0.2,0.3,0.4,0.5
1274,Call,10,20,0.1,0.2,0.3,0.4,0.5
1274,Put,10,20,0.1,0.2,0.3,0.4,0.5
1275,Call,10,20,0.1,0.2,0.3,0.4,0.5
1275,Put,10,20,0.1,0.2,0.3,0.4,0.5
1276,Call,10,20,0.1,0.2,0.3,0.4,0.5
1276,Put,10,20,0.1,0.2,0.3,0.4,0.5
1277,Call,10,20,0.1,0.2,0.3,0.4,0.5
1277,Put,10,20,0.1,0.2,0.3,0.4,0.5
1278,Call,10,20,0.1,0.2,0.3,0.4,0.5
1278,Put,10,20,0.1,0.2,0.3,0.4,0.5
1279,Call,10,20,0.1,0.2,0.3,0.4,0.5
1279,Put,10,20,0.1,0.2,0.3,0.4,0.5
1280,Call,10,20,0.1,0.2,0.3,0.4,0.5
1280,Put,10,20,0.1,0.2,0.3,0.4,0.5
1281,Call,10,20,0.1,0.2,0.3,0.4,0.5
1281,Put,10,20,0.1,0.2,0.3,0.4,0.5
1282,Call,10,20,0.1,0.2,0.3,0.4,0.5
1282,Put,10,20,0.1,0.2,0.3,0.4,0.5
1283,Call,10,20,0.1,0.2,0.3,0.4,0.5
1283,Put,10,20,0.1,0.2,0.3,0.4,0.5
1284,Call,10,20,0.1,0.2,0.3,0.4,0.5
1284,Put,10,20,0.1,0.2,0.3,0.4,0.5
1285,Call,10,20,0.1,0.2,0.3,0.4,0.5
1285,Put,10,20,0.1,0.2,0.3,0.4,0.5
1286,Call,10,20,0.1,0.2,0.3,0.4,0.5
1286,Put,10,20,0.1,0.2,0.3,0.4,0.5
1287,Call,10,20,0.1,0.2,0.3,0.4,0.5
1287,Put,10,20,0.1,0.2,0.3,0.4,0.5
1288,Call,10,20,0.1,0.2,0.3,0.4,0.5
1288,Put,10,20,0.1,0.2,0.3,0.4,0.5
1289,Call,10,20,0.1,0.2,0.3,0.4,0.5
1289,Put,10,20,0.1,0.2,0.3,0.4,0.5
1290,Call,10,20,0.1,0.2,0.3,0.4,0.5
1290,Put,10,20,0.1,0.2,0.3,0.4,0.5
1291,Call,10,20,0.1,0.2,0.3,0.4,0.5
1291,Put,10,20,0.1,0.2,0.3,0.4,0.5
1292,Call,10,20,0.1,0.2,0.3,0.4,0.5
1292,Put,10,20,0.1,0.2,0.3,0.4,0.5
1293,Call,10,20,0.1,0.2,0.3,0.4,0.5
1293,Put,10,20,0.1,0.2,0.3,0.4,0.5
1294,Call,10,20,0.1,0.2,0.3,0.4,0.5
1294,Put,10,20,0.1,0.2,0.3,0.4,0.5
1295,Call,10,20,0.1,0.2,0.3,0.4,0.5
1295,Put,10,20,0.1,0.2,0.3,0.4,0.5
1296,Call,10,20,0.1,0.2,0.3,0.4,0.5
1296,Put,10,20,0.1,0.2,0.3,0.4,0.5
1297,Call,10,20,0.1,0.2,0.3,0.4,0.5
1297,Put,10,20,0.1,0.2,0.3,0.4,0.5
1298,Call,10,20,0.1,0.2,0.3,0.4,0.5
1298,Put,10,20,0.1,0.2,0.3,0.4,0.5
1299,Call,10,20,0.1,0.2,0.3,0.4,0.5
1299,Put,10,20,0.1,0.2,0.3,0.4,0.5
1300,Call,10,20,0.1,0.2,0.3,0.4,0.5
1300,Put,10,20,0.1,0.2,0.3,0.4,0.5
1301,Call,10,20,0.1,0.2,0.3,0.4,0.5
1301,Put,10,20,0.1,0.2,0.3,0.4,0.5
1302,Call,10,20,0.1,0.2,0.3,0.4,0.5
1302,Put,10,20,0.1,0.2,0.3,0.4,0.5
1303,Call,10,20,0.1,0.2,0.3,0.4,0.5
1303,Put,10,20,0.1,0.2,0.3,0.4,0.5
1304,Call,10,20,0.1,0.2,0.3,0.4,0.5
1304,Put,10,20,0.1,0.2,0.3,0.4,0.5
1305,Call,10,20,0.1,0.2,0.3,0.4,0.5
1305,Put,10,20,0.1,0.2,0.3,0.4,0.5
1306,Call,10,20,0.1,0.2,0.3,0.4,0.5
1306,Put,10,20,0.1,0.2,0.3,0.4,0.5
1307,Call,10,20,0.1,0.2,0.3,0.4,0.5
1307,Put,10,20,0.1,0.2,0.3,0.4,0.5
1308,Call,10,20,0.1,0.2,0.3,0.4,0.5
1308,Put,10,20,0.1,0.2,0.3,0.4,0.5
1309,Call,10,20,0.1,0.2,0.3,0.4,0.5
1309,Put,10,20,0.1,0.2,0.3,0.4,0.5
1310,Call,10,20,0.1,0.2,0.3,0.4,0.5
1310,Put,10,20,0.1,0.2,0.3,0.4,0.5
1311,Call,10,20,0.1,0.2,0.3,0.4,0.5
1311,Put,10,20,0.1,0.2,0.3,0.4,0.5
1312,Call,10,20,0.1,0.2,0.3,0.4,0.5
1312,Put,10,20,0.1,0.2,0.3,0.4,0.5
1313,Call,10,20,0.1,0.2,0.3,0.4,0.5
1313,Put,10,20,0.1,0.2,0.3,0.4,0.5
1314,Call,10,20,0.1,0.2,0.3,0.4,0.5
1314,Put,10,20,0.1,0.2,0.3,0.4,0.5
1315,Call,10,20,0.1,0.2,0.3,0.4,0.5
1315,Put,10,20,0.1,0.2,0.3,0.4,0.5
1316,Call,10,20,0.1,0.2,0.3,0.4,0.5
1316,Put,10,20,0.1,0.2,0.3,0.4,0.5
1317,Call,10,20,0.1,0.2,0.3,0.4,0.5
1317,Put,10,20,0.1,0.2,0.3,0.4,0.5
1318,Call,10,20,0.1,0.2,0.3,0.4,0.5
1318,Put,10,20,0.1,0.2,0.3,0.4,0.5
1319,Call,10,20,0.1,0.2,0.3,0.4,0.5
1319,Put,10,20,0.1,0.2,0.3,0.4,0.5
1320,Call,10,20,0.1,0.2,0.3,0.4,0.5
1320,Put,10,20,0.1,0.2,0.3,0.4,0.5
1321,Call,10,20,0.1,0.2,0.3,0.4,0.5
1321,Put,10,20,0.1,0.2,0.3,0.4,0.5
1322,Call,10,20,0.1,0.2,0.3,0.4,0.5
1322,Put,10,20,0.1,0.2,0.3,0.4,0.5
1323,Call,10,20,0.1,0.2,0.3,0.4,0.5
1323,Put,10,20,0.1,0.2,0.3,0.4,0.5
1324,Call,10,20,0.1,0.2,0.3,0.4,0.5
1324,Put,10,20,0.1,0.2,0.3,0.4,0.5
1325,Call,10,20,0.1,0.2,0.3,0.4,0.5
1325,Put,10,20,0.1,0.2,0.3,0.4,0.5
1326,Call,10,20,0.1,0.2,0.3,0.4,0.5
1326,Put,10,20,0.1,0.2,0.3,0.4,0.5
1327,Call,10,20,0.1,0.2,0.3,0.4,0.5
1327,Put,10,20,0.1,0.2,0.3,0.4,0.5
1328,Call,10,20,0.1,0.2,0.3,0.4,0.5
1328,Put,10,20,0.1,0.2,0.3,0.4,0.5
1329,Call,10,20,0.1,0.2,0.3,0.4,0.5
1329,Put,10,20,0.1,0.2,0.3,0.4,0.5
1330,Call,10,20,0.1,0.2,0.3,0.4,0.5
1330,Put,10,20,0.1,0.2,0.3,0.4,0.5
1331,Call,10,20,0.1,0.2,0.3,0.4,0.5
1331,Put,10,20,0.1,0.2,0.3,0.4,0.5
1332,Call,10,20,0.1,0.2,0.3,0.4,0.5
1332,Put,10,20,0.1,0.2,0.3,0.4,0.5
1333,Call,10,20,0.1,0.2,0.3,0.4,0.5
1333,Put,10,20,0.1,0.2,0.3,0.4,0.5
1334,Call,10,20,0.1,0.2,0.3,0.4,0.5
1334,Put,10,20,0.1,0.2,0.3,0.4,0.5
1335,Call,10,20,0.1,0.2,0.3,0.4,0.5
1335,Put,10,20,0.1,0.2,0.3,0.4,0.5
1336,Call,10,20,0.1,0.2,0.3,0.4,0.5
1336,Put,10,20,0.1,0.2,0.3,0.4,0.5
1337,Call,10,20,0.1,0.2,0.3,0.4,0.5
1337,Put,10,20,0.1,0.2,0.3,0.4,0.5
1338,Call,10,20,0.1,0.2,0.3,0.4,0.5
1338,Put,10,20,0.1,0.2,0.3,0.4,0.5
1339,Call,10,20,0.1,0.2,0.3,0.4,0.5
1339,Put,10,20,0.1,0.2,0.3,0.4,0.5
1340,Call,10,20,0.1,0.2,0.3,0.4,0.5
1340,Put,10,20,0.1,0.2,0.3,0.4,0.5
1341,Call,10,20,0.1,0.2,0.3,0.4,0.5
1341,Put,10,20,0.1,0.2,0.3,0.4,0.5
1342,Call,10,20,0.1,0.2,0.3,0.4,0.5
1342,Put,10,20,0.1,0.2,0.3,0.4,0.5
1343,Call,10,20,0.1,0.2,0.3,0.4,0.5
1343,Put,10,20,0.1,0.2,0.3,0.4,0.5
1344,Call,10,20,0.1,0.2,0.3,0.4,0.5
1344,Put,10,20,0.1,0.2,0.3,0.4,0.5
1345,Call,10,20,0.1,0.2,0.3,0.4,0.5
1345,Put,10,20,0.1,0.2,0.3,0.4,0.5
1346,Call,10,20,0.1,0.2,0.3,0.4,0.5
1346,Put,10,20,0.1,0.2,0.3,0.4,0.5
1347,Call,10,20,0.1,0.2,0.3,0.4,0.5
1347,Put,10,20,0.1,0.2,0.3,0.4,0.5
1348,Call,10,20,0.1,0.2,0.3,0.4,0.5
1348,Put,10,20,0.1,0.2,0.3,0.4,0.5
1349,Call,10,20,0.1,0.2,0.3,0.4,0.5
1349,Put,10,20,0.1,0.2,0.3,0.4,0.5
1350,Call,10,20,0.1,0.2,0.3,0.4,0.5
1350,Put,10,20,0.1,0.2,0.3,0.4,0.5
1351,Call,10,20,0.1,0.2,0.3,0.4,0.5
1351,Put,10,20,0.1,0.2,0.3,0.4,0.5
1352,Call,10,20,0.1,0.2,0.3,0.4,0.5
1352,Put,10,20,0.1,0.2,0.3,0.4,0.5
1353,Call,10,20,0.1,0.2,0.3,0.4,0.5
1353,Put,10,20,0.1,0.2,0.3,0.4,0.5
1354,Call,10,20,0.1,0.2,0.3,0.4,0.5
1354,Put,10,20,0.1,0.2,0.3,0.4,0.5
1355,Call,10,20,0.1,0.2,0.3,0.4,0.5
1355,Put,10,20,0.1,0.2,0.3,0.4,0.5
1356,Call,10,20,0.1,0.2,0.3,0.4,0.5
1356,Put,10,20,0.1,0.2,0.3,0.4,0.5
1357,Call,10,20,0.1,0.2,0.3,0.4,0.5
1357,Put,10,20,0.1,0.2,0.3,0.4,0.5
1358,Call,10,20,0.1,0.2,0.3,0.4,0.5
1358,Put,10,20,0.1,0.2,0.3,0.4,0.5
1359,Call,10,20,0.1,0.2,0.3,0.4,0.5
1359,Put,10,20,0.1,0.2,0.3,0.4,0.5
1360,Call,10,20,0.1,0.2,0.3,0.4,0.5
1360,Put,10,20,0.1,0.2,0.3,0.4,0.5
1361,Call,10,20,0.1,0.2,0.3,0.4,0.5
1361,Put,10,20,0.1,0.2,0.3,0.4,0.5
1362,Call,10,20,0.1,0.2,0.3,0.4,0.5
1362,Put,10,20,0.1,0.2,0.3,0.4,0.5
1363,Call,10,20,0.1,0.2,0.3,0.4,0.5
1363,Put,10,20,0.1,0.2,0.3,0.4,0.5
1364,Call,10,20,0.1,0.2,0.3,0.4,0.5
1364,Put,10,20,0.1,0.2,0.3,0.4,0.5
1365,Call,10,20,0.1,0.2,0.3,0.4,0.5
1365,Put,10,20,0.1,0.2,0.3,0.4,0.5
1366,Call,10,20,0.1,0.2,0.3,0.4,0.5
1366,Put,10,20,0.1,0.2,0.3,0.4,0.5
1367,Call,10,20,0.1,0.2,0.3,0.4,0.5
1367,Put,10,20,0.1,0.2,0.3,0.4,0.5
1368,Call,10,20,0.1,0.2,0.3,0.4,0.5
1368,Put,10,20,0.1,0.2,0.3,0.4,0.5
1369,Call,10,20,0.1,0.2,0.3,0.4,0.5
1369,Put,10,20,0.1,0.2,0.3,0.4,0.5
1370,Call,10,20,0.1,0.2,0.3,0.4,0.5
1370,Put,10,20,0.1,0.2,0.3,0.4,0.5
1371,Call,10,20,0.1,0.2,0.3,0.4,0.5
1371,Put,10,20,0.1,0.2,0.3,0.4,0.5
1372,Call,10,20,0.1,0.2,0.3,0.4,0.5
1372,Put,10,20,0.1,0.2,0.3,0.4,0.5
1373,Call,10,20,0.1,0.2,0.3,0.4,0.5
1373,Put,10,20,0.1,0.2,0.3,0.4,0.5
1374,Call,10,20,0.1,0.2,0.3,0.4,0.5
1374,Put,10,20,0.1,0.2,0.3,0.4,0.5
1375,Call,10,20,0.1,0.2,0.3,0.4,0.5
1375,Put,10,20,0.1,0.2,0.3,0.4,0.5
1376,Call,10,20,0.1,0.2,0.3,0.4,0.5
1376,Put,10,20,0.1,0.2,0.3,0.4,0.5
1377,Call,10,20,0.1,0.2,0.3,0.4,0.5
1377,Put,10,20,0.1,0.2,0.3,0.4,0.5
1378,Call,10,20,0.1,0.2,0.3,0.4,0.5
1378,Put,10,20,0.1,0.2,0.3,0.4,0.5
1379,Call,10,20,0.1,0.2,0.3,0.4,0.5
1379,Put,10,20,0.1,0.2,0.3,0.4,0.5
1380,Call,10,20,0.1,0.2,0.3,0.4,0.5
1380,Put,10,20,0.1,0.2,0.3,0.4,0.5
1381,Call,10,20,0.1,0.2,0.3,0.4,0.5
1381,Put,10,20,0.1,0.2,0.3,0.4,0.5
1382,Call,10,20,0.1,0.2,0.3,0.4,0.5
1382,Put,10,20,0.1,0.2,0.3,0.4,0.5
1383,Call,10,20,0.1,0.2,0.3,0.4,0.5
1383,Put,10,20,0.1,0.2,0.3,0.4,0.5
1384,Call,10,20,0.1,0.2,0.3,0.4,0.5
1384,Put,10,20,0.1,0.2,0.3,0.4,0.5
1385,Call,10,20,0.1,0.2,0.3,0.4,0.5
1385,Put,10,20,0.1,0.2,0.3,0.4,0.5
1386,Call,10,20,0.1,0.2,0.3,0.4,0.5
1386,Put,10,20,0.1,0.2,0.3,0.4,0.5
1387,Call,10,20,0.1,0.2,0.3,0.4,0.5
1387,Put,10,20,0.1,0.2,0.3,0.4,0.5
1388,Call,10,20,0.1,0.2,0.3,0.4,0.5
1388,Put,10,20,0.1,0.2,0.3,0.4,0.5
1389,Call,10,20,0.1,0.2,0.3,0.4,0.5
1389,Put,10,20,0.1,0.2,0.3,0.4,0.5
1390,Call,10,20,0.1,0.2,0.3,0.4,0.5
1390,Put,10,20,0.1,0.2,0.3,0.4,0.5
1391,Call,10,20,0.1,0.2,0.3,0.4,0.5
1391,Put,10,20,0.1,0.2,0.3,0.4,0.5
1392,Call,10,20,0.1,0.2,0.3,0.4,0.5
1392,Put,10,20,0.1,0.2,0.3,0.4,0.5
1393,Call,10,20,0.1,0.2,0.3,0.4,0.5
1393,Put,10,20,0.1,0.2,0.3,0.4,0.5
1394,Call,10,20,0.1,0.2,0.3,0.4,0.5
1394,Put,10,20,0.1,0.2,0.3,0.4,0.5
1395,Call,10,20,0.1,0.2,0.3,0.4,0.5
1395,Put,10,20,0.1,0.2,0.3,0.4,0.5
1396,Call,10,20,0.1,0.2,0.3,0.4,0.5
1396,Put,10,20,0.1,0.2,0.3,0.4,0.5
1397,Call,10,20,0.1,0.2,0.3,0.4,0.5
1397,Put,10,20,0.1,0.2,0.3,0.4,0.5
1398,Call,10,20,0.1,0.2,0.3,0.4,0.5
1398,Put,10,20,0.1,0.2,0.3,0.4,0.5
1399,Call,10,20,0.1,0.2,0.3,0.4,0.5
1399,Put,10,20,0.1,0.2,0.3,0.4,0.5
1400,Call,10,20,0.1,0.2,0.3,0.4,0.5
1400,Put,10,20,0.1,0.2,0.3,0.4,0.5
1401,Call,10,20,0.1,0.2,0.3,0.4,0.5
1401,Put,10,20,0.1,0.2,0.3,0.4,0.5
1402,Call,10,20,0.1,0.2,0.3,0.4,0.5
1402,Put,10,20,0.1,0.2,0.3,0.4,0.5
1403,Call,10,20,0.1,0.2,0.3,0.4,0.5
1403,Put,10,20,0.1,0.2,0.3,0.4,0.5
1404,Call,10,20,0.1,0.2,0.3,0.4,0.5
1404,Put,10,20,0.1,0.2,0.3,0.4,0.5
1405,Call,10,20,0.1,0.2,0.3,0.4,0.5
1405,Put,10,20,0.1,0.2,0.3,0.4,0.5
1406,Call,10,20,0.1,0.2,0.3,0.4,0.5
1406,Put,10,20,0.1,0.2,0.3,0.4,0.5
1407,Call,10,20,0.1,0.2,0.3,0.4,0.5
1407,Put,10,20,0.1,0.2,0.3,0.4,0.5
1408,Call,10,20,0.1,0.2,0.3,0.4,0.5
1408,Put,10,20,0.1,0.2,0.3,0.4,0.5
1409,Call,10,20,0.1,0.2,0.3,0.4,0.5
1409,Put,10,20,0.1,0.2,0.3,0.4,0.5
1410,Call,10,20,0.1,0.2,0.3,0.4,0.5
1410,Put,10,20,0.1,0.2,0.3,0.4,0.5
1411,Call,10,20,0.1,0.2,0.3,0.4,0.5
1411,Put,10,20,0.1,0.2,0.3,0.4,0.5
1412,Call,10,20,0.1,0.2,0.3,0.4,0.5
1412,Put,10,20,0.1,0.2,0.3,0.4,0.5
1413,Call,10,20,0.1,0.2,0.3,0.4,0.5
1413,Put,10,20,0.1,0.2,0.3,0.4,0.5
1414,Call,10,20,0.1,0.2,0.3,0.4,0.5
1414,Put,10,20,0.1,0.2,0.3,0.4,0.5
1415,Call,10,20,0.1,0.2,0.3,0.4,0.5
1415,Put,10,20,0.1,0.2,0.3,0.4,0.5
1416,Call,10,20,0.1,0.2,0.3,0.4,0.5
1416,Put,10,20,0.1,0.2,0.3,0.4,0.5
1417,Call,10,20,0.1,0.2,0.3,0.4,0.5
1417,Put,10,20,0.1,0.2,0.3,0.4,0.5
1418,Call,10,20,0.1,0.2,0.3,0.4,0.5
1418,Put,10,20,0.1,0.2,0.3,0.4,0.5
1419,Call,10,20,0.1,0.2,0.3,0.4,0.5
1419,Put,10,20,0.1,0.2,0.3,0.4,0.5
1420,Call,10,20,0.1,0.2,0.3,0.4,0.5
1420,Put,10,20,0.1,0.2,0.3,0.4,0.5
1421,Call,10,20,0.1,0.2,0.3,0.4,0.5
1421,Put,10,20,0.1,0.2,0.3,0.4,0.5
1422,Call,10,20,0.1,0.2,0.3,0.4,0.5
1422,Put,10,20,0.1,0.2,0.3,0.4,0.5
1423,Call,10,20,0.1,0.2,0.3,0.4,0.5
1423,Put,10,20,0.1,0.2,0.3,0.4,0.5
1424,Call,10,20,0.1,0.2,0.3,0.4,0.5
1424,Put,10,20,0.1,0.2,0.3,0.4,0.5
1425,Call,10,20,0.1,0.2,0.3,0.4,0.5
1425,Put,10,20,0.1,0.2,0.3,0.4,0.5
1426,Call,10,20,0.1,0.2,0.3,0.4,0.5
1426,Put,10,20,0.1,0.2,0.3,0.4,0.5
1427,Call,10,20,0.1,0.2,0.3,0.4,0.5
1427,Put,10,20,0.1,0.2,0.3,0.4,0.5
1428,Call,10,20,0.1,0.2,0.3,0.4,0.5
1428,Put,10,20,0.1,0.2,0.3,0.4,0.5
1429,Call,10,20,0.1,0.2,0.3,0.4,0.5
1429,Put,10,20,0.1,0.2,0.3,0.4,0.5
1430,Call,10,20,0.1,0.2,0.3,0.4,0.5
1430,Put,10,20,0.1,0.2,0.3,0.4,0.5
1431,Call,10,20,0.1,0.2,0.3,0.4,0.5
1431,Put,10,20,0.1,0.2,0.3,0.4,0.5
1432,Call,10,20,0.1,0.2,0.3,0.4,0.5
1432,Put,10,20,0.1,0.2,0.3,0.4,0.5
1433,Call,10,20,0.1,0.2,0.3,0.4,0.5
1433,Put,10,20,0.1,0.2,0.3,0.4,0.5
1434,Call,10,20,0.1,0.2,0.3,0.4,0.5
1434,Put,10,20,0.1,0.2,0.3,0.4,0.5
1435,Call,10,20,0.1,0.2,0.3,0.4,0.5
1435,Put,10,20,0.1,0.2,0.3,0.4,0.5
1436,Call,10,20,0.1,0.2,0.3,0.4,0.5
1436,Put,10,20,0.1,0.2,0.3,0.4,0.5
1437,Call,10,20,0.1,0.2,0.3,0.4,0.5
1437,Put,10,20,0.1,0.2,0.3,0.4,0.5
1438,Call,10,20,0.1,0.2,0.3,0.4,0.5
1438,Put,10,20,0.1,0.2,0.3,0.4,0.5
1439,Call,10,20,0.1,0.2,0.3,0.4,0.5
1439,Put,10,20,0.1,0.2,0.3,0.4,0.5
1440,Call,10,20,0.1,0.2,0.3,0.4,0.5
1440,Put,10,20,0.1,0.2,0.3,0.4,0.5
1441,Call,10,20,0.1,0.2,0.3,0.4,0.5
1441,Put,10,20,0.1,0.2,0.3,0.4,0.5
1442,Call,10,20,0.1,0.2,0.3,0.4,0.5
1442,Put,10,20,0.1,0.2,0.3,0.4,0.5
1443,Call,10,20,0.1,0.2,0.3,0.4,0.5
1443,Put,10,20,0.1,0.2,0.3,0.4,0.5
1444,Call,10,20,0.1,0.2,0.3,0.4,0.5
1444,Put,10,20,0.1,0.2,0.3,0.4,0.5
1445,Call,10,20,0.1,0.2,0.3,0.4,0.5
1445,Put,10,20,0.1,0.2,0.3,0.4,0.5
1446,Call,10,20,0.1,0.2,0.3,0.4,0.5
1446,Put,10,20,0.1,0.2,0.3,0.4,0.5
1447,Call,10,20,0.1,0.2,0.3,0.4,0.5
1447,Put,10,20,0.1,0.2,0.3,0.4,0.5
1448,Call,10,20,0.1,0.2,0.3,0.4,0.5
1448,Put,10,20,0.1,0.2,0.3,0.4,0.5
1449,Call,10,20,0.1,0.2,0.3,0.4,0.5
1449,Put,10,20,0.1,0.2,0.3,0.4,0.5
1450,Call,10,20,0.1,0.2,0.3,0.4,0.5
1450,Put,10,20,0.1,0.2,0.3,0.4,0.5
1451,Call,10,20,0.1,0.2,0.3,0.4,0.5
1451,Put,10,20,0.1,0.2,0.3,0.4,0.5
1452,Call,10,20,0.1,0.2,0.3,0.4,0.5
1452,Put,10,20,0.1,0.2,0.3,0.4,0.5
1453,Call,10,20,0.1,0.2,0.3,0.4,0.5
1453,Put,10,20,0.1,0.2,0.3,0.4,0.5
1454,Call,10,20,0.1,0.2,0.3,0.4,0.5
1454,Put,10,20,0.1,0.2,0.3,0.4,0.5
1455,Call,10,20,0.1,0.2,0.3,0.4,0.5
1455,Put,10,20,0.1,0.2,0.3,0.4,0.5
1456,Call,10,20,0.1,0.2,0.3,0.4,0.5
1456,Put,10,20,0.1,0.2,0.3,0.4,0.5
1457,Call,10,20,0.1,0.2,0.3,0.4,0.5
1457,Put,10,20,0.1,0.2,0.3,0.4,0.5
1458,Call,10,20,0.1,0.2,0.3,0.4,0.5
1458,Put,10,20,0.1,0.2,0.3,0.4,0.5
1459,Call,10,20,0.1,0.2,0.3,0.4,0.5
1459,Put,10,20,0.1,0.2,0.3,0.4,0.5
1460,Call,10,20,0.1,0.2,0.3,0.4,0.5
1460,Put,10,20,0.1,0.2,0.3,0.4,0.5
1461,Call,10,20,0.1,0.2,0.3,0.4,0.5
1461,Put,10,20,0.1,0.2,0.3,0.4,0.5
1462,Call,10,20,0.1,0.2,0.3,0.4,0.5
1462,Put,10,20,0.1,0.2,0.3,0.4,0.5
1463,Call,10,20,0.1,0.2,0.3,0.4,0.5
1463,Put,10,20,0.1,0.2,0.3,0.4,0.5
1464,Call,10,20,0.1,0.2,0.3,0.4,0.5
1464,Put,10,20,0.1,0.2,0.3,0.4,0.5
1465,Call,10,20,0.1,0.2,0.3,0.4,0.5
1465,Put,10,20,0.1,0.2,0.3,0.4,0.5
1466,Call,10,20,0.1,0.2,0.3,0.4,0.5
1466,Put,10,20,0.1,0.2,0.3,0.4,0.5
1467,Call,10,20,0.1,0.2,0.3,0.4,0.5
1467,Put,10,20,0.1,0.2,0.3,0.4,0.5
1468,Call,10,20,0.1,0.2,0.3,0.4,0.5
1468,Put,10,20,0.1,0.2,0.3,0.4,0.5
1469,Call,10,20,0.1,0.2,0.3,0.4,0.5
1469,Put,10,20,0.1,0.2,0.3,0.4,0.5
1470,Call,10,20,0.1,0.2,0.3,0.4,0.5
1470,Put,10,20,0.1,0.2,0.3,0.4,0.5
1471,Call,10,20,0.1,0.2,0.3,0.4,0.5
1471,Put,10,20,0.1,0.2,0.3,0.4,0.5
1472,Call,10,20,0.1,0.2,0.3,0.4,0.5
1472,Put,10,20,0.1,0.2,0.3,0.4,0.5
1473,Call,10,20,0.1,0.2,0.3,0.4,0.5
1473,Put,10,20,0.1,0.2,0.3,0.4,0.5
1474,Call,10,20,0.1,0.2,0.3,0.4,0.5
1474,Put,10,20,0.1,0.2,0.3,0.4,0.5
1475,Call,10,20,0.1,0.2,0.3,0.4,0.5
1475,Put,10,20,0.1,0.2,0.3,0.4,0.5
1476,Call,10,20,0.1,0.2,0.3,0.4,0.5
1476,Put,10,20,0.1,0.2,0.3,0.4,0.5
1477,Call,10,20,0.1,0.2,0.3,0.4,0.5
1477,Put,10,20,0.1,0.2,0.3,0.4,0.5
1478,Call,10,20,0.1,0.2,0.3,0.4,0.5
1478,Put,10,20,0.1,0.2,0.3,0.4,0.5
1479,Call,10,20,0.1,0.2,0.3,0.4,0.5
1479,Put,10,20,0.1,0.2,0.3,0.4,0.5
1480,Call,10,20,0.1,0.2,0.3,0.4,0.5
1480,Put,10,20,0.1,0.2,0.3,0.4,0.5
1481,Call,10,20,0.1,0.2,0.3,0.4,0.5
1481,Put,10,20,0.1,0.2,0.3,0.4,0.5
1482,Call,10,20,0.1,0.2,0.3,0.4,0.5
1482,Put,10,20,0.1,0.2,0.3,0.4,0.5
1483,Call,10,20,0.1,0.2,0.3,0.4,0.5
1483,Put,10,20,0.1,0.2,0.3,0.4,0.5
1484,Call,10,20,0.1,0.2,0.3,0.4,0.5
1484,Put,10,20,0.1,0.2,0.3,0.4,0.5
1485,Call,10,20,0.1,0.2,0.3,0.4,0.5
1485,Put,10,20,0.1,0.2,0.3,0.4,0.5
1486,Call,10,20,0.1,0.2,0.3,0.4,0.5
1486,Put,10,20,0.1,0.2,0.3,0.4,0.5
1487,Call,10,20,0.1,0.2,0.3,0.4,0.5
1487,Put,10,20,0.1,0.2,0.3,0.4,0.5
1488,Call,10,20,0.1,0.2,0.3,0.4,0.5
1488,Put,10,20,0.1,0.2,0.3,0.4,0.5
1489,Call,10,20,0.1,0.2,0.3,0.4,0.5
1489,Put,10,20,0.1,0.2,0.3,0.4,0.5
1490,Call,10,20,0.1,0.2,0.3,0.4,0.5
1490,Put,10,20,0.1,0.2,0.3,0.4,0.5
1491,Call,10,20,0.1,0.2,0.3,0.4,0.5
1491,Put,10,20,0.1,0.2,0.3,0.4,0.5
1492,Call,10,20,0.1,0.2,0.3,0.4,0.5
1492,Put,10,20,0.1,0.2,0.3,0.4,0.5
1493,Call,10,20,0.1,0.2,0.3,0.4,0.5
1493,Put,10,20,0.1,0.2,0.3,0.4,0.5
1494,Call,10,20,0.1,0.2,0.3,0.4,0.5
1494,Put,10,20,0.1,0.2,0.3,0.4,0.5
1495,Call,10,20,0.1,0.2,0.3,0.4,0.5
1495,Put,10,20,0.1,0.2,0.3,0.4,0.5
1496,Call,10,20,0.1,0.2,0.3,0.4,0.5
1496,Put,10,20,0.1,0.2,0.3,0.4,0.5
1497,Call,10,20,0.1,0.2,0.3,0.4,0.5
1497,Put,10,20,0.1,0.2,0.3,0.4,0.5
1498,Call,10,20,0.1,0.2,0.3,0.4,0.5
1498,Put,10,20,0.1,0.2,0.3,0.4,0.5
1499,Call,10,20,0.1,0.2,0.3,0.4,0.5
1499,Put,10,20,0.1,0.2,0.3,0.4,0.5
1500,Call,10,20,0.1,0.2,0.3,0.4,0.5
1500,Put,10,20,0.1,0.2,0.3,0.4,0.5
1501,Call,10,20,0.1,0.2,0.3,0.4,0.5
1501,Put,10,20,0.1,0.2,0.3,0.4,0.5
1502,Call,10,20,0.1,0.2,0.3,0.4,0.5
1502,Put,10,20,0.1,0.2,0.3,0.4,0.5
1503,Call,10,20,0.1,0.2,0.3,0.4,0.5
1503,Put,10,20,0.1,0.2,0.3,0.4,0.5
1504,Call,10,20,0.1,0.2,0.3,0.4,0.5
1504,Put,10,20,0.1,0.2,0.3,0.4,0.5
1505,Call,10,20,0.1,0.2,0.3,0.4,0.5
1505,Put,10,20,0.1,0.2,0.3,0.4,0.5
1506,Call,10,20,0.1,0.2,0.3,0.4,0.5
1506,Put,10,20,0.1,0.2,0.3,0.4,0.5
1507,Call,10,20,0.1,0.2,0.3,0.4,0.5
1507,Put,10,20,0.1,0.2,0.3,0.4,0.5
1508,Call,10,20,0.1,0.2,0.3,0.4,0.5
1508,Put,10,20,0.1,0.2,0.3,0.4,0.5
1509,Call,10,20,0.1,0.2,0.3,0.4,0.5
1509,Put,10,20,0.1,0.2,0.3,0.4,0.5
1510,Call,10,20,0.1,0.2,0.3,0.4,0.5
1510,Put,10,20,0.1,0.2,0.3,0.4,0.5
1511,Call,10,20,0.1,0.2,0.3,0.4,0.5
1511,Put,10,20,0.1,0.2,0.3,0.4,0.5
1512,Call,10,20,0.1,0.2,0.3,0.4,0.5
1512,Put,10,20,0.1,0.2,0.3,0.4,0.5
1513,Call,10,20,0.1,0.2,0.3,0.4,0.5
1513,Put,10,20,0.1,0.2,0.3,0.4,0.5
1514,Call,10,20,0.1,0.2,0.3,0.4,0.5
1514,Put,10,20,0.1,0.2,0.3,0.4,0.5
1515,Call,10,20,0.1,0.2,0.3,0.4,0.5
1515,Put,10,20,0.1,0.2,0.3,0.4,0.5
1516,Call,10,20,0.1,0.2,0.3,0.4,0.5
1516,Put,10,20,0.1,0.2,0.3,0.4,0.5
1517,Call,10,20,0.1,0.2,0.3,0.4,0.5
1517,Put,10,20,0.1,0.2,0.3,0.4,0.5
1518,Call,10,20,0.1,0.2,0.3,0.4,0.5
1518,Put,10,20,0.1,0.2,0.3,0.4,0.5
1519,Call,10,20,0.1,0.2,0.3,0.4,0.5
1519,Put,10,20,0.1,0.2,0.3,0.4,0.5
1520,Call,10,20,0.1,0.2,0.3,0.4,0.5
1520,Put,10,20,0.1,0.2,0.3,0.4,0.5
1521,Call,10,20,0.1,0.2,0.3,0.4,0.5
1521,Put,10,20,0.1,0.2,0.3,0.4,0.5
1522,Call,10,20,0.1,0.2,0.3,0.4,0.5
1522,Put,10,20,0.1,0.2,0.3,0.4,0.5
1523,Call,10,20,0.1,0.2,0.3,0.4,0.5
1523,Put,10,20,0.1,0.2,0.3,0.4,0.5
1524,Call,10,20,0.1,0.2,0.3,0.4,0.5
1524,Put,10,20,0.1,0.2,0.3,0.4,0.5
1525,Call,10,20,0.1,0.2,0.3,0.4,0.5
1525,Put,10,20,0.1,0.2,0.3,0.4,0.5
1526,Call,10,20,0.1,0.2,0.3,0.4,0.5
1526,Put,10,20,0.1,0.2,0.3,0.4,0.5
1527,Call,10,20,0.1,0.2,0.3,0.4,0.5
1527,Put,10,20,0.1,0.2,0.3,0.4,0.5
1528,Call,10,20,0.1,0.2,0.3,0.4,0.5
1528,Put,10,20,0.1,0.2,0.3,0.4,0.5
1529,Call,10,20,0.1,0.2,0.3,0.4,0.5
1529,Put,10,20,0.1,0.2,0.3,0.4,0.5
1530,Call,10,20,0.1,0.2,0.3,0.4,0.5
1530,Put,10,20,0.1,0.2,0.3,0.4,0.5
1531,Call,10,20,0.1,0.2,0.3,0.4,0.5
1531,Put,10,20,0.1,0.2,0.3,0.4,0.5
1532,Call,10,20,0.1,0.2,0.3,0.4,0.5
1532,Put,10,20,0.1,0.2,0.3,0.4,0.5
1533,Call,10,20,0.1,0.2,0.3,0.4,0.5
1533,Put,10,20,0.1,0.2,0.3,0.4,0.5
1534,Call,10,20,0.1,0.2,0.3,0.4,0.5
1534,Put,10,20,0.1,0.2,0.3,0.4,0.5
1535,Call,10,20,0.1,0.2,0.3,0.4,0.5
1535,Put,10,20,0.1,0.2,0.3,0.4,0.5
1536,Call,10,20,0.1,0.2,0.3,0.4,0.5
1536,Put,10,20,0.1,0.2,0.3,0.4,0.5
1537,Call,10,20,0.1,0.2,0.3,0.4,0.5
1537,Put,10,20,0.1,0.2,0.3,0.4,0.5
1538,Call,10,20,0.1,0.2,0.3,0.4,0.5
1538,Put,10,20,0.1,0.2,0.3,0.4,0.5
1539,Call,10,20,0.1,0.2,0.3,0.4,0.5
1539,Put,10,20,0.1,0.2,0.3,0.4,0.5
1540,Call,10,20,0.1,0.2,0.3,0.4,0.5
1540,Put,10,20,0.1,0.2,0.3,0.4,0.5
1541,Call,10,20,0.1,0.2,0.3,0.4,0.5
1541,Put,10,20,0.1,0.2,0.3,0.4,0.5
1542,Call,10,20,0.1,0.2,0.3,0.4,0.5
1542,Put,10,20,0.1,0.2,0.3,0.4,0.5
1543,Call,10,20,0.1,0.2,0.3,0.4,0.5
1543,Put,10,20,0.1,0.2,0.3,0.4,0.5
1544,Call,10,20,0.1,0.2,0.3,0.4,0.5
1544,Put,10,20,0.1,0.2,0.3,0.4,0.5
1545,Call,10,20,0.1,0.2,0.3,0.4,0.5
1545,Put,10,20,0.1,0.2,0.3,0.4,0.5
1546,Call,10,20,0.1,0.2,0.3,0.4,0.5
1546,Put,10,20,0.1,0.2,0.3,0.4,0.5
1547,Call,10,20,0.1,0.2,0.3,0.4,0.5
1547,Put,10,20,0.1,0.2,0.3,0.4,0.5
1548,Call,10,20,0.1,0.2,0.3,0.4,0.5
1548,Put,10,20,0.1,0.2,0.3,0.4,0.5
1549,Call,10,20,0.1,0.2,0.3,0.4,0.5
1549,Put,10,20,0.1,0.2,0.3,0.4,0.5
1550,Call,10,20,0.1,0.2,0.3,0.4,0.5
1550,Put,10,20,0.1,0.2,0.3,0.4,0.5
1551,Call,10,20,0.1,0.2,0.3,0.4,0.5
1551,Put,10,20,0.1,0.2,0.3,0.4,0.5
1552,Call,10,20,0.1,0.2,0.3,0.4,0.5
1552,Put,10,20,0.1,0.2,0.3,0.4,0.5
1553,Call,10,20,0.1,0.2,0.3,0.4,0.5
1553,Put,10,20,0.1,0.2,0.3,0.4,0.5
1554,Call,10,20,0.1,0.2,0.3,0.4,0.5
1554,Put,10,20,0.1,0.2,0.3,0.4,0.5
1555,Call,10,20,0.1,0.2,0.3,0.4,0.5
1555,Put,10,20,0.1,0.2,0.3,0.4,0.5
1556,Call,10,20,0.1,0.2,0.3,0.4,0.5
1556,Put,10,20,0.1,0.2,0.3,0.4,0.5
1557,Call,10,20,0.1,0.2,0.3,0.4,0.5
1557,Put,10,20,0.1,0.2,0.3,0.4,0.5
1558,Call,10,20,0.1,0.2,0.3,0.4,0.5
1558,Put,10,20,0.1,0.2,0.3,0.4,0.5
1559,Call,10,20,0.1,0.2,0.3,0.4,0.5
1559,Put,10,20,0.1,0.2,0.3,0.4,0.5
1560,Call,10,20,0.1,0.2,0.3,0.4,0.5
1560,Put,10,20,0.1,0.2,0.3,0.4,0.5
1561,Call,10,20,0.1,0.2,0.3,0.4,0.5
1561,Put,10,20,0.1,0.2,0.3,0.4,0.5
1562,Call,10,20,0.1,0.2,0.3,0.4,0.5
1562,Put,10,20,0.1,0.2,0.3,0.4,0.5
1563,Call,10,20,0.1,0.2,0.3,0.4,0.5
1563,Put,10,20,0.1,0.2,0.3,0.4,0.5
1564,Call,10,20,0.1,0.2,0.3,0.4,0.5
1564,Put,10,20,0.1,0.2,0.3,0.4,0.5
1565,Call,10,20,0.1,0.2,0.3,0.4,0.5
1565,Put,10,20,0.1,0.2,0.3,0.4,0.5
1566,Call,10,20,0.1,0.2,0.3,0.4,0.5
1566,Put,10,20,0.1,0.2,0.3,0.4,0.5
1567,Call,10,20,0.1,0.2,0.3,0.4,0.5
1567,Put,10,20,0.1,0.2,0.3,0.4,0.5
1568,Call,10,20,0.1,0.2,0.3,0.4,0.5
1568,Put,10,20,0.1,0.2,0.3,0.4,0.5
1569,Call,10,20,0.1,0.2,0.3,0.4,0.5
1569,Put,10,20,0.1,0.2,0.3,0.4,0.5
1570,Call,10,20,0.1,0.2,0.3,0.4,0.5
1570,Put,10,20,0.1,0.2,0.3,0.4,0.5
1571,Call,10,20,0.1,0.2,0.3,0.4,0.5
1571,Put,10,20,0.1,0.2,0.3,0.4,0.5
1572,Call,10,20,0.1,0.2,0.3,0.4,0.5
1572,Put,10,20,0.1,0.2,0.3,0.4,0.5
1573,Call,10,20,0.1,0.2,0.3,0.4,0.5
1573,Put,10,20,0.1,0.2,0.3,0.4,0.5
1574,Call,10,20,0.1,0.2,0.3,0.4,0.5
1574,Put,10,20,0.1,0.2,0.3,0.4,0.5
1575,Call,10,20,0.1,0.2,0.3,0.4,0.5
1575,Put,10,20,0.1,0.2,0.3,0.4,0.5
1576,Call,10,20,0.1,0.2,0.3,0.4,0.5
1576,Put,10,20,0.1,0.2,0.3,0.4,0.5
1577,Call,10,20,0.1,0.2,0.3,0.4,0.5
1577,Put,10,20,0.1,0.2,0.3,0.4,0.5
1578,Call,10,20,0.1,0.2,0.3,0.4,0.5
1578,Put,10,20,0.1,0.2,0.3,0.4,0.5
1579,Call,10,20,0.1,0.2,0.3,0.4,0.5
1579,Put,10,20,0.1,0.2,0.3,0.4,0.5
1580,Call,10,20,0.1,0.2,0.3,0.4,0.5
1580,Put,10,20,0.1,0.2,0.3,0.4,0.5
1581,Call,10,20,0.1,0.2,0.3,0.4,0.5
1581,Put,10,20,0.1,0.2,0.3,0.4,0.5
1582,Call,10,20,0.1,0.2,0.3,0.4,0.5
1582,Put,10,20,0.1,0.2,0.3,0.4,0.5
1583,Call,10,20,0.1,0.2,0.3,0.4,0.5
1583,Put,10,20,0.1,0.2,0.3,0.4,0.5
1584,Call,10,20,0.1,0.2,0.3,0.4,0.5
1584,Put,10,20,0.1,0.2,0.3,0.4,0.5
1585,Call,10,20,0.1,0.2,0.3,0.4,0.5
1585,Put,10,20,0.1,0.2,0.3,0.4,0.5
1586,Call,10,20,0.1,0.2,0.3,0.4,0.5
1586,Put,10,20,0.1,0.2,0.3,0.4,0.5
1587,Call,10,20,0.1,0.2,0.3,0.4,0.5
1587,Put,10,20,0.1,0.2,0.3,0.4,0.5
1588,Call,10,20,0.1,0.2,0.3,0.4,0.5
1588,Put,10,20,0.1,0.2,0.3,0.4,0.5
1589,Call,10,20,0.1,0.2,0.3,0.4,0.5
1589,Put,10,20,0.1,0.2,0.3,0.4,0.5
1590,Call,10,20,0.1,0.2,0.3,0.4,0.5
1590,Put,10,20,0.1,0.2,0.3,0.4,0.5
1591,Call,10,20,0.1,0.2,0.3,0.4,0.5
1591,Put,10,20,0.1,0.2,0.3,0.4,0.5
1592,Call,10,20,0.1,0.2,0.3,0.4,0.5
1592,Put,10,20,0.1,0.2,0.3,0.4,0.5
1593,Call,10,20,0.1,0.2,0.3,0.4,0.5
1593,Put,10,20,0.1,0.2,0.3,0.4,0.5
1594,Call,10,20,0.1,0.2,0.3,0.4,0.5
1594,Put,10,20,0.1,0.2,0.3,0.4,0.5
1595,Call,10,20,0.1,0.2,0.3,0.4,0.5
1595,Put,10,20,0.1,0.2,0.3,0.4,0.5
1596,Call,10,20,0.1,0.2,0.3,0.4,0.5
1596,Put,10,20,0.1,0.2,0.3,0.4,0.5
1597,Call,10,20,0.1,0.2,0.3,0.4,0.5
1597,Put,10,20,0.1,0.2,0.3,0.4,0.5
1598,Call,10,20,0.1,0.2,0.3,0.4,0.5
1598,Put,10,20,0.1,0.2,0.3,0.4,0.5
1599,Call,10,20,0.1,0.2,0.3,0.4,0.5
1599,Put,10,20,0.1,0.2,0.3,0.4,0.5
1600,Call,10,20,0.1,0.2,0.3,0.4,0.5
1600,Put,10,20,0.1,0.2,0.3,0.4,0.5
1601,Call,10,20,0.1,0.2,0.3,0.4,0.5
1601,Put,10,20,0.1,0.2,0.3,0.4,0.5
1602,Call,10,20,0.1,0.2,0.3,0.4,0.5
1602,Put,10,20,0.1,0.2,0.3,0.4,0.5
1603,Call,10,20,0.1,0.2,0.3,0.4,0.5
1603,Put,10,20,0.1,0.2,0.3,0.4,0.5
1604,Call,10,20,0.1,0.2,0.3,0.4,0.5
1604,Put,10,20,0.1,0.2,0.3,0.4,0.5
1605,Call,10,20,0.1,0.2,0.3,0.4,0.5
1605,Put,10,20,0.1,0.2,0.3,0.4,0.5
1606,Call,10,20,0.1,0.2,0.3,0.4,0.5
1606,Put,10,20,0.1,0.2,0.3,0.4,0.5
1607,Call,10,20,0.1,0.2,0.3,0.4,0.5
1607,Put,10,20,0.1,0.2,0.3,0.4,0.5
1608,Call,10,20,0.1,0.2,0.3,0.4,0.5
1608,Put,10,20,0.1,0.2,0.3,0.4,0.5
1609,Call,10,20,0.1,0.2,0.3,0.4,0.5
1609,Put,10,20,0.1,0.2,0.3,0.4,0.5
1610,Call,10,20,0.1,0.2,0.3,0.4,0.5
1610,Put,10,20,0.1,0.2,0.3,0.4,0.5
1611,Call,10,20,0.1,0.2,0.3,0.4,0.5
1611,Put,10,20,0.1,0.2,0.3,0.4,0.5
1612,Call,10,20,0.1,0.2,0.3,0.4,0.5
1612,Put,10,20,0.1,0.2,0.3,0.4,0.5
1613,Call,10,20,0.1,0.2,0.3,0.4,0.5
1613,Put,10,20,0.1,0.2,0.3,0.4,0.5
1614,Call,10,20,0.1,0.2,0.3,0.4,0.5
1614,Put,10,20,0.1,0.2,0.3,0.4,0.5
1615,Call,10,20,0.1,0.2,0.3,0.4,0.5
1615,Put,10,20,0.1,0.2,0.3,0.4,0.5
1616,Call,10,20,0.1,0.2,0.3,0.4,0.5
1616,Put,10,20,0.1,0.2,0.3,0.4,0.5
1617,Call,10,20,0.1,0.2,0.3,0.4,0.5
1617,Put,10,20,0.1,0.2,0.3,0.4,0.5
1618,Call,10,20,0.1,0.2,0.3,0.4,0.5
1618,Put,10,20,0.1,0.2,0.3,0.4,0.5
1619,Call,10,20,0.1,0.2,0.3,0.4,0.5
1619,Put,10,20,0.1,0.2,0.3,0.4,0.5
1620,Call,10,20,0.1,0.2,0.3,0.4,0.5
1620,Put,10,20,0.1,0.2,0.3,0.4,0.5
1621,Call,10,20,0.1,0.2,0.3,0.4,0.5
1621,Put,10,20,0.1,0.2,0.3,0.4,0.5
1622,Call,10,20,0.1,0.2,0.3,0.4,0.5
1622,Put,10,20,0.1,0.2,0.3,0.4,0.5
1623,Call,10,20,0.1,0.2,0.3,0.4,0.5
1623,Put,10,20,0.1,0.2,0.3,0.4,0.5
1624,Call,10,20,0.1,0.2,0.3,0.4,0.5
1624,Put,10,20,0.1,0.2,0.3,0.4,0.5
1625,Call,10,20,0.1,0.2,0.3,0.4,0.5
1625,Put,10,20,0.1,0.2,0.3,0.4,0.5
1626,Call,10,20,0.1,0.2,0.3,0.4,0.5
1626,Put,10,20,0.1,0.2,0.3,0.4,0.5
1627,Call,10,20,0.1,0.2,0.3,0.4,0.5
1627,Put,10,20,0.1,0.2,0.3,0.4,0.5
1628,Call,10,20,0.1,0.2,0.3,0.4,0.5
1628,Put,10,20,0.1,0.2,0.3,0.4,0.5
1629,Call,10,20,0.1,0.2,0.3,0.4,0.5
1629,Put,10,20,0.1,0.2,0.3,0.4,0.5
1630,Call,10,20,0.1,0.2,0.3,0.4,0.5
1630,Put,10,20,0.1,0.2,0.3,0.4,0.5
1631,Call,10,20,0.1,0.2,0.3,0.4,0.5
1631,Put,10,20,0.1,0.2,0.3,0.4,0.5
1632,Call,10,20,0.1,0.2,0.3,0.4,0.5
1632,Put,10,20,0.1,0.2,0.3,0.4,0.5
1633,Call,10,20,0.1,0.2,0.3,0.4,0.5
1633,Put,10,20,0.1,0.2,0.3,0.4,0.5
1634,Call,10,20,0.1,0.2,0.3,0.4,0.5
1634,Put,10,20,0.1,0.2,0.3,0.4,0.5
1635,Call,10,20,0.1,0.2,0.3,0.4,0.5
1635,Put,10,20,0.1,0.2,0.3,0.4,0.5
1636,Call,10,20,0.1,0.2,0.3,0.4,0.5
1636,Put,10,20,0.1,0.2,0.3,0.4,0.5
1637,Call,10,20,0.1,0.2,0.3,0.4,0.5
1637,Put,10,20,0.1,0.2,0.3,0.4,0.5
1638,Call,10,20,0.1,0.2,0.3,0.4,0.5
1638,Put,10,20,0.1,0.2,0.3,0.4,0.5
1639,Call,10,20,0.1,0.2,0.3,0.4,0.5
1639,Put,10,20,0.1,0.2,0.3,0.4,0.5
1640,Call,10,20,0.1,0.2,0.3,0.4,0.5
1640,Put,10,20,0.1,0.2,0.3,0.4,0.5
1641,Call,10,20,0.1,0.2,0.3,0.4,0.5
1641,Put,10,20,0.1,0.2,0.3,0.4,0.5
1642,Call,10,20,0.1,0.2,0.3,0.4,0.5
1642,Put,10,20,0.1,0.2,0.3,0.4,0.5
1643,Call,10,20,0.1,0.2,0.3,0.4,0.5
1643,Put,10,20,0.1,0.2,0.3,0.4,0.5
1644,Call,10,20,0.1,0.2,0.3,0.4,0.5
1644,Put,10,20,0.1,0.2,0.3,0.4,0.5
1645,Call,10,20,0.1,0.2,0.3,0.4,0.5
1645,Put,10,20,0.1,0.2,0.3,0.4,0.5
1646,Call,10,20,0.1,0.2,0.3,0.4,0.5
1646,Put,10,20,0.1,0.2,0.3,0.4,0.5
1647,Call,10,20,0.1,0.2,0.3,0.4,0.5
1647,Put,10,20,0.1,0.2,0.3,0.4,0.5
1648,Call,10,20,0.1,0.2,0.3,0.4,0.5
1648,Put,10,20,0.1,0.2,0.3,0.4,0.5
1649,Call,10,20,0.1,0.2,0.3,0.4,0.5
1649,Put,10,20,0.1,0.2,0.3,0.4,0.5
1650,Call,10,20,0.1,0.2,0.3,0.4,0.5
1650,Put,10,20,0.1,0.2,0.3,0.4,0.5
1651,Call,10,20,0.1,0.2,0.3,0.4,0.5
1651,Put,10,20,0.1,0.2,0.3,0.4,0.5
1652,Call,10,20,0.1,0.2,0.3,0.4,0.5
1652,Put,10,20,0.1,0.2,0.3,0.4,0.5
1653,Call,10,20,0.1,0.2,0.3,0.4,0.5
1653,Put,10,20,0.1,0.2,0.3,0.4,0.5
1654,Call,10,20,0.1,0.2,0.3,0.4,0.5
1654,Put,10,20,0.1,0.2,0.3,0.4,0.5
1655,Call,10,20,0.1,0.2,0.3,0.4,0.5
1655,Put,10,20,0.1,0.2,0.3,0.4,0.5
1656,Call,10,20,0.1,0.2,0.3,0.4,0.5
1656,Put,10,20,0.1,0.2,0.3,0.4,0.5
1657,Call,10,20,0.1,0.2,0.3,0.4,0.5
1657,Put,10,20,0.1,0.2,0.3,0.4,0.5
1658,Call,10,20,0.1,0.2,0.3,0.4,0.5
1658,Put,10,20,0.1,0.2,0.3,0.4,0.5
1659,Call,10,20,0.1,0.2,0.3,0.4,0.5
1659,Put,10,20,0.1,0.2,0.3,0.4,0.5
1660,Call,10,20,0.1,0.2,0.3,0.4,0.5
1660,Put,10,20,0.1,0.2,0.3,0.4,0.5
1661,Call,10,20,0.1,0.2,0.3,0.4,0.5
1661,Put,10,20,0.1,0.2,0.3,0.4,0.5
1662,Call,10,20,0.1,0.2,0.3,0.4,0.5
1662,Put,10,20,0.1,0.2,0.3,0.4,0.5
1663,Call,10,20,0.1,0.2,0.3,0.4,0.5
1663,Put,10,20,0.1,0.2,0.3,0.4,0.5
1664,Call,10,20,0.1,0.2,0.3,0.4,0.5
1664,Put,10,20,0.1,0.2,0.3,0.4,0.5
1665,Call,10,20,0.1,0.2,0.3,0.4,0.5
1665,Put,10,20,0.1,0.2,0.3,0.4,0.5
1666,Call,10,20,0.1,0.2,0.3,0.4,0.5
1666,Put,10,20,0.1,0.2,0.3,0.4,0.5
1667,Call,10,20,0.1,0.2,0.3,0.4,0.5
1667,Put,10,20,0.1,0.2,0.3,0.4,0.5
1668,Call,10,20,0.1,0.2,0.3,0.4,0.5
1668,Put,10,20,0.1,0.2,0.3,0.4,0.5
1669,Call,10,20,0.1,0.2,0.3,0.4,0.5
1669,Put,10,20,0.1,0.2,0.3,0.4,0.5
1670,Call,10,20,0.1,0.2,0.3,0.4,0.5
1670,Put,10,20,0.1,0.2,0.3,0.4,0.5
1671,Call,10,20,0.1,0.2,0.3,0.4,0.5
1671,Put,10,20,0.1,0.2,0.3,0.4,0.5
1672,Call,10,20,0.1,0.2,0.3,0.4,0.5
1672,Put,10,20,0.1,0.2,0.3,0.4,0.5
1673,Call,10,20,0.1,0.2,0.3,0.4,0.5
1673,Put,10,20,0.1,0.2,0.3,0.4,0.5
1674,Call,10,20,0.1,0.2,0.3,0.4,0.5
1674,Put,10,20,0.1,0.2,0.3,0.4,0.5
1675,Call,10,20,0.1,0.2,0.3,0.4,0.5
1675,Put,10,20,0.1,0.2,0.3,0.4,0.5
1676,Call,10,20,0.1,0.2,0.3,0.4,0.5
1676,Put,10,20,0.1,0.2,0.3,0.4,0.5
1677,Call,10,20,0.1,0.2,0.3,0.4,0.5
1677,Put,10,20,0.1,0.2,0.3,0.4,0.5
1678,Call,10,20,0.1,0.2,0.3,0.4,0.5
1678,Put,10,20,0.1,0.2,0.3,0.4,0.5
1679,Call,10,20,0.1,0.2,0.3,0.4,0.5
1679,Put,10,20,0.1,0.2,0.3,0.4,0.5
1680,Call,10,20,0.1,0.2,0.3,0.4,0.5
1680,Put,10,20,0.1,0.2,0.3,0.4,0.5
1681,Call,10,20,0.1,0.2,0.3,0.4,0.5
1681,Put,10,20,0.1,0.2,0.3,0.4,0.5
1682,Call,10,20,0.1,0.2,0.3,0.4,0.5
1682,Put,10,20,0.1,0.2,0.3,0.4,0.5
1683,Call,10,20,0.1,0.2,0.3,0.4,0.5
1683,Put,10,20,0.1,0.2,0.3,0.4,0.5
1684,Call,10,20,0.1,0.2,0.3,0.4,0.5
1684,Put,10,20,0.1,0.2,0.3,0.4,0.5
1685,Call,10,20,0.1,0.2,0.3,0.4,0.5
1685,Put,10,20,0.1,0.2,0.3,0.4,0.5
1686,Call,10,20,0.1,0.2,0.3,0.4,0.5
1686,Put,10,20,0.1,0.2,0.3,0.4,0.5
1687,Call,10,20,0.1,0.2,0.3,0.4,0.5
1687,Put,10,20,0.1,0.2,0.3,0.4,0.5
1688,Call,10,20,0.1,0.2,0.3,0.4,0.5
1688,Put,10,20,0.1,0.2,0.3,0.4,0.5
1689,Call,10,20,0.1,0.2,0.3,0.4,0.5
1689,Put,10,20,0.1,0.2,0.3,0.4,0.5
1690,Call,10,20,0.1,0.2,0.3,0.4,0.5
1690,Put,10,20,0.1,0.2,0.3,0.4,0.5
1691,Call,10,20,0.1,0.2,0.3,0.4,0.5
1691,Put,10,20,0.1,0.2,0.3,0.4,0.5
1692,Call,10,20,0.1,0.2,0.3,0.4,0.5
1692,Put,10,20,0.1,0.2,0.3,0.4,0.5
1693,Call,10,20,0.1,0.2,0.3,0.4,0.5
1693,Put,10,20,0.1,0.2,0.3,0.4,0.5
1694,Call,10,20,0.1,0.2,0.3,0.4,0.5
1694,Put,10,20,0.1,0.2,0.3,0.4,0.5
1695,Call,10,20,0.1,0.2,0.3,0.4,0.5
1695,Put,10,20,0.1,0.2,0.3,0.4,0.5
1696,Call,10,20,0.1,0.2,0.3,0.4,0.5
1696,Put,10,20,0.1,0.2,0.3,0.4,0.5
1697,Call,10,20,0.1,0.2,0.3,0.4,0.5
1697,Put,10,20,0.1,0.2,0.3,0.4,0.5
1698,Call,10,20,0.1,0.2,0.3,0.4,0.5
1698,Put,10,20,0.1,0.2,0.3,0.4,0.5
1699,Call,10,20,0.1,0.2,0.3,0.4,0.5
1699,Put,10,20,0.1,0.2,0.3,0.4,0.5
1700,Call,10,20,0.1,0.2,0.3,0.4,0.5
1700,Put,10,20,0.1,0.2,0.3,0.4,0.5
1701,Call,10,20,0.1,0.2,0.3,0.4,0.5
1701,Put,10,20,0.1,0.2,0.3,0.4,0.5
1702,Call,10,20,0.1,0.2,0.3,0.4,0.5
1702,Put,10,20,0.1,0.2,0.3,0.4,0.5
1703,Call,10,20,0.1,0.2,0.3,0.4,0.5
1703,Put,10,20,0.1,0.2,0.3,0.4,0.5
1704,Call,10,20,0.1,0.2,0.3,0.4,0.5
1704,Put,10,20,0.1,0.2,0.3,0.4,0.5
1705,Call,10,20,0.1,0.2,0.3,0.4,0.5
1705,Put,10,20,0.1,0.2,0.3,0.4,0.5
1706,Call,10,20,0.1,0.2,0.3,0.4,0.5
1706,Put,10,20,0.1,0.2,0.3,0.4,0.5
1707,Call,10,20,0.1,0.2,0.3,0.4,0.5
1707,Put,10,20,0.1,0.2,0.3,0.4,0.5
1708,Call,10,20,0.1,0.2,0.3,0.4,0.5
1708,Put,10,20,0.1,0.2,0.3,0.4,0.5
1709,Call,10,20,0.1,0.2,0.3,0.4,0.5
1709,Put,10,20,0.1,0.2,0.3,0.4,0.5
1710,Call,10,20,0.1,0.2,0.3,0.4,0.5
1710,Put,10,20,0.1,0.2,0.3,0.4,0.5
1711,Call,10,20,0.1,0.2,0.3,0.4,0.5
1711,Put,10,20,0.1,0.2,0.3,0.4,0.5
1712,Call,10,20,0.1,0.2,0.3,0.4,0.5
1712,Put,10,20,0.1,0.2,0.3,0.4,0.5
1713,Call,10,20,0.1,0.2,0.3,0.4,0.5
1713,Put,10,20,0.1,0.2,0.3,0.4,0.5
1714,Call,10,20,0.1,0.2,0.3,0.4,0.5
1714,Put,10,20,0.1,0.2,0.3,0.4,0.5
1715,Call,10,20,0.1,0.2,0.3,0.4,0.5
1715,Put,10,20,0.1,0.2,0.3,0.4,0.5
1716,Call,10,20,0.1,0.2,0.3,0.4,0.5
1716,Put,10,20,0.1,0.2,0.3,0.4,0.5
1717,Call,10,20,0.1,0.2,0.3,0.4,0.5
1717,Put,10,20,0.1,0.2,0.3,0.4,0.5
1718,Call,10,20,0.1,0.2,0.3,0.4,0.5
1718,Put,10,20,0.1,0.2,0.3,0.4,0.5
1719,Call,10,20,0.1,0.2,0.3,0.4,0.5
1719,Put,10,20,0.1,0.2,0.3,0.4,0.5
1720,Call,10,20,0.1,0.2,0.3,0.4,0.5
1720,Put,10,20,0.1,0.2,0.3,0.4,0.5
1721,Call,10,20,0.1,0.2,0.3,0.4,0.5
1721,Put,10,20,0.1,0.2,0.3,0.4,0.5
1722,Call,10,20,0.1,0.2,0.3,0.4,0.5
1722,Put,10,20,0.1,0.2,0.3,0.4,0.5
1723,Call,10,20,0.1,0.2,0.3,0.4,0.5
1723,Put,10,20,0.1,0.2,0.3,0.4,0.5
1724,Call,10,20,0.1,0.2,0.3,0.4,0.5
1724,Put,10,20,0.1,0.2,0.3,0.4,0.5
1725,Call,10,20,0.1,0.2,0.3,0.4,0.5
1725,Put,10,20,0.1,0.2,0.3,0.4,0.5
1726,Call,10,20,0.1,0.2,0.3,0.4,0.5
1726,Put,10,20,0.1,0.2,0.3,0.4,0.5
1727,Call,10,20,0.1,0.2,0.3,0.4,0.5
1727,Put,10,20,0.1,0.2,0.3,0.4,0.5
1728,Call,10,20,0.1,0.2,0.3,0.4,0.5
1728,Put,10,20,0.1,0.2,0.3,0.4,0.5
1729,Call,10,20,0.1,0.2,0.3,0.4,0.5
1729,Put,10,20,0.1,0.2,0.3,0.4,0.5
1730,Call,10,20,0.1,0.2,0.3,0.4,0.5
1730,Put,10,20,0.1,0.2,0.3,0.4,0.5
1731,Call,10,20,0.1,0.2,0.3,0.4,0.5
1731,Put,10,20,0.1,0.2,0.3,0.4,0.5
1732,Call,10,20,0.1,0.2,0.3,0.4,0.5
1732,Put,10,20,0.1,0.2,0.3,0.4,0.5
1733,Call,10,20,0.1,0.2,0.3,0.4,0.5
1733,Put,10,20,0.1,0.2,0.3,0.4,0.5
1734,Call,10,20,0.1,0.2,0.3,0.4,0.5
1734,Put,10,20,0.1,0.2,0.3,0.4,0.5
1735,Call,10,20,0.1,0.2,0.3,0.4,0.5
1735,Put,10,20,0.1,0.2,0.3,0.4,0.5
1736,Call,10,20,0.1,0.2,0.3,0.4,0.5
1736,Put,10,20,0.1,0.2,0.3,0.4,0.5
1737,Call,10,20,0.1,0.2,0.3,0.4,0.5
1737,Put,10,20,0.1,0.2,0.3,0.4,0.5
1738,Call,10,20,0.1,0.2,0.3,0.4,0.5
1738,Put,10,20,0.1,0.2,0.3,0.4,0.5
1739,Call,10,20,0.1,0.2,0.3,0.4,0.5
1739,Put,10,20,0.1,0.2,0.3,0.4,0.5
1740,Call,10,20,0.1,0.2,0.3,0.4,0.5
1740,Put,10,20,0.1,0.2,0.3,0.4,0.5
1741,Call,10,20,0.1,0.2,0.3,0.4,0.5
1741,Put,10,20,0.1,0.2,0.3,0.4,0.5
1742,Call,10,20,0.1,0.2,0.3,0.4,0.5
1742,Put,10,20,0.1,0.2,0.3,0.4,0.5
1743,Call,10,20,0.1,0.2,0.3,0.4,0.5
1743,Put,10,20,0.1,0.2,0.3,0.4,0.5
1744,Call,10,20,0.1,0.2,0.3,0.4,0.5
1744,Put,10,20,0.1,0.2,0.3,0.4,0.5
1745,Call,10,20,0.1,0.2,0.3,0.4,0.5
1745,Put,10,20,0.1,0.2,0.3,0.4,0.5
1746,Call,10,20,0.1,0.2,0.3,0.4,0.5
1746,Put,10,20,0.1,0.2,0.3,0.4,0.5
1747,Call,10,20,0.1,0.2,0.3,0.4,0.5
1747,Put,10,20,0.1,0.2,0.3,0.4,0.5
1748,Call,10,20,0.1,0.2,0.3,0.4,0.5
1748,Put,10,20,0.1,0.2,0.3,0.4,0.5
1749,Call,10,20,0.1,0.2,0.3,0.4,0.5
1749,Put,10,20,0.1,0.2,0.3,0.4,0.5
1750,Call,10,20,0.1,0.2,0.3,0.4,0.5
1750,Put,10,20,0.1,0.2,0.3,0.4,0.5
1751,Call,10,20,0.1,0.2,0.3,0.4,0.5
1751,Put,10,20,0.1,0.2,0.3,0.4,0.5
1752,Call,10,20,0.1,0.2,0.3,0.4,0.5
1752,Put,10,20,0.1,0.2,0.3,0.4,0.5
1753,Call,10,20,0.1,0.2,0.3,0.4,0.5
1753,Put,10,20,0.1,0.2,0.3,0.4,0.5
1754,Call,10,20,0.1,0.2,0.3,0.4,0.5
1754,Put,10,20,0.1,0.2,0.3,0.4,0.5
1755,Call,10,20,0.1,0.2,0.3,0.4,0.5
1755,Put,10,20,0.1,0.2,0.3,0.4,0.5
1756,Call,10,20,0.1,0.2,0.3,0.4,0.5
1756,Put,10,20,0.1,0.2,0.3,0.4,0.5
1757,Call,10,20,0.1,0.2,0.3,0.4,0.5
1757,Put,10,20,0.1,0.2,0.3,0.4,0.5
1758,Call,10,20,0.1,0.2,0.3,0.4,0.5
1758,Put,10,20,0.1,0.2,0.3,0.4,0.5
1759,Call,10,20,0.1,0.2,0.3,0.4,0.5
1759,Put,10,20,0.1,0.2,0.3,0.4,0.5
1760,Call,10,20,0.1,0.2,0.3,0.4,0.5
1760,Put,10,20,0.1,0.2,0.3,0.4,0.5
1761,Call,10,20,0.1,0.2,0.3,0.4,0.5
1761,Put,10,20,0.1,0.2,0.3,0.4,0.5
1762,Call,10,20,0.1,0.2,0.3,0.4,0.5
1762,Put,10,20,0.1,0.2,0.3,0.4,0.5
1763,Call,10,20,0.1,0.2,0.3,0.4,0.5
1763,Put,10,20,0.1,0.2,0.3,0.4,0.5
1764,Call,10,20,0.1,0.2,0.3,0.4,0.5
1764,Put,10,20,0.1,0.2,0.3,0.4,0.5
1765,Call,10,20,0.1,0.2,0.3,0.4,0.5
1765,Put,10,20,0.1,0.2,0.3,0.4,0.5
1766,Call,10,20,0.1,0.2,0.3,0.4,0.5
1766,Put,10,20,0.1,0.2,0.3,0.4,0.5
1767,Call,10,20,0.1,0.2,0.3,0.4,0.5
1767,Put,10,20,0.1,0.2,0.3,0.4,0.5
1768,Call,10,20,0.1,0.2,0.3,0.4,0.5
1768,Put,10,20,0.1,0.2,0.3,0.4,0.5
1769,Call,10,20,0.1,0.2,0.3,0.4,0.5
1769,Put,10,20,0.1,0.2,0.3,0.4,0.5
1770,Call,10,20,0.1,0.2,0.3,0.4,0.5
1770,Put,10,20,0.1,0.2,0.3,0.4,0.5
1771,Call,10,20,0.1,0.2,0.3,0.4,0.5
1771,Put,10,20,0.1,0.2,0.3,0.4,0.5
1772,Call,10,20,0.1,0.2,0.3,0.4,0.5
1772,Put,10,20,0.1,0.2,0.3,0.4,0.5
1773,Call,10,20,0.1,0.2,0.3,0.4,0.5
1773,Put,10,20,0.1,0.2,0.3,0.4,0.5
1774,Call,10,20,0.1,0.2,0.3,0.4,0.5
1774,Put,10,20,0.1,0.2,0.3,0.4,0.5
1775,Call,10,20,0.1,0.2,0.3,0.4,0.5
1775,Put,10,20,0.1,0.2,0.3,0.4,0.5
1776,Call,10,20,0.1,0.2,0.3,0.4,0.5
1776,Put,10,20,0.1,0.2,0.3,0.4,0.5
1777,Call,10,20,0.1,0.2,0.3,0.4,0.5
1777,Put,10,20,0.1,0.2,0.3,0.4,0.5
1778,Call,10,20,0.1,0.2,0.3,0.4,0.5
1778,Put,10,20,0.1,0.2,0.3,0.4,0.5
1779,Call,10,20,0.1,0.2,0.3,0.4,0.5
1779,Put,10,20,0.1,0.2,0.3,0.4,0.5
1780,Call,10,20,0.1,0.2,0.3,0.4,0.5
1780,Put,10,20,0.1,0.2,0.3,0.4,0.5
1781,Call,10,20,0.1,0.2,0.3,0.4,0.5
1781,Put,10,20,0.1,0.2,0.3,0.4,0.5
1782,Call,10,20,0.1,0.2,0.3,0.4,0.5
1782,Put,10,20,0.1,0.2,0.3,0.4,0.5
1783,Call,10,20,0.1,0.2,0.3,0.4,0.5
1783,Put,10,20,0.1,0.2,0.3,0.4,0.5
1784,Call,10,20,0.1,0.2,0.3,0.4,0.5
1784,Put,10,20,0.1,0.2,0.3,0.4,0.5
1785,Call,10,20,0.1,0.2,0.3,0.4,0.5
1785,Put,10,20,0.1,0.2,0.3,0.4,0.5
1786,Call,10,20,0.1,0.2,0.3,0.4,0.5
1786,Put,10,20,0.1,0.2,0.3,0.4,0.5
1787,Call,10,20,0.1,0.2,0.3,0.4,0.5
1787,Put,10,20,0.1,0.2,0.3,0.4,0.5
1788,Call,10,20,0.1,0.2,0.3,0.4,0.5
1788,Put,10,20,0.1,0.2,0.3,0.4,0.5
1789,Call,10,20,0.1,0.2,0.3,0.4,0.5
1789,Put,10,20,0.1,0.2,0.3,0.4,0.5
1790,Call,10,20,0.1,0.2,0.3,0.4,0.5
1790,Put,10,20,0.1,0.2,0.3,0.4,0.5
1791,Call,10,20,0.1,0.2,0.3,0.4,0.5
1791,Put,10,20,0.1,0.2,0.3,0.4,0.5
1792,Call,10,20,0.1,0.2,0.3,0.4,0.5
1792,Put,10,20,0.1,0.2,0.3,0.4,0.5
1793,Call,10,20,0.1,0.2,0.3,0.4,0.5
1793,Put,10,20,0.1,0.2,0.3,0.4,0.5
1794,Call,10,20,0.1,0.2,0.3,0.4,0.5
1794,Put,10,20,0.1,0.2,0.3,0.4,0.5
1795,Call,10,20,0.1,0.2,0.3,0.4,0.5
1795,Put,10,20,0.1,0.2,0.3,0.4,0.5
1796,Call,10,20,0.1,0.2,0.3,0.4,0.5
1796,Put,10,20,0.1,0.2,0.3,0.4,0.5
1797,Call,10,20,0.1,0.2,0.3,0.4,0.5
1797,Put,10,20,0.1,0.2,0.3,0.4,0.5
1798,Call,10,20,0.1,0.2,0.3,0.4,0.5
1798,Put,10,20,0.1,0.2,0.3,0.4,0.5
1799,Call,10,20,0.1,0.2,0.3,0.4,0.5
1799,Put,10,20,0.1,0.2,0.3,0.4,0.5
1800,Call,10,20,0.1,0.2,0.3,0.4,0.5
1800,Put,10,20,0.1,0.2,0.3,0.4,0.5
1801,Call,10,20,0.1,0.2,0.3,0.4,0.5
1801,Put,10,20,0.1,0.2,0.3,0.4,0.5
1802,Call,10,20,0.1,0.2,0.3,0.4,0.5
1802,Put,10,20,0.1,0.2,0.3,0.4,0.5
1803,Call,10,20,0.1,0.2,0.3,0.4,0.5
1803,Put,10,20,0.1,0.2,0.3,0.4,0.5
1804,Call,10,20,0.1,0.2,0.3,0.4,0.5
1804,Put,10,20,0.1,0.2,0.3,0.4,0.5
1805,Call,10,20,0.1,0.2,0.3,0.4,0.5
1805,Put,10,20,0.1,0.2,0.3,0.4,0.5
1806,Call,10,20,0.1,0.2,0.3,0.4,0.5
1806,Put,10,20,0.1,0.2,0.3,0.4,0.5
1807,Call,10,20,0.1,0.2,0.3,0.4,0.5
1807,Put,10,20,0.1,0.2,0.3,0.4,0.5
1808,Call,10,20,0.1,0.2,0.3,0.4,0.5
1808,Put,10,20,0.1,0.2,0.3,0.4,0.5
1809,Call,10,20,0.1,0.2,0.3,0.4,0.5
1809,Put,10,20,0.1,0.2,0.3,0.4,0.5
1810,Call,10,20,0.1,0.2,0.3,0.4,0.5
1810,Put,10,20,0.1,0.2,0.3,0.4,0.5
1811,Call,10,20,0.1,0.2,0.3,0.4,0.5
1811,Put,10,20,0.1,0.2,0.3,0.4,0.5
1812,Call,10,20,0.1,0.2,0.3,0.4,0.5
1812,Put,10,20,0.1,0.2,0.3,0.4,0.5
1813,Call,10,20,0.1,0.2,0.3,0.4,0.5
1813,Put,10,20,0.1,0.2,0.3,0.4,0.5
1814,Call,10,20,0.1,0.2,0.3,0.4,0.5
1814,Put,10,20,0.1,0.2,0.3,0.4,0.5
1815,Call,10,20,0.1,0.2,0.3,0.4,0.5
1815,Put,10,20,0.1,0.2,0.3,0.4,0.5
1816,Call,10,20,0.1,0.2,0.3,0.4,0.5
1816,Put,10,20,0.1,0.2,0.3,0.4,0.5
1817,Call,10,20,0.1,0.2,0.3,0.4,0.5
1817,Put,10,20,0.1,0.2,0.3,0.4,0.5
1818,Call,10,20,0.1,0.2,0.3,0.4,0.5
1818,Put,10,20,0.1,0.2,0.3,0.4,0.5
1819,Call,10,20,0.1,0.2,0.3,0.4,0.5
1819,Put,10,20,0.1,0.2,0.3,0.4,0.5
1820,Call,10,20,0.1,0.2,0.3,0.4,0.5
1820,Put,10,20,0.1,0.2,0.3,0.4,0.5
1821,Call,10,20,0.1,0.2,0.3,0.4,0.5
1821,Put,10,20,0.1,0.2,0.3,0.4,0.5
1822,Call,10,20,0.1,0.2,0.3,0.4,0.5
1822,Put,10,20,0.1,0.2,0.3,0.4,0.5
1823,Call,10,20,0.1,0.2,0.3,0.4,0.5
1823,Put,10,20,0.1,0.2,0.3,0.4,0.5
1824,Call,10,20,0.1,0.2,0.3,0.4,0.5
1824,Put,10,20,0.1,0.2,0.3,0.4,0.5
1825,Call,10,20,0.1,0.2,0.3,0.4,0.5
1825,Put,10,20,0.1,0.2,0.3,0.4,0.5
1826,Call,10,20,0.1,0.2,0.3,0.4,0.5
1826,Put,10,20,0.1,0.2,0.3,0.4,0.5
1827,Call,10,20,0.1,0.2,0.3,0.4,0.5
1827,Put,10,20,0.1,0.2,0.3,0.4,0.5
1828,Call,10,20,0.1,0.2,0.3,0.4,0.5
1828,Put,10,20,0.1,0.2,0.3,0.4,0.5
1829,Call,10,20,0.1,0.2,0.3,0.4,0.5
1829,Put,10,20,0.1,0.2,0.3,0.4,0.5
1830,Call,10,20,0.1,0.2,0.3,0.4,0.5
1830,Put,10,20,0.1,0.2,0.3,0.4,0.5
1831,Call,10,20,0.1,0.2,0.3,0.4,0.5
1831,Put,10,20,0.1,0.2,0.3,0.4,0.5
1832,Call,10,20,0.1,0.2,0.3,0.4,0.5
1832,Put,10,20,0.1,0.2,0.3,0.4,0.5
1833,Call,10,20,0.1,0.2,0.3,0.4,0.5
1833,Put,10,20,0.1,0.2,0.3,0.4,0.5
1834,Call,10,20,0.1,0.2,0.3,0.4,0.5
1834,Put,10,20,0.1,0.2,0.3,0.4,0.5
1835,Call,10,20,0.1,0.2,0.3,0.4,0.5
1835,Put,10,20,0.1,0.2,0.3,0.4,0.5
1836,Call,10,20,0.1,0.2,0.3,0.4,0.5
1836,Put,10,20,0.1,0.2,0.3,0.4,0.5
1837,Call,10,20,0.1,0.2,0.3,0.4,0.5
1837,Put,10,20,0.1,0.2,0.3,0.4,0.5
1838,Call,10,20,0.1,0.2,0.3,0.4,0.5
1838,Put,10,20,0.1,0.2,0.3,0.4,0.5
1839,Call,10,20,0.1,0.2,0.3,0.4,0.5
1839,Put,10,20,0.1,0.2,0.3,0.4,0.5
1840,Call,10,20,0.1,0.2,0.3,0.4,0.5
1840,Put,10,20,0.1,0.2,0.3,0.4,0.5
1841,Call,10,20,0.1,0.2,0.3,0.4,0.5
1841,Put,10,20,0.1,0.2,0.3,0.4,0.5
1842,Call,10,20,0.1,0.2,0.3,0.4,0.5
1842,Put,10,20,0.1,0.2,0.3,0.4,0.5
1843,Call,10,20,0.1,0.2,0.3,0.4,0.5
1843,Put,10,20,0.1,0.2,0.3,0.4,0.5
1844,Call,10,20,0.1,0.2,0.3,0.4,0.5
1844,Put,10,20,0.1,0.2,0.3,0.4,0.5
1845,Call,10,20,0.1,0.2,0.3,0.4,0.5
1845,Put,10,20,0.1,0.2,0.3,0.4,0.5
1846,Call,10,20,0.1,0.2,0.3,0.4,0.5
1846,Put,10,20,0.1,0.2,0.3,0.4,0.5
1847,Call,10,20,0.1,0.2,0.3,0.4,0.5
1847,Put,10,20,0.1,0.2,0.3,0.4,0.5
1848,Call,10,20,0.1,0.2,0.3,0.4,0.5
1848,Put,10,20,0.1,0.2,0.3,0.4,0.5
1849,Call,10,20,0.1,0.2,0.3,0.4,0.5
1849,Put,10,20,0.1,0.2,0.3,0.4,0.5
1850,Call,10,20,0.1,0.2,0.3,0.4,0.5
1850,Put,10,20,0.1,0.2,0.3,0.4,0.5
1851,Call,10,20,0.1,0.2,0.3,0.4,0.5
1851,Put,10,20,0.1,0.2,0.3,0.4,0.5
1852,Call,10,20,0.1,0.2,0.3,0.4,0.5
1852,Put,10,20,0.1,0.2,0.3,0.4,0.5
1853,Call,10,20,0.1,0.2,0.3,0.4,0.5
1853,Put,10,20,0.1,0.2,0.3,0.4,0.5
1854,Call,10,20,0.1,0.2,0.3,0.4,0.5
1854,Put,10,20,0.1,0.2,0.3,0.4,0.5
1855,Call,10,20,0.1,0.2,0.3,0.4,0.5
1855,Put,10,20,0.1,0.2,0.3,0.4,0.5
1856,Call,10,20,0.1,0.2,0.3,0.4,0.5
1856,Put,10,20,0.1,0.2,0.3,0.4,0.5
1857,Call,10,20,0.1,0.2,0.3,0.4,0.5
1857,Put,10,20,0.1,0.2,0.3,0.4,0.5
1858,Call,10,20,0.1,0.2,0.3,0.4,0.5
1858,Put,10,20,0.1,0.2,0.3,0.4,0.5
1859,Call,10,20,0.1,0.2,0.3,0.4,0.5
1859,Put,10,20,0.1,0.2,0.3,0.4,0.5
1860,Call,10,20,0.1,0.2,0.3,0.4,0.5
1860,Put,10,20,0.1,0.2,0.3,0.4,0.5
1861,Call,10,20,0.1,0.2,0.3,0.4,0.5
1861,Put,10,20,0.1,0.2,0.3,0.4,0.5
1862,Call,10,20,0.1,0.2,0.3,0.4,0.5
1862,Put,10,20,0.1,0.2,0.3,0.4,0.5
1863,Call,10,20,0.1,0.2,0.3,0.4,0.5
1863,Put,10,20,0.1,0.2,0.3,0.4,0.5
1864,Call,10,20,0.1,0.2,0.3,0.4,0.5
1864,Put,10,20,0.1,0.2,0.3,0.4,0.5
1865,Call,10,20,0.1,0.2,0.3,0.4,0.5
1865,Put,10,20,0.1,0.2,0.3,0.4,0.5
1866,Call,10,20,0.1,0.2,0.3,0.4,0.5
1866,Put,10,20,0.1,0.2,0.3,0.4,0.5
1867,Call,10,20,0.1,0.2,0.3,0.4,0.5
1867,Put,10,20,0.1,0.2,0.3,0.4,0.5
1868,Call,10,20,0.1,0.2,0.3,0.4,0.5
1868,Put,10,20,0.1,0.2,0.3,0.4,0.5
1869,Call,10,20,0.1,0.2,0.3,0.4,0.5
1869,Put,10,20,0.1,0.2,0.3,0.4,0.5
1870,Call,10,20,0.1,0.2,0.3,0.4,0.5
1870,Put,10,20,0.1,0.2,0.3,0.4,0.5
1871,Call,10,20,0.1,0.2,0.3,0.4,0.5
1871,Put,10,20,0.1,0.2,0.3,0.4,0.5
1872,Call,10,20,0.1,0.2,0.3,0.4,0.5
1872,Put,10,20,0.1,0.2,0.3,0.4,0.5
1873,Call,10,20,0.1,0.2,0.3,0.4,0.5
1873,Put,10,20,0.1,0.2,0.3,0.4,0.5
1874,Call,10,20,0.1,0.2,0.3,0.4,0.5
1874,Put,10,20,0.1,0.2,0.3,0.4,0.5
1875,Call,10,20,0.1,0.2,0.3,0.4,0.5
1875,Put,10,20,0.1,0.2,0.3,0.4,0.5
1876,Call,10,20,0.1,0.2,0.3,0.4,0.5
1876,Put,10,20,0.1,0.2,0.3,0.4,0.5
1877,Call,10,20,0.1,0.2,0.3,0.4,0.5
1877,Put,10,20,0.1,0.2,0.3,0.4,0.5
1878,Call,10,20,0.1,0.2,0.3,0.4,0.5
1878,Put,10,20,0.1,0.2,0.3,0.4,0.5
1879,Call,10,20,0.1,0.2,0.3,0.4,0.5
1879,Put,10,20,0.1,0.2,0.3,0.4,0.5
1880,Call,10,20,0.1,0.2,0.3,0.4,0.5
1880,Put,10,20,0.1,0.2,0.3,0.4,0.5
1881,Call,10,20,0.1,0.2,0.3,0.4,0.5
1881,Put,10,20,0.1,0.2,0.3,0.4,0.5
1882,Call,10,20,0.1,0.2,0.3,0.4,0.5
1882,Put,10,20,0.1,0.2,0.3,0.4,0.5
1883,Call,10,20,0.1,0.2,0.3,0.4,0.5
1883,Put,10,20,0.1,0.2,0.3,0.4,0.5
1884,Call,10,20,0.1,0.2,0.3,0.4,0.5
1884,Put,10,20,0.1,0.2,0.3,0.4,0.5
1885,Call,10,20,0.1,0.2,0.3,0.4,0.5
1885,Put,10,20,0.1,0.2,0.3,0.4,0.5
1886,Call,10,20,0.1,0.2,0.3,0.4,0.5
1886,Put,10,20,0.1,0.2,0.3,0.4,0.5
1887,Call,10,20,0.1,0.2,0.3,0.4,0.5
1887,Put,10,20,0.1,0.2,0.3,0.4,0.5
1888,Call,10,20,0.1,0.2,0.3,0.4,0.5
1888,Put,10,20,0.1,0.2,0.3,0.4,0.5
1889,Call,10,20,0.1,0.2,0.3,0.4,0.5
1889,Put,10,20,0.1,0.2,0.3,0.4,0.5
1890,Call,10,20,0.1,0.2,0.3,0.4,0.5
1890,Put,10,20,0.1,0.2,0.3,0.4,0.5
1891,Call,10,20,0.1,0.2,0.3,0.4,0.5
1891,Put,10,20,0.1,0.2,0.3,0.4,0.5
1892,Call,10,20,0.1,0.2,0.3,0.4,0.5
1892,Put,10,20,0.1,0.2,0.3,0.4,0.5
1893,Call,10,20,0.1,0.2,0.3,0.4,0.5
1893,Put,10,20,0.1,0.2,0.3,0.4,0.5
1894,Call,10,20,0.1,0.2,0.3,0.4,0.5
1894,Put,10,20,0.1,0.2,0.3,0.4,0.5
1895,Call,10,20,0.1,0.2,0.3,0.4,0.5
1895,Put,10,20,0.1,0.2,0.3,0.4,0.5
1896,Call,10,20,0.1,0.2,0.3,0.4,0.5
1896,Put,10,20,0.1,0.2,0.3,0.4,0.5
1897,Call,10,20,0.1,0.2,0.3,0.4,0.5
1897,Put,10,20,0.1,0.2,0.3,0.4,0.5
1898,Call,10,20,0.1,0.2,0.3,0.4,0.5
1898,Put,10,20,0.1,0.2,0.3,0.4,0.5
1899,Call,10,20,0.1,0.2,0.3,0.4,0.5
1899,Put,10,20,0.1,0.2,0.3,0.4,0.5
1900,Call,10,20,0.1,0.2,0.3,0.4,0.5
1900,Put,10,20,0.1,0.2,0.3,0.4,0.5
1901,Call,10,20,0.1,0.2,0.3,0.4,0.5
1901,Put,10,20,0.1,0.2,0.3,0.4,0.5
1902,Call,10,20,0.1,0.2,0.3,0.4,0.5
1902,Put,10,20,0.1,0.2,0.3,0.4,0.5
1903,Call,10,20,0.1,0.2,0.3,0.4,0.5
1903,Put,10,20,0.1,0.2,0.3,0.4,0.5
1904,Call,10,20,0.1,0.2,0.3,0.4,0.5
1904,Put,10,20,0.1,0.2,0.3,0.4,0.5
1905,Call,10,20,0.1,0.2,0.3,0.4,0.5
1905,Put,10,20,0.1,0.2,0.3,0.4,0.5
1906,Call,10,20,0.1,0.2,0.3,0.4,0.5
1906,Put,10,20,0.1,0.2,0.3,0.4,0.5
1907,Call,10,20,0.1,0.2,0.3,0.4,0.5
1907,Put,10,20,0.1,0.2,0.3,0.4,0.5
1908,Call,10,20,0.1,0.2,0.3,0.4,0.5
1908,Put,10,20,0.1,0.2,0.3,0.4,0.5
1909,Call,10,20,0.1,0.2,0.3,0.4,0.5
1909,Put,10,20,0.1,0.2,0.3,0.4,0.5
1910,Call,10,20,0.1,0.2,0.3,0.4,0.5
1910,Put,10,20,0.1,0.2,0.3,0.4,0.5
1911,Call,10,20,0.1,0.2,0.3,0.4,0.5
1911,Put,10,20,0.1,0.2,0.3,0.4,0.5
1912,Call,10,20,0.1,0.2,0.3,0.4,0.5
1912,Put,10,20,0.1,0.2,0.3,0.4,0.5
1913,Call,10,20,0.1,0.2,0.3,0.4,0.5
1913,Put,10,20,0.1,0.2,0.3,0.4,0.5
1914,Call,10,20,0.1,0.2,0.3,0.4,0.5
1914,Put,10,20,0.1,0.2,0.3,0.4,0.5
1915,Call,10,20,0.1,0.2,0.3,0.4,0.5
1915,Put,10,20,0.1,0.2,0.3,0.4,0.5
1916,Call,10,20,0.1,0.2,0.3,0.4,0.5
1916,Put,10,20,0.1,0.2,0.3,0.4,0.5
1917,Call,10,20,0.1,0.2,0.3,0.4,0.5
1917,Put,10,20,0.1,0.2,0.3,0.4,0.5
1918,Call,10,20,0.1,0.2,0.3,0.4,0.5
1918,Put,10,20,0.1,0.2,0.3,0.4,0.5
1919,Call,10,20,0.1,0.2,0.3,0.4,0.5
1919,Put,10,20,0.1,0.2,0.3,0.4,0.5
1920,Call,10,20,0.1,0.2,0.3,0.4,0.5
1920,Put,10,20,0.1,0.2,0.3,0.4,0.5
1921,Call,10,20,0.1,0.2,0.3,0.4,0.5
1921,Put,10,20,0.1,0.2,0.3,0.4,0.5
1922,Call,10,20,0.1,0.2,0.3,0.4,0.5
1922,Put,10,20,0.1,0.2,0.3,0.4,0.5
1923,Call,10,20,0.1,0.2,0.3,0.4,0.5
1923,Put,10,20,0.1,0.2,0.3,0.4,0.5
1924,Call,10,20,0.1,0.2,0.3,0.4,0.5
1924,Put,10,20,0.1,0.2,0.3,0.4,0.5
1925,Call,10,20,0.1,0.2,0.3,0.4,0.5
1925,Put,10,20,0.1,0.2,0.3,0.4,0.5
1926,Call,10,20,0.1,0.2,0.3,0.4,0.5
1926,Put,10,20,0.1,0.2,0.3,0.4,0.5
1927,Call,10,20,0.1,0.2,0.3,0.4,0.5
1927,Put,10,20,0.1,0.2,0.3,0.4,0.5
1928,Call,10,20,0.1,0.2,0.3,0.4,0.5
1928,Put,10,20,0.1,0.2,0.3,0.4,0.5
1929,Call,10,20,0.1,0.2,0.3,0.4,0.5
1929,Put,10,20,0.1,0.2,0.3,0.4,0.5
1930,Call,10,20,0.1,0.2,0.3,0.4,0.5
1930,Put,10,20,0.1,0.2,0.3,0.4,0.5
1931,Call,10,20,0.1,0.2,0.3,0.4,0.5
1931,Put,10,20,0.1,0.2,0.3,0.4,0.5
1932,Call,10,20,0.1,0.2,0.3,0.4,0.5
1932,Put,10,20,0.1,0.2,0.3,0.4,0.5
1933,Call,10,20,0.1,0.2,0.3,0.4,0.5
1933,Put,10,20,0.1,0.2,0.3,0.4,0.5
1934,Call,10,20,0.1,0.2,0.3,0.4,0.5
1934,Put,10,20,0.1,0.2,0.3,0.4,0.5
1935,Call,10,20,0.1,0.2,0.3,0.4,0.5
1935,Put,10,20,0.1,0.2,0.3,0.4,0.5
1936,Call,10,20,0.1,0.2,0.3,0.4,0.5
1936,Put,10,20,0.1,0.2,0.3,0.4,0.5
1937,Call,10,20,0.1,0.2,0.3,0.4,0.5
1937,Put,10,20,0.1,0.2,0.3,0.4,0.5
1938,Call,10,20,0.1,0.2,0.3,0.4,0.5
1938,Put,10,20,0.1,0.2,0.3,0.4,0.5
1939,Call,10,20,0.1,0.2,0.3,0.4,0.5
1939,Put,10,20,0.1,0.2,0.3,0.4,0.5
1940,Call,10,20,0.1,0.2,0.3,0.4,0.5
1940,Put,10,20,0.1,0.2,0.3,0.4,0.5
1941,Call,10,20,0.1,0.2,0.3,0.4,0.5
1941,Put,10,20,0.1,0.2,0.3,0.4,0.5
1942,Call,10,20,0.1,0.2,0.3,0.4,0.5
1942,Put,10,20,0.1,0.2,0.3,0.4,0.5
1943,Call,10,20,0.1,0.2,0.3,0.4,0.5
1943,Put,10,20,0.1,0.2,0.3,0.4,0.5
1944,Call,10,20,0.1,0.2,0.3,0.4,0.5
1944,Put,10,20,0.1,0.2,0.3,0.4,0.5
1945,Call,10,20,0.1,0.2,0.3,0.4,0.5
1945,Put,10,20,0.1,0.2,0.3,0.4,0.5
1946,Call,10,20,0.1,0.2,0.3,0.4,0.5
1946,Put,10,20,0.1,0.2,0.3,0.4,0.5
1947,Call,10,20,0.1,0.2,0.3,0.4,0.5
1947,Put,10,20,0.1,0.2,0.3,0.4,0.5
1948,Call,10,20,0.1,0.2,0.3,0.4,0.5
1948,Put,10,20,0.1,0.2,0.3,0.4,0.5
1949,Call,10,20,0.1,0.2,0.3,0.4,0.5
1949,Put,10,20,0.1,0.2,0.3,0.4,0.5
1950,Call,10,20,0.1,0.2,0.3,0.4,0.5
1950,Put,10,20,0.1,0.2,0.3,0.4,0.5
1951,Call,10,20,0.1,0.2,0.3,0.4,0.5
1951,Put,10,20,0.1,0.2,0.3,0.4,0.5
1952,Call,10,20,0.1,0.2,0.3,0.4,0.5
1952,Put,10,20,0.1,0.2,0.3,0.4,0.5
1953,Call,10,20,0.1,0.2,0.3,0.4,0.5
1953,Put,10,20,0.1,0.2,0.3,0.4,0.5
1954,Call,10,20,0.1,0.2,0.3,0.4,0.5
1954,Put,10,20,0.1,0.2,0.3,0.4,0.5
1955,Call,10,20,0.1,0.2,0.3,0.4,0.5
1955,Put,10,20,0.1,0.2,0.3,0.4,0.5
1956,Call,10,20,0.1,0.2,0.3,0.4,0.5
1956,Put,10,20,0.1,0.2,0.3,0.4,0.5
1957,Call,10,20,0.1,0.2,0.3,0.4,0.5
1957,Put,10,20,0.1,0.2,0.3,0.4,0.5
1958,Call,10,20,0.1,0.2,0.3,0.4,0.5
1958,Put,10,20,0.1,0.2,0.3,0.4,0.5
1959,Call,10,20,0.1,0.2,0.3,0.4,0.5
1959,Put,10,20,0.1,0.2,0.3,0.4,0.5
1960,Call,10,20,0.1,0.2,0.3,0.4,0.5
1960,Put,10,20,0.1,0.2,0.3,0.4,0.5
1961,Call,10,20,0.1,0.2,0.3,0.4,0.5
1961,Put,10,20,0.1,0.2,0.3,0.4,0.5
1962,Call,10,20,0.1,0.2,0.3,0.4,0.5
1962,Put,10,20,0.1,0.2,0.3,0.4,0.5
1963,Call,10,20,0.1,0.2,0.3,0.4,0.5
1963,Put,10,20,0.1,0.2,0.3,0.4,0.5
1964,Call,10,20,0.1,0.2,0.3,0.4,0.5
1964,Put,10,20,0.1,0.2,0.3,0.4,0.5
1965,Call,10,20,0.1,0.2,0.3,0.4,0.5
1965,Put,10,20,0.1,0.2,0.3,0.4,0.5
1966,Call,10,20,0.1,0.2,0.3,0.4,0.5
1966,Put,10,20,0.1,0.2,0.3,0.4,0.5
1967,Call,10,20,0.1,0.2,0.3,0.4,0.5
1967,Put,10,20,0.1,0.2,0.3,0.4,0.5
1968,Call,10,20,0.1,0.2,0.3,0.4,0.5
1968,Put,10,20,0.1,0.2,0.3,0.4,0.5
1969,Call,10,20,0.1,0.2,0.3,0.4,0.5
1969,Put,10,20,0.1,0.2,0.3,0.4,0.5
1970,Call,10,20,0.1,0.2,0.3,0.4,0.5
1970,Put,10,20,0.1,0.2,0.3,0.4,0.5
1971,Call,10,20,0.1,0.2,0.3,0.4,0.5
1971,Put,10,20,0.1,0.2,0.3,0.4,0.5
1972,Call,10,20,0.1,0.2,0.3,0.4,0.5
1972,Put,10,20,0.1,0.2,0.3,0.4,0.5
1973,Call,10,20,0.1,0.2,0.3,0.4,0.5
1973,Put,10,20,0.1,0.2,0.3,0.4,0.5
1974,Call,10,20,0.1,0.2,0.3,0.4,0.5
1974,Put,10,20,0.1,0.2,0.3,0.4,0.5
1975,Call,10,20,0.1,0.2,0.3,0.4,0.5
1975,Put,10,20,0.1,0.2,0.3,0.4,0.5
1976,Call,10,20,0.1,0.2,0.3,0.4,0.5
1976,Put,10,20,0.1,0.2,0.3,0.4,0.5
1977,Call,10,20,0.1,0.2,0.3,0.4,0.5
1977,Put,10,20,0.1,0.2,0.3,0.4,0.5
1978,Call,10,20,0.1,0.2,0.3,0.4,0.5
1978,Put,10,20,0.1,0.2,0.3,0.4,0.5
1979,Call,10,20,0.1,0.2,0.3,0.4,0.5
1979,Put,10,20,0.1,0.2,0.3,0.4,0.5
1980,Call,10,20,0.1,0.2,0.3,0.4,0.5
1980,Put,10,20,0.1,0.2,0.3,0.4,0.5
1981,Call,10,20,0.1,0.2,0.3,0.4,0.5
1981,Put,10,20,0.1,0.2,0.3,0.4,0.5
1982,Call,10,20,0.1,0.2,0.3,0.4,0.5
1982,Put,10,20,0.1,0.2,0.3,0.4,0.5
1983,Call,10,20,0.1,0.2,0.3,0.4,0.5
1983,Put,10,20,0.1,0.2,0.3,0.4,0.5
1984,Call,10,20,0.1,0.2,0.3,0.4,0.5
1984,Put,10,20,0.1,0.2,0.3,0.4,0.5
1985,Call,10,20,0.1,0.2,0.3,0.4,0.5
1985,Put,10,20,0.1,0.2,0.3,0.4,0.5
1986,Call,10,20,0.1,0.2,0.3,0.4,0.5
1986,Put,10,20,0.1,0.2,0.3,0.4,0.5
1987,Call,10,20,0.1,0.2,0.3,0.4,0.5
1987,Put,10,20,0.1,0.2,0.3,0.4,0.5
1988,Call,10,20,0.1,0.2,0.3,0.4,0.5
1988,Put,10,20,0.1,0.2,0.3,0.4,0.5
1989,Call,10,20,0.1,0.2,0.3,0.4,0.5
1989,Put,10,20,0.1,0.2,0.3,0.4,0.5
1990,Call,10,20,0.1,0.2,0.3,0.4,0.5
1990,Put,10,20,0.1,0.2,0.3,0.4,0.5
1991,Call,10,20,0.1,0.2,0.3,0.4,0.5
1991,Put,10,20,0.1,0.2,0.3,0.4,0.5
1992,Call,10,20,0.1,0.2,0.3,0.4,0.5
1992,Put,10,20,0.1,0.2,0.3,0.4,0.5
1993,Call,10,20,0.1,0.2,0.3,0.4,0.5
1993,Put,10,20,0.1,0.2,0.3,0.4,0.5
1994,Call,10,20,0.1,0.2,0.3,0.4,0.5
1994,Put,10,20,0.1,0.2,0.3,0.4,0.5
1995,Call,10,20,0.1,0.2,0.3,0.4,0.5
1995,Put,10,20,0.1,0.2,0.3,0.4,0.5
1996,Call,10,20,0.1,0.2,0.3,0.4,0.5
1996,Put,10,20,0.1,0.2,0.3,0.4,0.5
1997,Call,10,20,0.1,0.2,0.3,0.4,0.5
1997,Put,10,20,0.1,0.2,0.3,0.4,0.5
1998,Call,10,20,0.1,0.2,0.3,0.4,0.5
1998,Put,10,20,0.1,0.2,0.3,0.4,0.5
1999,Call,10,20,0.1,0.2,0.3,0.4,0.5
1999,Put,10,20,0.1,0.2,0.3,0.4,0.5
2000,Call,10,20,0.1,0.2,0.3,0.4,0.5
2000,Put,10,20,0.1,0.2,0.3,0.4,0.5
2001,Call,10,20,0.1,0.2,0.3,0.4,0.5
2001,Put,10,20,0.1,0.2,0.3,0.4,0.5
2002,Call,10,20,0.1,0.2,0.3,0.4,0.5
2002,Put,10,20,0.1,0.2,0.3,0.4,0.5
2003,Call,10,20,0.1,0.2,0.3,0.4,0.5
2003,Put,10,20,0.1,0.2,0.3,0.4,0.5
2004,Call,10,20,0.1,0.2,0.3,0.4,0.5
2004,Put,10,20,0.1,0.2,0.3,0.4,0.5
2005,Call,10,20,0.1,0.2,0.3,0.4,0.5
2005,Put,10,20,0.1,0.2,0.3,0.4,0.5
2006,Call,10,20,0.1,0.2,0.3,0.4,0.5
2006,Put,10,20,0.1,0.2,0.3,0.4,0.5
2007,Call,10,20,0.1,0.2,0.3,0.4,0.5
2007,Put,10,20,0.1,0.2,0.3,0.4,0.5
2008,Call,10,20,0.1,0.2,0.3,0.4,0.5
2008,Put,10,20,0.1,0.2,0.3,0.4,0.5
2009,Call,10,20,0.1,0.2,0.3,0.4,0.5
2009,Put,10,20,0.1,0.2,0.3,0.4,0.5
2010,Call,10,20,0.1,0.2,0.3,0.4,0.5
2010,Put,10,20,0.1,0.2,0.3,0.4,0.5
2011,Call,10,20,0.1,0.2,0.3,0.4,0.5
2011,Put,10,20,0.1,0.2,0.3,0.4,0.5
2012,Call,10,20,0.1,0.2,0.3,0.4,0.5
2012,Put,10,20,0.1,0.2,0.3,0.4,0.5
2013,Call,10,20,0.1,0.2,0.3,0.4,0.5
2013,Put,10,20,0.1,0.2,0.3,0.4,0.5
2014,Call,10,20,0.1,0.2,0.3,0.4,0.5
2014,Put,10,20,0.1,0.2,0.3,0.4,0.5
2015,Call,10,20,0.1,0.2,0.3,0.4,0.5
2015,Put,10,20,0.1,0.2,0.3,0.4,0.5
2016,Call,10,20,0.1,0.2,0.3,0.4,0.5
2016,Put,10,20,0.1,0.2,0.3,0.4,0.5
2017,Call,10,20,0.1,0.2,0.3,0.4,0.5
2017,Put,10,20,0.1,0.2,0.3,0.4,0.5
2018,Call,10,20,0.1,0.2,0.3,0.4,0.5
2018,Put,10,20,0.1,0.2,0.3,0.4,0.5
2019,Call,10,20,0.1,0.2,0.3,0.4,0.5
2019,Put,10,20,0.1,0.2,0.3,0.4,0.5
2020,Call,10,20,0.1,0.2,0.3,0.4,0.5
2020,Put,10,20,0.1,0.2,0.3,0.4,0.5
2021,Call,10,20,0.1,0.2,0.3,0.4,0.5
2021,Put,10,20,0.1,0.2,0.3,0.4,0.5
2022,Call,10,20,0.1,0.2,0.3,0.4,0.5
2022,Put,10,20,0.1,0.2,0.3,0.4,0.5
2023,Call,10,20,0.1,0.2,0.3,0.4,0.5
2023,Put,10,20,0.1,0.2,0.3,0.4,0.5
2024,Call,10,20,0.1,0.2,0.3,0.4,0.5
2024,Put,10,20,0.1,0.2,0.3,0.4,0.5
2025,Call,10,20,0.1,0.2,0.3,0.4,0.5
2025,Put,10,20,0.1,0.2,0.3,0.4,0.5
2026,Call,10,20,0.1,0.2,0.3,0.4,0.5
2026,Put,10,20,0.1,0.2,0.3,0.4,0.5
2027,Call,10,20,0.1,0.2,0.3,0.4,0.5
2027,Put,10,20,0.1,0.2,0.3,0.4,0.5
2028,Call,10,20,0.1,0.2,0.3,0.4,0.5
2028,Put,10,20,0.1,0.2,0.3,0.4,0.5
2029,Call,10,20,0.1,0.2,0.3,0.4,0.5
2029,Put,10,20,0.1,0.2,0.3,0.4,0.5
2030,Call,10,20,0.1,0.2,0.3,0.4,0.5
2030,Put,10,20,0.1,0.2,0.3,0.4,0.5
2031,Call,10,20,0.1,0.2,0.3,0.4,0.5
2031,Put,10,20,0.1,0.2,0.3,0.4,0.5
2032,Call,10,20,0.1,0.2,0.3,0.4,0.5
2032,Put,10,20,0.1,0.2,0.3,0.4,0.5
2033,Call,10,20,0.1,0.2,0.3,0.4,0.5
2033,Put,10,20,0.1,0.2,0.3,0.4,0.5
2034,Call,10,20,0.1,0.2,0.3,0.4,0.5
2034,Put,10,20,0.1,0.2,0.3,0.4,0.5
2035,Call,10,20,0.1,0.2,0.3,0.4,0.5
2035,Put,10,20,0.1,0.2,0.3,0.4,0.5
2036,Call,10,20,0.1,0.2,0.3,0.4,0.5
2036,Put,10,20,0.1,0.2,0.3,0.4,0.5
2037,Call,10,20,0.1,0.2,0.3,0.4,0.5
2037,Put,10,20,0.1,0.2,0.3,0.4,0.5
2038,Call,10,20,0.1,0.2,0.3,0.4,0.5
2038,Put,10,20,0.1,0.2,0.3,0.4,0.5
2039,Call,10,20,0.1,0.2,0.3,0.4,0.5
2039,Put,10,20,0.1,0.2,0.3,0.4,0.5
2040,Call,10,20,0.1,0.2,0.3,0.4,0.5
2040,Put,10,20,0.1,0.2,0.3,0.4,0.5
2041,Call,10,20,0.1,0.2,0.3,0.4,0.5
2041,Put,10,20,0.1,0.2,0.3,0.4,0.5
2042,Call,10,20,0.1,0.2,0.3,0.4,0.5
2042,Put,10,20,0.1,0.2,0.3,0.4,0.5
2043,Call,10,20,0.1,0.2,0.3,0.4,0.5
2043,Put,10,20,0.1,0.2,0.3,0.4,0.5
2044,Call,10,20,0.1,0.2,0.3,0.4,0.5
2044,Put,10,20,0.1,0.2,0.3,0.4,0.5
2045,Call,10,20,0.1,0.2,0.3,0.4,0.5
2045,Put,10,20,0.1,0.2,0.3,0.4,0.5
2046,Call,10,20,0.1,0.2,0.3,0.4,0.5
2046,Put,10,20,0.1,0.2,0.3,0.4,0.5
2047,Call,10,20,0.1,0.2,0.3,0.4,0.5
2047,Put,10,20,0.1,0.2,0.3,0.4,0.5
2048,Call,10,20,0.1,0.2,0.3,0.4,0.5
2048,Put,10,20,0.1,0.2,0.3,0.4,0.5
2049,Call,10,20,0.1,0.2,0.3,0.4,0.5
2049,Put,10,20,0.1,0.2,0.3,0.4,0.5
2050,Call,10,20,0.1,0.2,0.3,0.4,0.5
2050,Put,10,20,0.1,0.2,0.3,0.4,0.5
2051,Call,10,20,0.1,0.2,0.3,0.4,0.5
2051,Put,10,20,0.1,0.2,0.3,0.4,0.5
2052,Call,10,20,0.1,0.2,0.3,0.4,0.5
2052,Put,10,20,0.1,0.2,0.3,0.4,0.5
2053,Call,10,20,0.1,0.2,0.3,0.4,0.5
2053,Put,10,20,0.1,0.2,0.3,0.4,0.5
2054,Call,10,20,0.1,0.2,0.3,0.4,0.5
2054,Put,10,20,0.1,0.2,0.3,0.4,0.5
2055,Call,10,20,0.1,0.2,0.3,0.4,0.5
2055,Put,10,20,0.1,0.2,0.3,0.4,0.5
2056,Call,10,20,0.1,0.2,0.3,0.4,0.5
2056,Put,10,20,0.1,0.2,0.3,0.4,0.5
2057,Call,10,20,0.1,0.2,0.3,0.4,0.5
2057,Put,10,20,0.1,0.2,0.3,0.4,0.5
2058,Call,10,20,0.1,0.2,0.3,0.4,0.5
2058,Put,10,20,0.1,0.2,0.3,0.4,0.5
2059,Call,10,20,0.1,0.2,0.3,0.4,0.5
2059,Put,10,20,0.1,0.2,0.3,0.4,0.5
2060,Call,10,20,0.1,0.2,0.3,0.4,0.5
2060,Put,10,20,0.1,0.2,0.3,0.4,0.5
2061,Call,10,20,0.1,0.2,0.3,0.4,0.5
2061,Put,10,20,0.1,0.2,0.3,0.4,0.5
2062,Call,10,20,0.1,0.2,0.3,0.4,0.5
2062,Put,10,20,0.1,0.2,0.3,0.4,0.5
2063,Call,10,20,0.1,0.2,0.3,0.4,0.5
2063,Put,10,20,0.1,0.2,0.3,0.4,0.5
2064,Call,10,20,0.1,0.2,0.3,0.4,0.5
2064,Put,10,20,0.1,0.2,0.3,0.4,0.5
2065,Call,10,20,0.1,0.2,0.3,0.4,0.5
2065,Put,10,20,0.1,0.2,0.3,0.4,0.5
2066,Call,10,20,0.1,0.2,0.3,0.4,0.5
2066,Put,10,20,0.1,0.2,0.3,0.4,0.5
2067,Call,10,20,0.1,0.2,0.3,0.4,0.5
2067,Put,10,20,0.1,0.2,0.3,0.4,0.5
2068,Call,10,20,0.1,0.2,0.3,0.4,0.5
2068,Put,10,20,0.1,0.2,0.3,0.4,0.5
2069,Call,10,20,0.1,0.2,0.3,0.4,0.5
2069,Put,10,20,0.1,0.2,0.3,0.4,0.5
2070,Call,10,20,0.1,0.2,0.3,0.4,0.5
2070,Put,10,20,0.1,0.2,0.3,0.4,0.5
2071,Call,10,20,0.1,0.2,0.3,0.4,0.5
2071,Put,10,20,0.1,0.2,0.3,0.4,0.5
2072,Call,10,20,0.1,0.2,0.3,0.4,0.5
2072,Put,10,20,0.1,0.2,0.3,0.4,0.5
2073,Call,10,20,0.1,0.2,0.3,0.4,0.5
2073,Put,10,20,0.1,0.2,0.3,0.4,0.5
2074,Call,10,20,0.1,0.2,0.3,0.4,0.5
2074,Put,10,20,0.1,0.2,0.3,0.4,0.5
2075,Call,10,20,0.1,0.2,0.3,0.4,0.5
2075,Put,10,20,0.1,0.2,0.3,0.4,0.5
2076,Call,10,20,0.1,0.2,0.3,0.4,0.5
2076,Put,10,20,0.1,0.2,0.3,0.4,0.5
2077,Call,10,20,0.1,0.2,0.3,0.4,0.5
2077,Put,10,20,0.1,0.2,0.3,0.4,0.5
2078,Call,10,20,0.1,0.2,0.3,0.4,0.5
2078,Put,10,20,0.1,0.2,0.3,0.4,0.5
2079,Call,10,20,0.1,0.2,0.3,0.4,0.5
2079,Put,10,20,0.1,0.2,0.3,0.4,0.5
2080,Call,10,20,0.1,0.2,0.3,0.4,0.5
2080,Put,10,20,0.1,0.2,0.3,0.4,0.5
2081,Call,10,20,0.1,0.2,0.3,0.4,0.5
2081,Put,10,20,0.1,0.2,0.3,0.4,0.5
2082,Call,10,20,0.1,0.2,0.3,0.4,0.5
2082,Put,10,20,0.1,0.2,0.3,0.4,0.5
2083,Call,10,20,0.1,0.2,0.3,0.4,0.5
2083,Put,10,20,0.1,0.2,0.3,0.4,0.5
2084,Call,10,20,0.1,0.2,0.3,0.4,0.5
2084,Put,10,20,0.1,0.2,0.3,0.4,0.5
2085,Call,10,20,0.1,0.2,0.3,0.4,0.5
2085,Put,10,20,0.1,0.2,0.3,0.4,0.5
2086,Call,10,20,0.1,0.2,0.3,0.4,0.5
2086,Put,10,20,0.1,0.2,0.3,0.4,0.5
2087,Call,10,20,0.1,0.2,0.3,0.4,0.5
2087,Put,10,20,0.1,0.2,0.3,0.4,0.5
2088,Call,10,20,0.1,0.2,0.3,0.4,0.5
2088,Put,10,20,0.1,0.2,0.3,0.4,0.5
2089,Call,10,20,0.1,0.2,0.3,0.4,0.5
2089,Put,10,20,0.1,0.2,0.3,0.4,0.5
2090,Call,10,20,0.1,0.2,0.3,0.4,0.5
2090,Put,10,20,0.1,0.2,0.3,0.4,0.5
2091,Call,10,20,0.1,0.2,0.3,0.4,0.5
2091,Put,10,20,0.1,0.2,0.3,0.4,0.5
2092,Call,10,20,0.1,0.2,0.3,0.4,0.5
2092,Put,10,20,0.1,0.2,0.3,0.4,0.5
2093,Call,10,20,0.1,0.2,0.3,0.4,0.5
2093,Put,10,20,0.1,0.2,0.3,0.4,0.5
2094,Call,10,20,0.1,0.2,0.3,0.4,0.5
2094,Put,10,20,0.1,0.2,0.3,0.4,0.5
2095,Call,10,20,0.1,0.2,0.3,0.4,0.5
2095,Put,10,20,0.1,0.2,0.3,0.4,0.5
2096,Call,10,20,0.1,0.2,0.3,0.4,0.5
2096,Put,10,20,0.1,0.2,0.3,0.4,0.5
2097,Call,10,20,0.1,0.2,0.3,0.4,0.5
2097,Put,10,20,0.1,0.2,0.3,0.4,0.5
2098,Call,10,20,0.1,0.2,0.3,0.4,0.5
2098,Put,10,20,0.1,0.2,0.3,0.4,0.5
2099,Call,10,20,0.1,0.2,0.3,0.4,0.5
2099,Put,10,20,0.1,0.2,0.3,0.4,0.5
2100,Call,10,20,0.1,0.2,0.3,0.4,0.5
2100,Put,10,20,0.1,0.2,0.3,0.4,0.5
2101,Call,10,20,0.1,0.2,0.3,0.4,0.5
2101,Put,10,20,0.1,0.2,0.3,0.4,0.5
2102,Call,10,20,0.1,0.2,0.3,0.4,0.5
2102,Put,10,20,0.1,0.2,0.3,0.4,0.5
2103,Call,10,20,0.1,0.2,0.3,0.4,0.5
2103,Put,10,20,0.1,0.2,0.3,0.4,0.5
2104,Call,10,20,0.1,0.2,0.3,0.4,0.5
2104,Put,10,20,0.1,0.2,0.3,0.4,0.5
2105,Call,10,20,0.1,0.2,0.3,0.4,0.5
2105,Put,10,20,0.1,0.2,0.3,0.4,0.5
2106,Call,10,20,0.1,0.2,0.3,0.4,0.5
2106,Put,10,20,0.1,0.2,0.3,0.4,0.5
2107,Call,10,20,0.1,0.2,0.3,0.4,0.5
2107,Put,10,20,0.1,0.2,0.3,0.4,0.5
2108,Call,10,20,0.1,0.2,0.3,0.4,0.5
2108,Put,10,20,0.1,0.2,0.3,0.4,0.5
2109,Call,10,20,0.1,0.2,0.3,0.4,0.5
2109,Put,10,20,0.1,0.2,0.3,0.4,0.5
2110,Call,10,20,0.1,0.2,0.3,0.4,0.5
2110,Put,10,20,0.1,0.2,0.3,0.4,0.5
2111,Call,10,20,0.1,0.2,0.3,0.4,0.5
2111,Put,10,20,0.1,0.2,0.3,0.4,0.5
2112,Call,10,20,0.1,0.2,0.3,0.4,0.5
2112,Put,10,20,0.1,0.2,0.3,0.4,0.5
2113,Call,10,20,0.1,0.2,0.3,0.4,0.5
2113,Put,10,20,0.1,0.2,0.3,0.4,0.5
2114,Call,10,20,0.1,0.2,0.3,0.4,0.5
2114,Put,10,20,0.1,0.2,0.3,0.4,0.5
2115,Call,10,20,0.1,0.2,0.3,0.4,0.5
2115,Put,10,20,0.1,0.2,0.3,0.4,0.5
2116,Call,10,20,0.1,0.2,0.3,0.4,0.5
2116,Put,10,20,0.1,0.2,0.3,0.4,0.5
2117,Call,10,20,0.1,0.2,0.3,0.4,0.5
2117,Put,10,20,0.1,0.2,0.3,0.4,0.5
2118,Call,10,20,0.1,0.2,0.3,0.4,0.5
2118,Put,10,20,0.1,0.2,0.3,0.4,0.5
2119,Call,10,20,0.1,0.2,0.3,0.4,0.5
2119,Put,10,20,0.1,0.2,0.3,0.4,0.5
2120,Call,10,20,0.1,0.2,0.3,0.4,0.5
2120,Put,10,20,0.1,0.2,0.3,0.4,0.5
2121,Call,10,20,0.1,0.2,0.3,0.4,0.5
2121,Put,10,20,0.1,0.2,0.3,0.4,0.5
2122,Call,10,20,0.1,0.2,0.3,0.4,0.5
2122,Put,10,20,0.1,0.2,0.3,0.4,0.5
2123,Call,10,20,0.1,0.2,0.3,0.4,0.5
2123,Put,10,20,0.1,0.2,0.3,0.4,0.5
2124,Call,10,20,0.1,0.2,0.3,0.4,0.5
2124,Put,10,20,0.1,0.2,0.3,0.4,0.5
2125,Call,10,20,0.1,0.2,0.3,0.4,0.5
2125,Put,10,20,0.1,0.2,0.3,0.4,0.5
2126,Call,10,20,0.1,0.2,0.3,0.4,0.5
2126,Put,10,20,0.1,0.2,0.3,0.4,0.5
2127,Call,10,20,0.1,0.2,0.3,0.4,0.5
2127,Put,10,20,0.1,0.2,0.3,0.4,0.5
2128,Call,10,20,0.1,0.2,0.3,0.4,0.5
2128,Put,10,20,0.1,0.2,0.3,0.4,0.5
2129,Call,10,20,0.1,0.2,0.3,0.4,0.5
2129,Put,10,20,0.1,0.2,0.3,0.4,0.5
2130,Call,10,20,0.1,0.2,0.3,0.4,0.5
2130,Put,10,20,0.1,0.2,0.3,0.4,0.5
2131,Call,10,20,0.1,0.2,0.3,0.4,0.5
2131,Put,10,20,0.1,0.2,0.3,0.4,0.5
2132,Call,10,20,0.1,0.2,0.3,0.4,0.5
2132,Put,10,20,0.1,0.2,0.3,0.4,0.5
2133,Call,10,20,0.1,0.2,0.3,0.4,0.5
2133,Put,10,20,0.1,0.2,0.3,0.4,0.5
2134,Call,10,20,0.1,0.2,0.3,0.4,0.5
2134,Put,10,20,0.1,0.2,0.3,0.4,0.5
2135,Call,10,20,0.1,0.2,0.3,0.4,0.5
2135,Put,10,20,0.1,0.2,0.3,0.4,0.5
2136,Call,10,20,0.1,0.2,0.3,0.4,0.5
2136,Put,10,20,0.1,0.2,0.3,0.4,0.5
2137,Call,10,20,0.1,0.2,0.3,0.4,0.5
2137,Put,10,20,0.1,0.2,0.3,0.4,0.5
2138,Call,10,20,0.1,0.2,0.3,0.4,0.5
2138,Put,10,20,0.1,0.2,0.3,0.4,0.5
2139,Call,10,20,0.1,0.2,0.3,0.4,0.5
2139,Put,10,20,0.1,0.2,0.3,0.4,0.5
2140,Call,10,20,0.1,0.2,0.3,0.4,0.5
2140,Put,10,20,0.1,0.2,0.3,0.4,0.5
2141,Call,10,20,0.1,0.2,0.3,0.4,0.5
2141,Put,10,20,0.1,0.2,0.3,0.4,0.5
2142,Call,10,20,0.1,0.2,0.3,0.4,0.5
2142,Put,10,20,0.1,0.2,0.3,0.4,0.5
2143,Call,10,20,0.1,0.2,0.3,0.4,0.5
2143,Put,10,20,0.1,0.2,0.3,0.4,0.5
2144,Call,10,20,0.1,0.2,0.3,0.4,0.5
2144,Put,10,20,0.1,0.2,0.3,0.4,0.5
2145,Call,10,20,0.1,0.2,0.3,0.4,0.5
2145,Put,10,20,0.1,0.2,0.3,0.4,0.5
2146,Call,10,20,0.1,0.2,0.3,0.4,0.5
2146,Put,10,20,0.1,0.2,0.3,0.4,0.5
2147,Call,10,20,0.1,0.2,0.3,0.4,0.5
2147,Put,10,20,0.1,0.2,0.3,0.4,0.5
2148,Call,10,20,0.1,0.2,0.3,0.4,0.5
2148,Put,10,20,0.1,0.2,0.3,0.4,0.5
2149,Call,10,20,0.1,0.2,0.3,0.4,0.5
2149,Put,10,20,0.1,0.2,0.3,0.4,0.5
2150,Call,10,20,0.1,0.2,0.3,0.4,0.5
2150,Put,10,20,0.1,0.2,0.3,0.4,0.5
2151,Call,10,20,0.1,0.2,0.3,0.4,0.5
2151,Put,10,20,0.1,0.2,0.3,0.4,0.5
2152,Call,10,20,0.1,0.2,0.3,0.4,0.5
2152,Put,10,20,0.1,0.2,0.3,0.4,0.5
2153,Call,10,20,0.1,0.2,0.3,0.4,0.5
2153,Put,10,20,0.1,0.2,0.3,0.4,0.5
2154,Call,10,20,0.1,0.2,0.3,0.4,0.5
2154,Put,10,20,0.1,0.2,0.3,0.4,0.5
2155,Call,10,20,0.1,0.2,0.3,0.4,0.5
2155,Put,10,20,0.1,0.2,0.3,0.4,0.5
2156,Call,10,20,0.1,0.2,0.3,0.4,0.5
2156,Put,10,20,0.1,0.2,0.3,0.4,0.5
2157,Call,10,20,0.1,0.2,0.3,0.4,0.5
2157,Put,10,20,0.1,0.2,0.3,0.4,0.5
2158,Call,10,20,0.1,0.2,0.3,0.4,0.5
2158,Put,10,20,0.1,0.2,0.3,0.4,0.5
2159,Call,10,20,0.1,0.2,0.3,0.4,0.5
2159,Put,10,20,0.1,0.2,0.3,0.4,0.5
2160,Call,10,20,0.1,0.2,0.3,0.4,0.5
2160,Put,10,20,0.1,0.2,0.3,0.4,0.5
2161,Call,10,20,0.1,0.2,0.3,0.4,0.5
2161,Put,10,20,0.1,0.2,0.3,0.4,0.5
2162,Call,10,20,0.1,0.2,0.3,0.4,0.5
2162,Put,10,20,0.1,0.2,0.3,0.4,0.5
2163,Call,10,20,0.1,0.2,0.3,0.4,0.5
2163,Put,10,20,0.1,0.2,0.3,0.4,0.5
2164,Call,10,20,0.1,0.2,0.3,0.4,0.5
2164,Put,10,20,0.1,0.2,0.3,0.4,0.5
2165,Call,10,20,0.1,0.2,0.3,0.4,0.5
2165,Put,10,20,0.1,0.2,0.3,0.4,0.5
2166,Call,10,20,0.1,0.2,0.3,0.4,0.5
2166,Put,10,20,0.1,0.2,0.3,0.4,0.5
2167,Call,10,20,0.1,0.2,0.3,0.4,0.5
2167,Put,10,20,0.1,0.2,0.3,0.4,0.5
2168,Call,10,20,0.1,0.2,0.3,0.4,0.5
2168,Put,10,20,0.1,0.2,0.3,0.4,0.5
2169,Call,10,20,0.1,0.2,0.3,0.4,0.5
2169,Put,10,20,0.1,0.2,0.3,0.4,0.5
2170,Call,10,20,0.1,0.2,0.3,0.4,0.5
2170,Put,10,20,0.1,0.2,0.3,0.4,0.5
2171,Call,10,20,0.1,0.2,0.3,0.4,0.5
2171,Put,10,20,0.1,0.2,0.3,0.4,0.5
2172,Call,10,20,0.1,0.2,0.3,0.4,0.5
2172,Put,10,20,0.1,0.2,0.3,0.4,0.5
2173,Call,10,20,0.1,0.2,0.3,0.4,0.5
2173,Put,10,20,0.1,0.2,0.3,0.4,0.5
2174,Call,10,20,0.1,0.2,0.3,0.4,0.5
2174,Put,10,20,0.1,0.2,0.3,0.4,0.5
2175,Call,10,20,0.1,0.2,0.3,0.4,0.5
2175,Put,10,20,0.1,0.2,0.3,0.4,0.5
2176,Call,10,20,0.1,0.2,0.3,0.4,0.5
2176,Put,10,20,0.1,0.2,0.3,0.4,0.5
2177,Call,10,20,0.1,0.2,0.3,0.4,0.5
2177,Put,10,20,0.1,0.2,0.3,0.4,0.5
2178,Call,10,20,0.1,0.2,0.3,0.4,0.5
2178,Put,10,20,0.1,0.2,0.3,0.4,0.5
2179,Call,10,20,0.1,0.2,0.3,0.4,0.5
2179,Put,10,20,0.1,0.2,0.3,0.4,0.5
2180,Call,10,20,0.1,0.2,0.3,0.4,0.5
2180,Put,10,20,0.1,0.2,0.3,0.4,0.5
2181,Call,10,20,0.1,0.2,0.3,0.4,0.5
2181,Put,10,20,0.1,0.2,0.3,0.4,0.5
2182,Call,10,20,0.1,0.2,0.3,0.4,0.5
2182,Put,10,20,0.1,0.2,0.3,0.4,0.5
2183,Call,10,20,0.1,0.2,0.3,0.4,0.5
2183,Put,10,20,0.1,0.2,0.3,0.4,0.5
2184,Call,10,20,0.1,0.2,0.3,0.4,0.5
2184,Put,10,20,0.1,0.2,0.3,0.4,0.5
2185,Call,10,20,0.1,0.2,0.3,0.4,0.5
2185,Put,10,20,0.1,0.2,0.3,0.4,0.5
2186,Call,10,20,0.1,0.2,0.3,0.4,0.5
2186,Put,10,20,0.1,0.2,0.3,0.4,0.5
2187,Call,10,20,0.1,0.2,0.3,0.4,0.5
2187,Put,10,20,0.1,0.2,0.3,0.4,0.5
2188,Call,10,20,0.1,0.2,0.3,0.4,0.5
2188,Put,10,20,0.1,0.2,0.3,0.4,0.5
2189,Call,10,20,0.1,0.2,0.3,0.4,0.5
2189,Put,10,20,0.1,0.2,0.3,0.4,0.5
2190,Call,10,20,0.1,0.2,0.3,0.4,0.5
2190,Put,10,20,0.1,0.2,0.3,0.4,0.5
2191,Call,10,20,0.1,0.2,0.3,0.4,0.5
2191,Put,10,20,0.1,0.2,0.3,0.4,0.5
2192,Call,10,20,0.1,0.2,0.3,0.4,0.5
2192,Put,10,20,0.1,0.2,0.3,0.4,0.5
2193,Call,10,20,0.1,0.2,0.3,0.4,0.5
2193,Put,10,20,0.1,0.2,0.3,0.4,0.5
2194,Call,10,20,0.1,0.2,0.3,0.4,0.5
2194,Put,10,20,0.1,0.2,0.3,0.4,0.5
2195,Call,10,20,0.1,0.2,0.3,0.4,0.5
2195,Put,10,20,0.1,0.2,0.3,0.4,0.5
2196,Call,10,20,0.1,0.2,0.3,0.4,0.5
2196,Put,10,20,0.1,0.2,0.3,0.4,0.5
2197,Call,10,20,0.1,0.2,0.3,0.4,0.5
2197,Put,10,20,0.1,0.2,0.3,0.4,0.5
2198,Call,10,20,0.1,0.2,0.3,0.4,0.5
2198,Put,10,20,0.1,0.2,0.3,0.4,0.5
2199,Call,10,20,0.1,0.2,0.3,0.4,0.5
2199,Put,10,20,0.1,0.2,0.3,0.4,0.5
2200,Call,10,20,0.1,0.2,0.3,0.4,0.5
2200,Put,10,20,0.1,0.2,0.3,0.4,0.5
2201,Call,10,20,0.1,0.2,0.3,0.4,0.5
2201,Put,10,20,0.1,0.2,0.3,0.4,0.5
2202,Call,10,20,0.1,0.2,0.3,0.4,0.5
2202,Put,10,20,0.1,0.2,0.3,0.4,0.5
2203,Call,10,20,0.1,0.2,0.3,0.4,0.5
2203,Put,10,20,0.1,0.2,0.3,0.4,0.5
2204,Call,10,20,0.1,0.2,0.3,0.4,0.5
2204,Put,10,20,0.1,0.2,0.3,0.4,0.5
2205,Call,10,20,0.1,0.2,0.3,0.4,0.5
2205,Put,10,20,0.1,0.2,0.3,0.4,0.5
2206,Call,10,20,0.1,0.2,0.3,0.4,0.5
2206,Put,10,20,0.1,0.2,0.3,0.4,0.5
2207,Call,10,20,0.1,0.2,0.3,0.4,0.5
2207,Put,10,20,0.1,0.2,0.3,0.4,0.5
2208,Call,10,20,0.1,0.2,0.3,0.4,0.5
2208,Put,10,20,0.1,0.2,0.3,0.4,0.5
2209,Call,10,20,0.1,0.2,0.3,0.4,0.5
2209,Put,10,20,0.1,0.2,0.3,0.4,0.5
2210,Call,10,20,0.1,0.2,0.3,0.4,0.5
2210,Put,10,20,0.1,0.2,0.3,0.4,0.5
2211,Call,10,20,0.1,0.2,0.3,0.4,0.5
2211,Put,10,20,0.1,0.2,0.3,0.4,0.5
2212,Call,10,20,0.1,0.2,0.3,0.4,0.5
2212,Put,10,20,0.1,0.2,0.3,0.4,0.5
2213,Call,10,20,0.1,0.2,0.3,0.4,0.5
2213,Put,10,20,0.1,0.2,0.3,0.4,0.5
2214,Call,10,20,0.1,0.2,0.3,0.4,0.5
2214,Put,10,20,0.1,0.2,0.3,0.4,0.5
2215,Call,10,20,0.1,0.2,0.3,0.4,0.5
2215,Put,10,20,0.1,0.2,0.3,0.4,0.5
2216,Call,10,20,0.1,0.2,0.3,0.4,0.5
2216,Put,10,20,0.1,0.2,0.3,0.4,0.5
2217,Call,10,20,0.1,0.2,0.3,0.4,0.5
2217,Put,10,20,0.1,0.2,0.3,0.4,0.5
2218,Call,10,20,0.1,0.2,0.3,0.4,0.5
2218,Put,10,20,0.1,0.2,0.3,0.4,0.5
2219,Call,10,20,0.1,0.2,0.3,0.4,0.5
2219,Put,10,20,0.1,0.2,0.3,0.4,0.5
2220,Call,10,20,0.1,0.2,0.3,0.4,0.5
2220,Put,10,20,0.1,0.2,0.3,0.4,0.5
2221,Call,10,20,0.1,0.2,0.3,0.4,0.5
2221,Put,10,20,0.1,0.2,0.3,0.4,0.5
2222,Call,10,20,0.1,0.2,0.3,0.4,0.5
2222,Put,10,20,0.1,0.2,0.3,0.4,0.5
2223,Call,10,20,0.1,0.2,0.3,0.4,0.5
2223,Put,10,20,0.1,0.2,0.3,0.4,0.5
2224,Call,10,20,0.1,0.2,0.3,0.4,0.5
2224,Put,10,20,0.1,0.2,0.3,0.4,0.5
2225,Call,10,20,0.1,0.2,0.3,0.4,0.5
2225,Put,10,20,0.1,0.2,0.3,0.4,0.5
2226,Call,10,20,0.1,0.2,0.3,0.4,0.5
2226,Put,10,20,0.1,0.2,0.3,0.4,0.5
2227,Call,10,20,0.1,0.2,0.3,0.4,0.5
2227,Put,10,20,0.1,0.2,0.3,0.4,0.5
2228,Call,10,20,0.1,0.2,0.3,0.4,0.5
2228,Put,10,20,0.1,0.2,0.3,0.4,0.5
2229,Call,10,20,0.1,0.2,0.3,0.4,0.5
2229,Put,10,20,0.1,0.2,0.3,0.4,0.5
2230,Call,10,20,0.1,0.2,0.3,0.4,0.5
2230,Put,10,20,0.1,0.2,0.3,0.4,0.5
2231,Call,10,20,0.1,0.2,0.3,0.4,0.5
2231,Put,10,20,0.1,0.2,0.3,0.4,0.5
2232,Call,10,20,0.1,0.2,0.3,0.4,0.5
2232,Put,10,20,0.1,0.2,0.3,0.4,0.5
2233,Call,10,20,0.1,0.2,0.3,0.4,0.5
2233,Put,10,20,0.1,0.2,0.3,0.4,0.5
2234,Call,10,20,0.1,0.2,0.3,0.4,0.5
2234,Put,10,20,0.1,0.2,0.3,0.4,0.5
2235,Call,10,20,0.1,0.2,0.3,0.4,0.5
2235,Put,10,20,0.1,0.2,0.3,0.4,0.5
2236,Call,10,20,0.1,0.2,0.3,0.4,0.5
2236,Put,10,20,0.1,0.2,0.3,0.4,0.5
2237,Call,10,20,0.1,0.2,0.3,0.4,0.5
2237,Put,10,20,0.1,0.2,0.3,0.4,0.5
2238,Call,10,20,0.1,0.2,0.3,0.4,0.5
2238,Put,10,20,0.1,0.2,0.3,0.4,0.5
2239,Call,10,20,0.1,0.2,0.3,0.4,0.5
2239,Put,10,20,0.1,0.2,0.3,0.4,0.5
2240,Call,10,20,0.1,0.2,0.3,0.4,0.5
2240,Put,10,20,0.1,0.2,0.3,0.4,0.5
2241,Call,10,20,0.1,0.2,0.3,0.4,0.5
2241,Put,10,20,0.1,0.2,0.3,0.4,0.5
2242,Call,10,20,0.1,0.2,0.3,0.4,0.5
2242,Put,10,20,0.1,0.2,0.3,0.4,0.5
2243,Call,10,20,0.1,0.2,0.3,0.4,0.5
2243,Put,10,20,0.1,0.2,0.3,0.4,0.5
2244,Call,10,20,0.1,0.2,0.3,0.4,0.5
2244,Put,10,20,0.1,0.2,0.3,0.4,0.5
2245,Call,10,20,0.1,0.2,0.3,0.4,0.5
2245,Put,10,20,0.1,0.2,0.3,0.4,0.5
2246,Call,10,20,0.1,0.2,0.3,0.4,0.5
2246,Put,10,20,0.1,0.2,0.3,0.4,0.5
2247,Call,10,20,0.1,0.2,0.3,0.4,0.5
2247,Put,10,20,0.1,0.2,0.3,0.4,0.5
2248,Call,10,20,0.1,0.2,0.3,0.4,0.5
2248,Put,10,20,0.1,0.2,0.3,0.4,0.5
2249,Call,10,20,0.1,0.2,0.3,0.4,0.5
2249,Put,10,20,0.1,0.2,0.3,0.4,0.5
2250,Call,10,20,0.1,0.2,0.3,0.4,0.5
2250,Put,10,20,0.1,0.2,0.3,0.4,0.5
2251,Call,10,20,0.1,0.2,0.3,0.4,0.5
2251,Put,10,20,0.1,0.2,0.3,0.4,0.5
2252,Call,10,20,0.1,0.2,0.3,0.4,0.5
2252,Put,10,20,0.1,0.2,0.3,0.4,0.5
2253,Call,10,20,0.1,0.2,0.3,0.4,0.5
2253,Put,10,20,0.1,0.2,0.3,0.4,0.5
2254,Call,10,20,0.1,0.2,0.3,0.4,0.5
2254,Put,10,20,0.1,0.2,0.3,0.4,0.5
2255,Call,10,20,0.1,0.2,0.3,0.4,0.5
2255,Put,10,20,0.1,0.2,0.3,0.4,0.5
2256,Call,10,20,0.1,0.2,0.3,0.4,0.5
2256,Put,10,20,0.1,0.2,0.3,0.4,0.5
2257,Call,10,20,0.1,0.2,0.3,0.4,0.5
2257,Put,10,20,0.1,0.2,0.3,0.4,0.5
2258,Call,10,20,0.1,0.2,0.3,0.4,0.5
2258,Put,10,20,0.1,0.2,0.3,0.4,0.5
2259,Call,10,20,0.1,0.2,0.3,0.4,0.5
2259,Put,10,20,0.1,0.2,0.3,0.4,0.5
2260,Call,10,20,0.1,0.2,0.3,0.4,0.5
2260,Put,10,20,0.1,0.2,0.3,0.4,0.5
2261,Call,10,20,0.1,0.2,0.3,0.4,0.5
2261,Put,10,20,0.1,0.2,0.3,0.4,0.5
2262,Call,10,20,0.1,0.2,0.3,0.4,0.5
2262,Put,10,20,0.1,0.2,0.3,0.4,0.5
2263,Call,10,20,0.1,0.2,0.3,0.4,0.5
2263,Put,10,20,0.1,0.2,0.3,0.4,0.5
2264,Call,10,20,0.1,0.2,0.3,0.4,0.5
2264,Put,10,20,0.1,0.2,0.3,0.4,0.5
2265,Call,10,20,0.1,0.2,0.3,0.4,0.5
2265,Put,10,20,0.1,0.2,0.3,0.4,0.5
2266,Call,10,20,0.1,0.2,0.3,0.4,0.5
2266,Put,10,20,0.1,0.2,0.3,0.4,0.5
2267,Call,10,20,0.1,0.2,0.3,0.4,0.5
2267,Put,10,20,0.1,0.2,0.3,0.4,0.5
2268,Call,10,20,0.1,0.2,0.3,0.4,0.5
2268,Put,10,20,0.1,0.2,0.3,0.4,0.5
2269,Call,10,20,0.1,0.2,0.3,0.4,0.5
2269,Put,10,20,0.1,0.2,0.3,0.4,0.5
2270,Call,10,20,0.1,0.2,0.3,0.4,0.5
2270,Put,10,20,0.1,0.2,0.3,0.4,0.5
2271,Call,10,20,0.1,0.2,0.3,0.4,0.5
2271,Put,10,20,0.1,0.2,0.3,0.4,0.5
2272,Call,10,20,0.1,0.2,0.3,0.4,0.5
2272,Put,10,20,0.1,0.2,0.3,0.4,0.5
2273,Call,10,20,0.1,0.2,0.3,0.4,0.5
2273,Put,10,20,0.1,0.2,0.3,0.4,0.5
2274,Call,10,20,0.1,0.2,0.3,0.4,0.5
2274,Put,10,20,0.1,0.2,0.3,0.4,0.5
2275,Call,10,20,0.1,0.2,0.3,0.4,0.5
2275,Put,10,20,0.1,0.2,0.3,0.4,0.5
2276,Call,10,20,0.1,0.2,0.3,0.4,0.5
2276,Put,10,20,0.1,0.2,0.3,0.4,0.5
2277,Call,10,20,0.1,0.2,0.3,0.4,0.5
2277,Put,10,20,0.1,0.2,0.3,0.4,0.5
2278,Call,10,20,0.1,0.2,0.3,0.4,0.5
2278,Put,10,20,0.1,0.2,0.3,0.4,0.5
2279,Call,10,20,0.1,0.2,0.3,0.4,0.5
2279,Put,10,20,0.1,0.2,0.3,0.4,0.5
2280,Call,10,20,0.1,0.2,0.3,0.4,0.5
2280,Put,10,20,0.1,0.2,0.3,0.4,0.5
2281,Call,10,20,0.1,0.2,0.3,0.4,0.5
2281,Put,10,20,0.1,0.2,0.3,0.4,0.5
2282,Call,10,20,0.1,0.2,0.3,0.4,0.5
2282,Put,10,20,0.1,0.2,0.3,0.4,0.5
2283,Call,10,20,0.1,0.2,0.3,0.4,0.5
2283,Put,10,20,0.1,0.2,0.3,0.4,0.5
2284,Call,10,20,0.1,0.2,0.3,0.4,0.5
2284,Put,10,20,0.1,0.2,0.3,0.4,0.5
2285,Call,10,20,0.1,0.2,0.3,0.4,0.5
2285,Put,10,20,0.1,0.2,0.3,0.4,0.5
2286,Call,10,20,0.1,0.2,0.3,0.4,0.5
2286,Put,10,20,0.1,0.2,0.3,0.4,0.5
2287,Call,10,20,0.1,0.2,0.3,0.4,0.5
2287,Put,10,20,0.1,0.2,0.3,0.4,0.5
2288,Call,10,20,0.1,0.2,0.3,0.4,0.5
2288,Put,10,20,0.1,0.2,0.3,0.4,0.5
2289,Call,10,20,0.1,0.2,0.3,0.4,0.5
2289,Put,10,20,0.1,0.2,0.3,0.4,0.5
2290,Call,10,20,0.1,0.2,0.3,0.4,0.5
2290,Put,10,20,0.1,0.2,0.3,0.4,0.5
2291,Call,10,20,0.1,0.2,0.3,0.4,0.5
2291,Put,10,20,0.1,0.2,0.3,0.4,0.5
2292,Call,10,20,0.1,0.2,0.3,0.4,0.5
2292,Put,10,20,0.1,0.2,0.3,0.4,0.5
2293,Call,10,20,0.1,0.2,0.3,0.4,0.5
2293,Put,10,20,0.1,0.2,0.3,0.4,0.5
2294,Call,10,20,0.1,0.2,0.3,0.4,0.5
2294,Put,10,20,0.1,0.2,0.3,0.4,0.5
2295,Call,10,20,0.1,0.2,0.3,0.4,0.5
2295,Put,10,20,0.1,0.2,0.3,0.4,0.5
2296,Call,10,20,0.1,0.2,0.3,0.4,0.5
2296,Put,10,20,0.1,0.2,0.3,0.4,0.5
2297,Call,10,20,0.1,0.2,0.3,0.4,0.5
2297,Put,10,20,0.1,0.2,0.3,0.4,0.5
2298,Call,10,20,0.1,0.2,0.3,0.4,0.5
2298,Put,10,20,0.1,0.2,0.3,0.4,0.5
2299,Call,10,20,0.1,0.2,0.3,0.4,0.5
2299,Put,10,20,0.1,0.2,0.3,0.4,0.5
2300,Call,10,20,0.1,0.2,0.3,0.4,0.5
2300,Put,10,20,0.1,0.2,0.3,0.4,0.5
2301,Call,10,20,0.1,0.2,0.3,0.4,0.5
2301,Put,10,20,0.1,0.2,0.3,0.4,0.5
2302,Call,10,20,0.1,0.2,0.3,0.4,0.5
2302,Put,10,20,0.1,0.2,0.3,0.4,0.5
2303,Call,10,20,0.1,0.2,0.3,0.4,0.5
2303,Put,10,20,0.1,0.2,0.3,0.4,0.5
2304,Call,10,20,0.1,0.2,0.3,0.4,0.5
2304,Put,10,20,0.1,0.2,0.3,0.4,0.5
2305,Call,10,20,0.1,0.2,0.3,0.4,0.5
2305,Put,10,20,0.1,0.2,0.3,0.4,0.5
2306,Call,10,20,0.1,0.2,0.3,0.4,0.5
2306,Put,10,20,0.1,0.2,0.3,0.4,0.5
2307,Call,10,20,0.1,0.2,0.3,0.4,0.5
2307,Put,10,20,0.1,0.2,0.3,0.4,0.5
2308,Call,10,20,0.1,0.2,0.3,0.4,0.5
2308,Put,10,20,0.1,0.2,0.3,0.4,0.5
2309,Call,10,20,0.1,0.2,0.3,0.4,0.5
2309,Put,10,20,0.1,0.2,0.3,0.4,0.5
2310,Call,10,20,0.1,0.2,0.3,0.4,0.5
2310,Put,10,20,0.1,0.2,0.3,0.4,0.5
2311,Call,10,20,0.1,0.2,0.3,0.4,0.5
2311,Put,10,20,0.1,0.2,0.3,0.4,0.5
2312,Call,10,20,0.1,0.2,0.3,0.4,0.5
2312,Put,10,20,0.1,0.2,0.3,0.4,0.5
2313,Call,10,20,0.1,0.2,0.3,0.4,0.5
2313,Put,10,20,0.1,0.2,0.3,0.4,0.5
2314,Call,10,20,0.1,0.2,0.3,0.4,0.5
2314,Put,10,20,0.1,0.2,0.3,0.4,0.5
2315,Call,10,20,0.1,0.2,0.3,0.4,0.5
2315,Put,10,20,0.1,0.2,0.3,0.4,0.5
2316,Call,10,20,0.1,0.2,0.3,0.4,0.5
2316,Put,10,20,0.1,0.2,0.3,0.4,0.5
2317,Call,10,20,0.1,0.2,0.3,0.4,0.5
2317,Put,10,20,0.1,0.2,0.3,0.4,0.5
2318,Call,10,20,0.1,0.2,0.3,0.4,0.5
2318,Put,10,20,0.1,0.2,0.3,0.4,0.5
2319,Call,10,20,0.1,0.2,0.3,0.4,0.5
2319,Put,10,20,0.1,0.2,0.3,0.4,0.5
2320,Call,10,20,0.1,0.2,0.3,0.4,0.5
2320,Put,10,20,0.1,0.2,0.3,0.4,0.5
2321,Call,10,20,0.1,0.2,0.3,0.4,0.5
2321,Put,10,20,0.1,0.2,0.3,0.4,0.5
2322,Call,10,20,0.1,0.2,0.3,0.4,0.5
2322,Put,10,20,0.1,0.2,0.3,0.4,0.5
2323,Call,10,20,0.1,0.2,0.3,0.4,0.5
2323,Put,10,20,0.1,0.2,0.3,0.4,0.5
2324,Call,10,20,0.1,0.2,0.3,0.4,0.5
2324,Put,10,20,0.1,0.2,0.3,0.4,0.5
2325,Call,10,20,0.1,0.2,0.3,0.4,0.5
2325,Put,10,20,0.1,0.2,0.3,0.4,0.5
2326,Call,10,20,0.1,0.2,0.3,0.4,0.5
2326,Put,10,20,0.1,0.2,0.3,0.4,0.5
2327,Call,10,20,0.1,0.2,0.3,0.4,0.5
2327,Put,10,20,0.1,0.2,0.3,0.4,0.5
2328,Call,10,20,0.1,0.2,0.3,0.4,0.5
2328,Put,10,20,0.1,0.2,0.3,0.4,0.5
2329,Call,10,20,0.1,0.2,0.3,0.4,0.5
2329,Put,10,20,0.1,0.2,0.3,0.4,0.5
2330,Call,10,20,0.1,0.2,0.3,0.4,0.5
2330,Put,10,20,0.1,0.2,0.3,0.4,0.5
2331,Call,10,20,0.1,0.2,0.3,0.4,0.5
2331,Put,10,20,0.1,0.2,0.3,0.4,0.5
2332,Call,10,20,0.1,0.2,0.3,0.4,0.5
2332,Put,10,20,0.1,0.2,0.3,0.4,0.5
2333,Call,10,20,0.1,0.2,0.3,0.4,0.5
2333,Put,10,20,0.1,0.2,0.3,0.4,0.5
2334,Call,10,20,0.1,0.2,0.3,0.4,0.5
2334,Put,10,20,0.1,0.2,0.3,0.4,0.5
2335,Call,10,20,0.1,0.2,0.3,0.4,0.5
2335,Put,10,20,0.1,0.2,0.3,0.4,0.5
2336,Call,10,20,0.1,0.2,0.3,0.4,0.5
2336,Put,10,20,0.1,0.2,0.3,0.4,0.5
2337,Call,10,20,0.1,0.2,0.3,0.4,0.5
2337,Put,10,20,0.1,0.2,0.3,0.4,0.5
2338,Call,10,20,0.1,0.2,0.3,0.4,0.5
2338,Put,10,20,0.1,0.2,0.3,0.4,0.5
2339,Call,10,20,0.1,0.2,0.3,0.4,0.5
2339,Put,10,20,0.1,0.2,0.3,0.4,0.5
2340,Call,10,20,0.1,0.2,0.3,0.4,0.5
2340,Put,10,20,0.1,0.2,0.3,0.4,0.5
2341,Call,10,20,0.1,0.2,0.3,0.4,0.5
2341,Put,10,20,0.1,0.2,0.3,0.4,0.5
2342,Call,10,20,0.1,0.2,0.3,0.4,0.5
2342,Put,10,20,0.1,0.2,0.3,0.4,0.5
2343,Call,10,20,0.1,0.2,0.3,0.4,0.5
2343,Put,10,20,0.1,0.2,0.3,0.4,0.5
2344,Call,10,20,0.1,0.2,0.3,0.4,0.5
2344,Put,10,20,0.1,0.2,0.3,0.4,0.5
2345,Call,10,20,0.1,0.2,0.3,0.4,0.5
2345,Put,10,20,0.1,0.2,0.3,0.4,0.5
2346,Call,10,20,0.1,0.2,0.3,0.4,0.5
2346,Put,10,20,0.1,0.2,0.3,0.4,0.5
2347,Call,10,20,0.1,0.2,0.3,0.4,0.5
2347,Put,10,20,0.1,0.2,0.3,0.4,0.5
2348,Call,10,20,0.1,0.2,0.3,0.4,0.5
2348,Put,10,20,0.1,0.2,0.3,0.4,0.5
2349,Call,10,20,0.1,0.2,0.3,0.4,0.5
2349,Put,10,20,0.1,0.2,0.3,0.4,0.5
2350,Call,10,20,0.1,0.2,0.3,0.4,0.5
2350,Put,10,20,0.1,0.2,0.3,0.4,0.5
2351,Call,10,20,0.1,0.2,0.3,0.4,0.5
2351,Put,10,20,0.1,0.2,0.3,0.4,0.5
2352,Call,10,20,0.1,0.2,0.3,0.4,0.5
2352,Put,10,20,0.1,0.2,0.3,0.4,0.5
2353,Call,10,20,0.1,0.2,0.3,0.4,0.5
2353,Put,10,20,0.1,0.2,0.3,0.4,0.5
2354,Call,10,20,0.1,0.2,0.3,0.4,0.5
2354,Put,10,20,0.1,0.2,0.3,0.4,0.5
2355,Call,10,20,0.1,0.2,0.3,0.4,0.5
2355,Put,10,20,0.1,0.2,0.3,0.4,0.5
2356,Call,10,20,0.1,0.2,0.3,0.4,0.5
2356,Put,10,20,0.1,0.2,0.3,0.4,0.5
2357,Call,10,20,0.1,0.2,0.3,0.4,0.5
2357,Put,10,20,0.1,0.2,0.3,0.4,0.5
2358,Call,10,20,0.1,0.2,0.3,0.4,0.5
2358,Put,10,20,0.1,0.2,0.3,0.4,0.5
2359,Call,10,20,0.1,0.2,0.3,0.4,0.5
2359,Put,10,20,0.1,0.2,0.3,0.4,0.5
2360,Call,10,20,0.1,0.2,0.3,0.4,0.5
2360,Put,10,20,0.1,0.2,0.3,0.4,0.5
2361,Call,10,20,0.1,0.2,0.3,0.4,0.5
2361,Put,10,20,0.1,0.2,0.3,0.4,0.5
2362,Call,10,20,0.1,0.2,0.3,0.4,0.5
2362,Put,10,20,0.1,0.2,0.3,0.4,0.5
2363,Call,10,20,0.1,0.2,0.3,0.4,0.5
2363,Put,10,20,0.1,0.2,0.3,0.4,0.5
2364,Call,10,20,0.1,0.2,0.3,0.4,0.5
2364,Put,10,20,0.1,0.2,0.3,0.4,0.5
2365,Call,10,20,0.1,0.2,0.3,0.4,0.5
2365,Put,10,20,0.1,0.2,0.3,0.4,0.5
2366,Call,10,20,0.1,0.2,0.3,0.4,0.5
2366,Put,10,20,0.1,0.2,0.3,0.4,0.5
2367,Call,10,20,0.1,0.2,0.3,0.4,0.5
2367,Put,10,20,0.1,0.2,0.3,0.4,0.5
2368,Call,10,20,0.1,0.2,0.3,0.4,0.5
2368,Put,10,20,0.1,0.2,0.3,0.4,0.5
2369,Call,10,20,0.1,0.2,0.3,0.4,0.5
2369,Put,10,20,0.1,0.2,0.3,0.4,0.5
2370,Call,10,20,0.1,0.2,0.3,0.4,0.5
2370,Put,10,20,0.1,0.2,0.3,0.4,0.5
2371,Call,10,20,0.1,0.2,0.3,0.4,0.5
2371,Put,10,20,0.1,0.2,0.3,0.4,0.5
2372,Call,10,20,0.1,0.2,0.3,0.4,0.5
2372,Put,10,20,0.1,0.2,0.3,0.4,0.5
2373,Call,10,20,0.1,0.2,0.3,0.4,0.5
2373,Put,10,20,0.1,0.2,0.3,0.4,0.5
2374,Call,10,20,0.1,0.2,0.3,0.4,0.5
2374,Put,10,20,0.1,0.2,0.3,0.4,0.5
2375,Call,10,20,0.1,0.2,0.3,0.4,0.5
2375,Put,10,20,0.1,0.2,0.3,0.4,0.5
2376,Call,10,20,0.1,0.2,0.3,0.4,0.5
2376,Put,10,20,0.1,0.2,0.3,0.4,0.5
2377,Call,10,20,0.1,0.2,0.3,0.4,0.5
2377,Put,10,20,0.1,0.2,0.3,0.4,0.5
2378,Call,10,20,0.1,0.2,0.3,0.4,0.5
2378,Put,10,20,0.1,0.2,0.3,0.4,0.5
2379,Call,10,20,0.1,0.2,0.3,0.4,0.5
2379,Put,10,20,0.1,0.2,0.3,0.4,0.5
2380,Call,10,20,0.1,0.2,0.3,0.4,0.5
2380,Put,10,20,0.1,0.2,0.3,0.4,0.5
2381,Call,10,20,0.1,0.2,0.3,0.4,0.5
2381,Put,10,20,0.1,0.2,0.3,0.4,0.5
2382,Call,10,20,0.1,0.2,0.3,0.4,0.5
2382,Put,10,20,0.1,0.2,0.3,0.4,0.5
2383,Call,10,20,0.1,0.2,0.3,0.4,0.5
2383,Put,10,20,0.1,0.2,0.3,0.4,0.5
2384,Call,10,20,0.1,0.2,0.3,0.4,0.5
2384,Put,10,20,0.1,0.2,0.3,0.4,0.5
2385,Call,10,20,0.1,0.2,0.3,0.4,0.5
2385,Put,10,20,0.1,0.2,0.3,0.4,0.5
2386,Call,10,20,0.1,0.2,0.3,0.4,0.5
2386,Put,10,20,0.1,0.2,0.3,0.4,0.5
2387,Call,10,20,0.1,0.2,0.3,0.4,0.5
2387,Put,10,20,0.1,0.2,0.3,0.4,0.5
2388,Call,10,20,0.1,0.2,0.3,0.4,0.5
2388,Put,10,20,0.1,0.2,0.3,0.4,0.5
2389,Call,10,20,0.1,0.2,0.3,0.4,0.5
2389,Put,10,20,0.1,0.2,0.3,0.4,0.5
2390,Call,10,20,0.1,0.2,0.3,0.4,0.5
2390,Put,10,20,0.1,0.2,0.3,0.4,0.5
2391,Call,10,20,0.1,0.2,0.3,0.4,0.5
2391,Put,10,20,0.1,0.2,0.3,0.4,0.5
2392,Call,10,20,0.1,0.2,0.3,0.4,0.5
2392,Put,10,20,0.1,0.2,0.3,0.4,0.5
2393,Call,10,20,0.1,0.2,0.3,0.4,0.5
2393,Put,10,20,0.1,0.2,0.3,0.4,0.5
2394,Call,10,20,0.1,0.2,0.3,0.4,0.5
2394,Put,10,20,0.1,0.2,0.3,0.4,0.5
2395,Call,10,20,0.1,0.2,0.3,0.4,0.5
2395,Put,10,20,0.1,0.2,0.3,0.4,0.5
2396,Call,10,20,0.1,0.2,0.3,0.4,0.5
2396,Put,10,20,0.1,0.2,0.3,0.4,0.5
2397,Call,10,20,0.1,0.2,0.3,0.4,0.5
2397,Put,10,20,0.1,0.2,0.3,0.4,0.5
2398,Call,10,20,0.1,0.2,0.3,0.4,0.5
2398,Put,10,20,0.1,0.2,0.3,0.4,0.5
2399,Call,10,20,0.1,0.2,0.3,0.4,0.5
2399,Put,10,20,0.1,0.2,0.3,0.4,0.5
2400,Call,10,20,0.1,0.2,0.3,0.4,0.5
2400,Put,10,20,0.1,0.2,0.3,0.4,0.5
2401,Call,10,20,0.1,0.2,0.3,0.4,0.5
2401,Put,10,20,0.1,0.2,0.3,0.4,0.5
2402,Call,10,20,0.1,0.2,0.3,0.4,0.5
2402,Put,10,20,0.1,0.2,0.3,0.4,0.5
2403,Call,10,20,0.1,0.2,0.3,0.4,0.5
2403,Put,10,20,0.1,0.2,0.3,0.4,0.5
2404,Call,10,20,0.1,0.2,0.3,0.4,0.5
2404,Put,10,20,0.1,0.2,0.3,0.4,0.5
2405,Call,10,20,0.1,0.2,0.3,0.4,0.5
2405,Put,10,20,0.1,0.2,0.3,0.4,0.5
2406,Call,10,20,0.1,0.2,0.3,0.4,0.5
2406,Put,10,20,0.1,0.2,0.3,0.4,0.5
2407,Call,10,20,0.1,0.2,0.3,0.4,0.5
2407,Put,10,20,0.1,0.2,0.3,0.4,0.5
2408,Call,10,20,0.1,0.2,0.3,0.4,0.5
2408,Put,10,20,0.1,0.2,0.3,0.4,0.5
2409,Call,10,20,0.1,0.2,0.3,0.4,0.5
2409,Put,10,20,0.1,0.2,0.3,0.4,0.5
2410,Call,10,20,0.1,0.2,0.3,0.4,0.5
2410,Put,10,20,0.1,0.2,0.3,0.4,0.5
2411,Call,10,20,0.1,0.2,0.3,0.4,0.5
2411,Put,10,20,0.1,0.2,0.3,0.4,0.5
2412,Call,10,20,0.1,0.2,0.3,0.4,0.5
2412,Put,10,20,0.1,0.2,0.3,0.4,0.5
2413,Call,10,20,0.1,0.2,0.3,0.4,0.5
2413,Put,10,20,0.1,0.2,0.3,0.4,0.5
2414,Call,10,20,0.1,0.2,0.3,0.4,0.5
2414,Put,10,20,0.1,0.2,0.3,0.4,0.5
2415,Call,10,20,0.1,0.2,0.3,0.4,0.5
2415,Put,10,20,0.1,0.2,0.3,0.4,0.5
2416,Call,10,20,0.1,0.2,0.3,0.4,0.5
2416,Put,10,20,0.1,0.2,0.3,0.4,0.5
2417,Call,10,20,0.1,0.2,0.3,0.4,0.5
2417,Put,10,20,0.1,0.2,0.3,0.4,0.5
2418,Call,10,20,0.1,0.2,0.3,0.4,0.5
2418,Put,10,20,0.1,0.2,0.3,0.4,0.5
2419,Call,10,20,0.1,0.2,0.3,0.4,0.5
2419,Put,10,20,0.1,0.2,0.3,0.4,0.5
2420,Call,10,20,0.1,0.2,0.3,0.4,0.5
2420,Put,10,20,0.1,0.2,0.3,0.4,0.5
2421,Call,10,20,0.1,0.2,0.3,0.4,0.5
2421,Put,10,20,0.1,0.2,0.3,0.4,0.5
2422,Call,10,20,0.1,0.2,0.3,0.4,0.5
2422,Put,10,20,0.1,0.2,0.3,0.4,0.5
2423,Call,10,20,0.1,0.2,0.3,0.4,0.5
2423,Put,10,20,0.1,0.2,0.3,0.4,0.5
2424,Call,10,20,0.1,0.2,0.3,0.4,0.5
2424,Put,10,20,0.1,0.2,0.3,0.4,0.5
2425,Call,10,20,0.1,0.2,0.3,0.4,0.5
2425,Put,10,20,0.1,0.2,0.3,0.4,0.5
2426,Call,10,20,0.1,0.2,0.3,0.4,0.5
2426,Put,10,20,0.1,0.2,0.3,0.4,0.5
2427,Call,10,20,0.1,0.2,0.3,0.4,0.5
2427,Put,10,20,0.1,0.2,0.3,0.4,0.5
2428,Call,10,20,0.1,0.2,0.3,0.4,0.5
2428,Put,10,20,0.1,0.2,0.3,0.4,0.5
2429,Call,10,20,0.1,0.2,0.3,0.4,0.5
2429,Put,10,20,0.1,0.2,0.3,0.4,0.5
2430,Call,10,20,0.1,0.2,0.3,0.4,0.5
2430,Put,10,20,0.1,0.2,0.3,0.4,0.5
2431,Call,10,20,0.1,0.2,0.3,0.4,0.5
2431,Put,10,20,0.1,0.2,0.3,0.4,0.5
2432,Call,10,20,0.1,0.2,0.3,0.4,0.5
2432,Put,10,20,0.1,0.2,0.3,0.4,0.5
2433,Call,10,20,0.1,0.2,0.3,0.4,0.5
2433,Put,10,20,0.1,0.2,0.3,0.4,0.5
2434,Call,10,20,0.1,0.2,0.3,0.4,0.5
2434,Put,10,20,0.1,0.2,0.3,0.4,0.5
2435,Call,10,20,0.1,0.2,0.3,0.4,0.5
2435,Put,10,20,0.1,0.2,0.3,0.4,0.5
2436,Call,10,20,0.1,0.2,0.3,0.4,0.5
2436,Put,10,20,0.1,0.2,0.3,0.4,0.5
2437,Call,10,20,0.1,0.2,0.3,0.4,0.5
2437,Put,10,20,0.1,0.2,0.3,0.4,0.5
2438,Call,10,20,0.1,0.2,0.3,0.4,0.5
2438,Put,10,20,0.1,0.2,0.3,0.4,0.5
2439,Call,10,20,0.1,0.2,0.3,0.4,0.5
2439,Put,10,20,0.1,0.2,0.3,0.4,0.5
2440,Call,10,20,0.1,0.2,0.3,0.4,0.5
2440,Put,10,20,0.1,0.2,0.3,0.4,0.5
2441,Call,10,20,0.1,0.2,0.3,0.4,0.5
2441,Put,10,20,0.1,0.2,0.3,0.4,0.5
2442,Call,10,20,0.1,0.2,0.3,0.4,0.5
2442,Put,10,20,0.1,0.2,0.3,0.4,0.5
2443,Call,10,20,0.1,0.2,0.3,0.4,0.5
2443,Put,10,20,0.1,0.2,0.3,0.4,0.5
2444,Call,10,20,0.1,0.2,0.3,0.4,0.5
2444,Put,10,20,0.1,0.2,0.3,0.4,0.5
2445,Call,10,20,0.1,0.2,0.3,0.4,0.5
2445,Put,10,20,0.1,0.2,0.3,0.4,0.5
2446,Call,10,20,0.1,0.2,0.3,0.4,0.5
2446,Put,10,20,0.1,0.2,0.3,0.4,0.5
2447,Call,10,20,0.1,0.2,0.3,0.4,0.5
2447,Put,10,20,0.1,0.2,0.3,0.4,0.5
2448,Call,10,20,0.1,0.2,0.3,0.4,0.5
2448,Put,10,20,0.1,0.2,0.3,0.4,0.5
2449,Call,10,20,0.1,0.2,0.3,0.4,0.5
2449,Put,10,20,0.1,0.2,0.3,0.4,0.5
2450,Call,10,20,0.1,0.2,0.3,0.4,0.5
2450,Put,10,20,0.1,0.2,0.3,0.4,0.5
2451,Call,10,20,0.1,0.2,0.3,0.4,0.5
2451,Put,10,20,0.1,0.2,0.3,0.4,0.5
2452,Call,10,20,0.1,0.2,0.3,0.4,0.5
2452,Put,10,20,0.1,0.2,0.3,0.4,0.5
2453,Call,10,20,0.1,0.2,0.3,0.4,0.5
2453,Put,10,20,0.1,0.2,0.3,0.4,0.5
2454,Call,10,20,0.1,0.2,0.3,0.4,0.5
2454,Put,10,20,0.1,0.2,0.3,0.4,0.5
2455,Call,10,20,0.1,0.2,0.3,0.4,0.5
2455,Put,10,20,0.1,0.2,0.3,0.4,0.5
2456,Call,10,20,0.1,0.2,0.3,0.4,0.5
2456,Put,10,20,0.1,0.2,0.3,0.4,0.5
2457,Call,10,20,0.1,0.2,0.3,0.4,0.5
2457,Put,10,20,0.1,0.2,0.3,0.4,0.5
2458,Call,10,20,0.1,0.2,0.3,0.4,0.5
2458,Put,10,20,0.1,0.2,0.3,0.4,0.5
2459,Call,10,20,0.1,0.2,0.3,0.4,0.5
2459,Put,10,20,0.1,0.2,0.3,0.4,0.5
2460,Call,10,20,0.1,0.2,0.3,0.4,0.5
2460,Put,10,20,0.1,0.2,0.3,0.4,0.5
2461,Call,10,20,0.1,0.2,0.3,0.4,0.5
2461,Put,10,20,0.1,0.2,0.3,0.4,0.5
2462,Call,10,20,0.1,0.2,0.3,0.4,0.5
2462,Put,10,20,0.1,0.2,0.3,0.4,0.5
2463,Call,10,20,0.1,0.2,0.3,0.4,0.5
2463,Put,10,20,0.1,0.2,0.3,0.4,0.5
2464,Call,10,20,0.1,0.2,0.3,0.4,0.5
2464,Put,10,20,0.1,0.2,0.3,0.4,0.5
2465,Call,10,20,0.1,0.2,0.3,0.4,0.5
2465,Put,10,20,0.1,0.2,0.3,0.4,0.5
2466,Call,10,20,0.1,0.2,0.3,0.4,0.5
2466,Put,10,20,0.1,0.2,0.3,0.4,0.5
2467,Call,10,20,0.1,0.2,0.3,0.4,0.5
2467,Put,10,20,0.1,0.2,0.3,0.4,0.5
2468,Call,10,20,0.1,0.2,0.3,0.4,0.5
2468,Put,10,20,0.1,0.2,0.3,0.4,0.5
2469,Call,10,20,0.1,0.2,0.3,0.4,0.5
2469,Put,10,20,0.1,0.2,0.3,0.4,0.5
2470,Call,10,20,0.1,0.2,0.3,0.4,0.5
2470,Put,10,20,0.1,0.2,0.3,0.4,0.5
2471,Call,10,20,0.1,0.2,0.3,0.4,0.5
2471,Put,10,20,0.1,0.2,0.3,0.4,0.5
2472,Call,10,20,0.1,0.2,0.3,0.4,0.5
2472,Put,10,20,0.1,0.2,0.3,0.4,0.5
2473,Call,10,20,0.1,0.2,0.3,0.4,0.5
2473,Put,10,20,0.1,0.2,0.3,0.4,0.5
2474,Call,10,20,0.1,0.2,0.3,0.4,0.5
2474,Put,10,20,0.1,0.2,0.3,0.4,0.5
2475,Call,10,20,0.1,0.2,0.3,0.4,0.5
2475,Put,10,20,0.1,0.2,0.3,0.4,0.5
2476,Call,10,20,0.1,0.2,0.3,0.4,0.5
2476,Put,10,20,0.1,0.2,0.3,0.4,0.5
2477,Call,10,20,0.1,0.2,0.3,0.4,0.5
2477,Put,10,20,0.1,0.2,0.3,0.4,0.5
2478,Call,10,20,0.1,0.2,0.3,0.4,0.5
2478,Put,10,20,0.1,0.2,0.3,0.4,0.5
2479,Call,10,20,0.1,0.2,0.3,0.4,0.5
2479,Put,10,20,0.1,0.2,0.3,0.4,0.5
2480,Call,10,20,0.1,0.2,0.3,0.4,0.5
2480,Put,10,20,0.1,0.2,0.3,0.4,0.5
2481,Call,10,20,0.1,0.2,0.3,0.4,0.5
2481,Put,10,20,0.1,0.2,0.3,0.4,0.5
2482,Call,10,20,0.1,0.2,0.3,0.4,0.5
2482,Put,10,20,0.1,0.2,0.3,0.4,0.5
2483,Call,10,20,0.1,0.2,0.3,0.4,0.5
2483,Put,10,20,0.1,0.2,0.3,0.4,0.5
2484,Call,10,20,0.1,0.2,0.3,0.4,0.5
2484,Put,10,20,0.1,0.2,0.3,0.4,0.5
2485,Call,10,20,0.1,0.2,0.3,0.4,0.5
2485,Put,10,20,0.1,0.2,0.3,0.4,0.5
2486,Call,10,20,0.1,0.2,0.3,0.4,0.5
2486,Put,10,20,0.1,0.2,0.3,0.4,0.5
2487,Call,10,20,0.1,0.2,0.3,0.4,0.5
2487,Put,10,20,0.1,0.2,0.3,0.4,0.5
2488,Call,10,20,0.1,0.2,0.3,0.4,0.5
2488,Put,10,20,0.1,0.2,0.3,0.4,0.5
2489,Call,10,20,0.1,0.2,0.3,0.4,0.5
2489,Put,10,20,0.1,0.2,0.3,0.4,0.5
2490,Call,10,20,0.1,0.2,0.3,0.4,0.5
2490,Put,10,20,0.1,0.2,0.3,0.4,0.5
2491,Call,10,20,0.1,0.2,0.3,0.4,0.5
2491,Put,10,20,0.1,0.2,0.3,0.4,0.5
2492,Call,10,20,0.1,0.2,0.3,0.4,0.5
2492,Put,10,20,0.1,0.2,0.3,0.4,0.5
2493,Call,10,20,0.1,0.2,0.3,0.4,0.5
2493,Put,10,20,0.1,0.2,0.3,0.4,0.5
2494,Call,10,20,0.1,0.2,0.3,0.4,0.5
2494,Put,10,20,0.1,0.2,0.3,0.4,0.5
2495,Call,10,20,0.1,0.2,0.3,0.4,0.5
2495,Put,10,20,0.1,0.2,0.3,0.4,0.5
2496,Call,10,20,0.1,0.2,0.3,0.4,0.5
2496,Put,10,20,0.1,0.2,0.3,0.4,0.5
2497,Call,10,20,0.1,0.2,0.3,0.4,0.5
2497,Put,10,20,0.1,0.2,0.3,0.4,0.5
2498,Call,10,20,0.1,0.2,0.3,0.4,0.5
2498,Put,10,20,0.1,0.2,0.3,0.4,0.5
2499,Call,10,20,0.1,0.2,0.3,0.4,0.5
2499,Put,10,20,0.1,0.2,0.3,0.4,0.5
2500,Call,10,20,0.1,0.2,0.3,0.4,0.5
2500,Put,10,20,0.1,0.2,0.3,0.4,0.5
2501,Call,10,20,0.1,0.2,0.3,0.4,0.5
2501,Put,10,20,0.1,0.2,0.3,0.4,0.5
2502,Call,10,20,0.1,0.2,0.3,0.4,0.5
2502,Put,10,20,0.1,0.2,0.3,0.4,0.5
2503,Call,10,20,0.1,0.2,0.3,0.4,0.5
2503,Put,10,20,0.1,0.2,0.3,0.4,0.5
2504,Call,10,20,0.1,0.2,0.3,0.4,0.5
2504,Put,10,20,0.1,0.2,0.3,0.4,0.5
2505,Call,10,20,0.1,0.2,0.3,0.4,0.5
2505,Put,10,20,0.1,0.2,0.3,0.4,0.5
2506,Call,10,20,0.1,0.2,0.3,0.4,0.5
2506,Put,10,20,0.1,0.2,0.3,0.4,0.5
2507,Call,10,20,0.1,0.2,0.3,0.4,0.5
2507,Put,10,20,0.1,0.2,0.3,0.4,0.5
2508,Call,10,20,0.1,0.2,0.3,0.4,0.5
2508,Put,10,20,0.1,0.2,0.3,0.4,0.5
2509,Call,10,20,0.1,0.2,0.3,0.4,0.5
2509,Put,10,20,0.1,0.2,0.3,0.4,0.5
2510,Call,10,20,0.1,0.2,0.3,0.4,0.5
2510,Put,10,20,0.1,0.2,0.3,0.4,0.5
2511,Call,10,20,0.1,0.2,0.3,0.4,0.5
2511,Put,10,20,0.1,0.2,0.3,0.4,0.5
2512,Call,10,20,0.1,0.2,0.3,0.4,0.5
2512,Put,10,20,0.1,0.2,0.3,0.4,0.5
2513,Call,10,20,0.1,0.2,0.3,0.4,0.5
2513,Put,10,20,0.1,0.2,0.3,0.4,0.5
2514,Call,10,20,0.1,0.2,0.3,0.4,0.5
2514,Put,10,20,0.1,0.2,0.3,0.4,0.5
2515,Call,10,20,0.1,0.2,0.3,0.4,0.5
2515,Put,10,20,0.1,0.2,0.3,0.4,0.5
2516,Call,10,20,0.1,0.2,0.3,0.4,0.5
2516,Put,10,20,0.1,0.2,0.3,0.4,0.5
2517,Call,10,20,0.1,0.2,0.3,0.4,0.5
2517,Put,10,20,0.1,0.2,0.3,0.4,0.5
2518,Call,10,20,0.1,0.2,0.3,0.4,0.5
2518,Put,10,20,0.1,0.2,0.3,0.4,0.5
2519,Call,10,20,0.1,0.2,0.3,0.4,0.5
2519,Put,10,20,0.1,0.2,0.3,0.4,0.5
2520,Call,10,20,0.1,0.2,0.3,0.4,0.5
2520,Put,10,20,0.1,0.2,0.3,0.4,0.5
2521,Call,10,20,0.1,0.2,0.3,0.4,0.5
2521,Put,10,20,0.1,0.2,0.3,0.4,0.5
2522,Call,10,20,0.1,0.2,0.3,0.4,0.5
2522,Put,10,20,0.1,0.2,0.3,0.4,0.5
2523,Call,10,20,0.1,0.2,0.3,0.4,0.5
2523,Put,10,20,0.1,0.2,0.3,0.4,0.5
2524,Call,10,20,0.1,0.2,0.3,0.4,0.5
2524,Put,10,20,0.1,0.2,0.3,0.4,0.5
2525,Call,10,20,0.1,0.2,0.3,0.4,0.5
2525,Put,10,20,0.1,0.2,0.3,0.4,0.5
2526,Call,10,20,0.1,0.2,0.3,0.4,0.5
2526,Put,10,20,0.1,0.2,0.3,0.4,0.5
2527,Call,10,20,0.1,0.2,0.3,0.4,0.5
2527,Put,10,20,0.1,0.2,0.3,0.4,0.5
2528,Call,10,20,0.1,0.2,0.3,0.4,0.5
2528,Put,10,20,0.1,0.2,0.3,0.4,0.5
2529,Call,10,20,0.1,0.2,0.3,0.4,0.5
2529,Put,10,20,0.1,0.2,0.3,0.4,0.5
2530,Call,10,20,0.1,0.2,0.3,0.4,0.5
2530,Put,10,20,0.1,0.2,0.3,0.4,0.5
2531,Call,10,20,0.1,0.2,0.3,0.4,0.5
2531,Put,10,20,0.1,0.2,0.3,0.4,0.5
2532,Call,10,20,0.1,0.2,0.3,0.4,0.5
2532,Put,10,20,0.1,0.2,0.3,0.4,0.5
2533,Call,10,20,0.1,0.2,0.3,0.4,0.5
2533,Put,10,20,0.1,0.2,0.3,0.4,0.5
2534,Call,10,20,0.1,0.2,0.3,0.4,0.5
2534,Put,10,20,0.1,0.2,0.3,0.4,0.5
2535,Call,10,20,0.1,0.2,0.3,0.4,0.5
2535,Put,10,20,0.1,0.2,0.3,0.4,0.5
2536,Call,10,20,0.1,0.2,0.3,0.4,0.5
2536,Put,10,20,0.1,0.2,0.3,0.4,0.5
2537,Call,10,20,0.1,0.2,0.3,0.4,0.5
2537,Put,10,20,0.1,0.2,0.3,0.4,0.5
2538,Call,10,20,0.1,0.2,0.3,0.4,0.5
2538,Put,10,20,0.1,0.2,0.3,0.4,0.5
2539,Call,10,20,0.1,0.2,0.3,0.4,0.5
2539,Put,10,20,0.1,0.2,0.3,0.4,0.5
2540,Call,10,20,0.1,0.2,0.3,0.4,0.5
2540,Put,10,20,0.1,0.2,0.3,0.4,0.5
2541,Call,10,20,0.1,0.2,0.3,0.4,0.5
2541,Put,10,20,0.1,0.2,0.3,0.4,0.5
2542,Call,10,20,0.1,0.2,0.3,0.4,0.5
2542,Put,10,20,0.1,0.2,0.3,0.4,0.5
2543,Call,10,20,0.1,0.2,0.3,0.4,0.5
2543,Put,10,20,0.1,0.2,0.3,0.4,0.5
2544,Call,10,20,0.1,0.2,0.3,0.4,0.5
2544,Put,10,20,0.1,0.2,0.3,0.4,0.5
2545,Call,10,20,0.1,0.2,0.3,0.4,0.5
2545,Put,10,20,0.1,0.2,0.3,0.4,0.5
2546,Call,10,20,0.1,0.2,0.3,0.4,0.5
2546,Put,10,20,0.1,0.2,0.3,0.4,0.5
2547,Call,10,20,0.1,0.2,0.3,0.4,0.5
2547,Put,10,20,0.1,0.2,0.3,0.4,0.5
2548,Call,10,20,0.1,0.2,0.3,0.4,0.5
2548,Put,10,20,0.1,0.2,0.3,0.4,0.5
2549,Call,10,20,0.1,0.2,0.3,0.4,0.5
2549,Put,10,20,0.1,0.2,0.3,0.4,0.5
2550,Call,10,20,0.1,0.2,0.3,0.4,0.5
2550,Put,10,20,0.1,0.2,0.3,0.4,0.5
2551,Call,10,20,0.1,0.2,0.3,0.4,0.5
2551,Put,10,20,0.1,0.2,0.3,0.4,0.5
2552,Call,10,20,0.1,0.2,0.3,0.4,0.5
2552,Put,10,20,0.1,0.2,0.3,0.4,0.5
2553,Call,10,20,0.1,0.2,0.3,0.4,0.5
2553,Put,10,20,0.1,0.2,0.3,0.4,0.5
2554,Call,10,20,0.1,0.2,0.3,0.4,0.5
2554,Put,10,20,0.1,0.2,0.3,0.4,0.5
2555,Call,10,20,0.1,0.2,0.3,0.4,0.5
2555,Put,10,20,0.1,0.2,0.3,0.4,0.5
2556,Call,10,20,0.1,0.2,0.3,0.4,0.5
2556,Put,10,20,0.1,0.2,0.3,0.4,0.5
2557,Call,10,20,0.1,0.2,0.3,0.4,0.5
2557,Put,10,20,0.1,0.2,0.3,0.4,0.5
2558,Call,10,20,0.1,0.2,0.3,0.4,0.5
2558,Put,10,20,0.1,0.2,0.3,0.4,0.5
2559,Call,10,20,0.1,0.2,0.3,0.4,0.5
2559,Put,10,20,0.1,0.2,0.3,0.4,0.5
2560,Call,10,20,0.1,0.2,0.3,0.4,0.5
2560,Put,10,20,0.1,0.2,0.3,0.4,0.5
2561,Call,10,20,0.1,0.2,0.3,0.4,0.5
2561,Put,10,20,0.1,0.2,0.3,0.4,0.5
2562,Call,10,20,0.1,0.2,0.3,0.4,0.5
2562,Put,10,20,0.1,0.2,0.3,0.4,0.5
2563,Call,10,20,0.1,0.2,0.3,0.4,0.5
2563,Put,10,20,0.1,0.2,0.3,0.4,0.5
2564,Call,10,20,0.1,0.2,0.3,0.4,0.5
2564,Put,10,20,0.1,0.2,0.3,0.4,0.5
2565,Call,10,20,0.1,0.2,0.3,0.4,0.5
2565,Put,10,20,0.1,0.2,0.3,0.4,0.5
2566,Call,10,20,0.1,0.2,0.3,0.4,0.5
2566,Put,10,20,0.1,0.2,0.3,0.4,0.5
2567,Call,10,20,0.1,0.2,0.3,0.4,0.5
2567,Put,10,20,0.1,0.2,0.3,0.4,0.5
2568,Call,10,20,0.1,0.2,0.3,0.4,0.5
2568,Put,10,20,0.1,0.2,0.3,0.4,0.5
2569,Call,10,20,0.1,0.2,0.3,0.4,0.5
2569,Put,10,20,0.1,0.2,0.3,0.4,0.5
2570,Call,10,20,0.1,0.2,0.3,0.4,0.5
2570,Put,10,20,0.1,0.2,0.3,0.4,0.5
2571,Call,10,20,0.1,0.2,0.3,0.4,0.5
2571,Put,10,20,0.1,0.2,0.3,0.4,0.5
2572,Call,10,20,0.1,0.2,0.3,0.4,0.5
2572,Put,10,20,0.1,0.2,0.3,0.4,0.5
2573,Call,10,20,0.1,0.2,0.3,0.4,0.5
2573,Put,10,20,0.1,0.2,0.3,0.4,0.5
2574,Call,10,20,0.1,0.2,0.3,0.4,0.5
2574,Put,10,20,0.1,0.2,0.3,0.4,0.5
2575,Call,10,20,0.1,0.2,0.3,0.4,0.5
2575,Put,10,20,0.1,0.2,0.3,0.4,0.5
2576,Call,10,20,0.1,0.2,0.3,0.4,0.5
2576,Put,10,20,0.1,0.2,0.3,0.4,0.5
2577,Call,10,20,0.1,0.2,0.3,0.4,0.5
2577,Put,10,20,0.1,0.2,0.3,0.4,0.5
2578,Call,10,20,0.1,0.2,0.3,0.4,0.5
2578,Put,10,20,0.1,0.2,0.3,0.4,0.5
2579,Call,10,20,0.1,0.2,0.3,0.4,0.5
2579,Put,10,20,0.1,0.2,0.3,0.4,0.5
2580,Call,10,20,0.1,0.2,0.3,0.4,0.5
2580,Put,10,20,0.1,0.2,0.3,0.4,0.5
2581,Call,10,20,0.1,0.2,0.3,0.4,0.5
2581,Put,10,20,0.1,0.2,0.3,0.4,0.5
2582,Call,10,20,0.1,0.2,0.3,0.4,0.5
2582,Put,10,20,0.1,0.2,0.3,0.4,0.5
2583,Call,10,20,0.1,0.2,0.3,0.4,0.5
2583,Put,10,20,0.1,0.2,0.3,0.4,0.5
2584,Call,10,20,0.1,0.2,0.3,0.4,0.5
2584,Put,10,20,0.1,0.2,0.3,0.4,0.5
2585,Call,10,20,0.1,0.2,0.3,0.4,0.5
2585,Put,10,20,0.1,0.2,0.3,0.4,0.5
2586,Call,10,20,0.1,0.2,0.3,0.4,0.5
2586,Put,10,20,0.1,0.2,0.3,0.4,0.5
2587,Call,10,20,0.1,0.2,0.3,0.4,0.5
2587,Put,10,20,0.1,0.2,0.3,0.4,0.5
2588,Call,10,20,0.1,0.2,0.3,0.4,0.5
2588,Put,10,20,0.1,0.2,0.3,0.4,0.5
2589,Call,10,20,0.1,0.2,0.3,0.4,0.5
2589,Put,10,20,0.1,0.2,0.3,0.4,0.5
2590,Call,10,20,0.1,0.2,0.3,0.4,0.5
2590,Put,10,20,0.1,0.2,0.3,0.4,0.5
2591,Call,10,20,0.1,0.2,0.3,0.4,0.5
2591,Put,10,20,0.1,0.2,0.3,0.4,0.5
2592,Call,10,20,0.1,0.2,0.3,0.4,0.5
2592,Put,10,20,0.1,0.2,0.3,0.4,0.5
2593,Call,10,20,0.1,0.2,0.3,0.4,0.5
2593,Put,10,20,0.1,0.2,0.3,0.4,0.5
2594,Call,10,20,0.1,0.2,0.3,0.4,0.5
2594,Put,10,20,0.1,0.2,0.3,0.4,0.5
2595,Call,10,20,0.1,0.2,0.3,0.4,0.5
2595,Put,10,20,0.1,0.2,0.3,0.4,0.5
2596,Call,10,20,0.1,0.2,0.3,0.4,0.5
2596,Put,10,20,0.1,0.2,0.3,0.4,0.5
2597,Call,10,20,0.1,0.2,0.3,0.4,0.5
2597,Put,10,20,0.1,0.2,0.3,0.4,0.5
2598,Call,10,20,0.1,0.2,0.3,0.4,0.5
2598,Put,10,20,0.1,0.2,0.3,0.4,0.5
2599,Call,10,20,0.1,0.2,0.3,0.4,0.5
2599,Put,10,20,0.1,0.2,0.3,0.4,0.5
2600,Call,10,20,0.1,0.2,0.3,0.4,0.5
2600,Put,10,20,0.1,0.2,0.3,0.4,0.5
2601,Call,10,20,0.1,0.2,0.3,0.4,0.5
2601,Put,10,20,0.1,0.2,0.3,0.4,0.5
2602,Call,10,20,0.1,0.2,0.3,0.4,0.5
2602,Put,10,20,0.1,0.2,0.3,0.4,0.5
2603,Call,10,20,0.1,0.2,0.3,0.4,0.5
2603,Put,10,20,0.1,0.2,0.3,0.4,0.5
2604,Call,10,20,0.1,0.2,0.3,0.4,0.5
2604,Put,10,20,0.1,0.2,0.3,0.4,0.5
2605,Call,10,20,0.1,0.2,0.3,0.4,0.5
2605,Put,10,20,0.1,0.2,0.3,0.4,0.5
2606,Call,10,20,0.1,0.2,0.3,0.4,0.5
2606,Put,10,20,0.1,0.2,0.3,0.4,0.5
2607,Call,10,20,0.1,0.2,0.3,0.4,0.5
2607,Put,10,20,0.1,0.2,0.3,0.4,0.5
2608,Call,10,20,0.1,0.2,0.3,0.4,0.5
2608,Put,10,20,0.1,0.2,0.3,0.4,0.5
2609,Call,10,20,0.1,0.2,0.3,0.4,0.5
2609,Put,10,20,0.1,0.2,0.3,0.4,0.5
2610,Call,10,20,0.1,0.2,0.3,0.4,0.5
2610,Put,10,20,0.1,0.2,0.3,0.4,0.5
2611,Call,10,20,0.1,0.2,0.3,0.4,0.5
2611,Put,10,20,0.1,0.2,0.3,0.4,0.5
2612,Call,10,20,0.1,0.2,0.3,0.4,0.5
2612,Put,10,20,0.1,0.2,0.3,0.4,0.5
2613,Call,10,20,0.1,0.2,0.3,0.4,0.5
2613,Put,10,20,0.1,0.2,0.3,0.4,0.5
2614,Call,10,20,0.1,0.2,0.3,0.4,0.5
2614,Put,10,20,0.1,0.2,0.3,0.4,0.5
2615,Call,10,20,0.1,0.2,0.3,0.4,0.5
2615,Put,10,20,0.1,0.2,0.3,0.4,0.5
2616,Call,10,20,0.1,0.2,0.3,0.4,0.5
2616,Put,10,20,0.1,0.2,0.3,0.4,0.5
2617,Call,10,20,0.1,0.2,0.3,0.4,0.5
2617,Put,10,20,0.1,0.2,0.3,0.4,0.5
2618,Call,10,20,0.1,0.2,0.3,0.4,0.5
2618,Put,10,20,0.1,0.2,0.3,0.4,0.5
2619,Call,10,20,0.1,0.2,0.3,0.4,0.5
2619,Put,10,20,0.1,0.2,0.3,0.4,0.5
2620,Call,10,20,0.1,0.2,0.3,0.4,0.5
2620,Put,10,20,0.1,0.2,0.3,0.4,0.5
2621,Call,10,20,0.1,0.2,0.3,0.4,0.5
2621,Put,10,20,0.1,0.2,0.3,0.4,0.5
2622,Call,10,20,0.1,0.2,0.3,0.4,0.5
2622,Put,10,20,0.1,0.2,0.3,0.4,0.5
2623,Call,10,20,0.1,0.2,0.3,0.4,0.5
2623,Put,10,20,0.1,0.2,0.3,0.4,0.5
2624,Call,10,20,0.1,0.2,0.3,0.4,0.5
2624,Put,10,20,0.1,0.2,0.3,0.4,0.5
2625,Call,10,20,0.1,0.2,0.3,0.4,0.5
2625,Put,10,20,0.1,0.2,0.3,0.4,0.5
2626,Call,10,20,0.1,0.2,0.3,0.4,0.5
2626,Put,10,20,0.1,0.2,0.3,0.4,0.5
2627,Call,10,20,0.1,0.2,0.3,0.4,0.5
2627,Put,10,20,0.1,0.2,0.3,0.4,0.5
2628,Call,10,20,0.1,0.2,0.3,0.4,0.5
2628,Put,10,20,0.1,0.2,0.3,0.4,0.5
2629,Call,10,20,0.1,0.2,0.3,0.4,0.5
2629,Put,10,20,0.1,0.2,0.3,0.4,0.5
2630,Call,10,20,0.1,0.2,0.3,0.4,0.5
2630,Put,10,20,0.1,0.2,0.3,0.4,0.5
2631,Call,10,20,0.1,0.2,0.3,0.4,0.5
2631,Put,10,20,0.1,0.2,0.3,0.4,0.5
2632,Call,10,20,0.1,0.2,0.3,0.4,0.5
2632,Put,10,20,0.1,0.2,0.3,0.4,0.5
2633,Call,10,20,0.1,0.2,0.3,0.4,0.5
2633,Put,10,20,0.1,0.2,0.3,0.4,0.5
2634,Call,10,20,0.1,0.2,0.3,0.4,0.5
2634,Put,10,20,0.1,0.2,0.3,0.4,0.5
2635,Call,10,20,0.1,0.2,0.3,0.4,0.5
2635,Put,10,20,0.1,0.2,0.3,0.4,0.5
2636,Call,10,20,0.1,0.2,0.3,0.4,0.5
2636,Put,10,20,0.1,0.2,0.3,0.4,0.5
2637,Call,10,20,0.1,0.2,0.3,0.4,0.5
2637,Put,10,20,0.1,0.2,0.3,0.4,0.5
2638,Call,10,20,0.1,0.2,0.3,0.4,0.5
2638,Put,10,20,0.1,0.2,0.3,0.4,0.5
2639,Call,10,20,0.1,0.2,0.3,0.4,0.5
2639,Put,10,20,0.1,0.2,0.3,0.4,0.5
2640,Call,10,20,0.1,0.2,0.3,0.4,0.5
2640,Put,10,20,0.1,0.2,0.3,0.4,0.5
2641,Call,10,20,0.1,0.2,0.3,0.4,0.5
2641,Put,10,20,0.1,0.2,0.3,0.4,0.5
2642,Call,10,20,0.1,0.2,0.3,0.4,0.5
2642,Put,10,20,0.1,0.2,0.3,0.4,0.5
2643,Call,10,20,0.1,0.2,0.3,0.4,0.5
2643,Put,10,20,0.1,0.2,0.3,0.4,0.5
2644,Call,10,20,0.1,0.2,0.3,0.4,0.5
2644,Put,10,20,0.1,0.2,0.3,0.4,0.5
2645,Call,10,20,0.1,0.2,0.3,0.4,0.5
2645,Put,10,20,0.1,0.2,0.3,0.4,0.5
2646,Call,10,20,0.1,0.2,0.3,0.4,0.5
2646,Put,10,20,0.1,0.2,0.3,0.4,0.5
2647,Call,10,20,0.1,0.2,0.3,0.4,0.5
2647,Put,10,20,0.1,0.2,0.3,0.4,0.5
2648,Call,10,20,0.1,0.2,0.3,0.4,0.5
2648,Put,10,20,0.1,0.2,0.3,0.4,0.5
2649,Call,10,20,0.1,0.2,0.3,0.4,0.5
2649,Put,10,20,0.1,0.2,0.3,0.4,0.5
2650,Call,10,20,0.1,0.2,0.3,0.4,0.5
2650,Put,10,20,0.1,0.2,0.3,0.4,0.5
2651,Call,10,20,0.1,0.2,0.3,0.4,0.5
2651,Put,10,20,0.1,0.2,0.3,0.4,0.5
2652,Call,10,20,0.1,0.2,0.3,0.4,0.5
2652,Put,10,20,0.1,0.2,0.3,0.4,0.5
2653,Call,10,20,0.1,0.2,0.3,0.4,0.5
2653,Put,10,20,0.1,0.2,0.3,0.4,0.5
2654,Call,10,20,0.1,0.2,0.3,0.4,0.5
2654,Put,10,20,0.1,0.2,0.3,0.4,0.5
2655,Call,10,20,0.1,0.2,0.3,0.4,0.5
2655,Put,10,20,0.1,0.2,0.3,0.4,0.5
2656,Call,10,20,0.1,0.2,0.3,0.4,0.5
2656,Put,10,20,0.1,0.2,0.3,0.4,0.5
2657,Call,10,20,0.1,0.2,0.3,0.4,0.5
2657,Put,10,20,0.1,0.2,0.3,0.4,0.5
2658,Call,10,20,0.1,0.2,0.3,0.4,0.5
2658,Put,10,20,0.1,0.2,0.3,0.4,0.5
2659,Call,10,20,0.1,0.2,0.3,0.4,0.5
2659,Put,10,20,0.1,0.2,0.3,0.4,0.5
2660,Call,10,20,0.1,0.2,0.3,0.4,0.5
2660,Put,10,20,0.1,0.2,0.3,0.4,0.5
2661,Call,10,20,0.1,0.2,0.3,0.4,0.5
2661,Put,10,20,0.1,0.2,0.3,0.4,0.5
2662,Call,10,20,0.1,0.2,0.3,0.4,0.5
2662,Put,10,20,0.1,0.2,0.3,0.4,0.5
2663,Call,10,20,0.1,0.2,0.3,0.4,0.5
2663,Put,10,20,0.1,0.2,0.3,0.4,0.5
2664,Call,10,20,0.1,0.2,0.3,0.4,0.5
2664,Put,10,20,0.1,0.2,0.3,0.4,0.5
2665,Call,10,20,0.1,0.2,0.3,0.4,0.5
2665,Put,10,20,0.1,0.2,0.3,0.4,0.5
2666,Call,10,20,0.1,0.2,0.3,0.4,0.5
2666,Put,10,20,0.1,0.2,0.3,0.4,0.5
2667,Call,10,20,0.1,0.2,0.3,0.4,0.5
2667,Put,10,20,0.1,0.2,0.3,0.4,0.5
2668,Call,10,20,0.1,0.2,0.3,0.4,0.5
2668,Put,10,20,0.1,0.2,0.3,0.4,0.5
2669,Call,10,20,0.1,0.2,0.3,0.4,0.5
2669,Put,10,20,0.1,0.2,0.3,0.4,0.5
2670,Call,10,20,0.1,0.2,0.3,0.4,0.5
2670,Put,10,20,0.1,0.2,0.3,0.4,0.5
2671,Call,10,20,0.1,0.2,0.3,0.4,0.5
2671,Put,10,20,0.1,0.2,0.3,0.4,0.5
2672,Call,10,20,0.1,0.2,0.3,0.4,0.5
2672,Put,10,20,0.1,0.2,0.3,0.4,0.5
2673,Call,10,20,0.1,0.2,0.3,0.4,0.5
2673,Put,10,20,0.1,0.2,0.3,0.4,0.5
2674,Call,10,20,0.1,0.2,0.3,0.4,0.5
2674,Put,10,20,0.1,0.2,0.3,0.4,0.5
2675,Call,10,20,0.1,0.2,0.3,0.4,0.5
2675,Put,10,20,0.1,0.2,0.3,0.4,0.5
2676,Call,10,20,0.1,0.2,0.3,0.4,0.5
2676,Put,10,20,0.1,0.2,0.3,0.4,0.5
2677,Call,10,20,0.1,0.2,0.3,0.4,0.5
2677,Put,10,20,0.1,0.2,0.3,0.4,0.5
2678,Call,10,20,0.1,0.2,0.3,0.4,0.5
2678,Put,10,20,0.1,0.2,0.3,0.4,0.5
2679,Call,10,20,0.1,0.2,0.3,0.4,0.5
2679,Put,10,20,0.1,0.2,0.3,0.4,0.5
2680,Call,10,20,0.1,0.2,0.3,0.4,0.5
2680,Put,10,20,0.1,0.2,0.3,0.4,0.5
2681,Call,10,20,0.1,0.2,0.3,0.4,0.5
2681,Put,10,20,0.1,0.2,0.3,0.4,0.5
2682,Call,10,20,0.1,0.2,0.3,0.4,0.5
2682,Put,10,20,0.1,0.2,0.3,0.4,0.5
2683,Call,10,20,0.1,0.2,0.3,0.4,0.5
2683,Put,10,20,0.1,0.2,0.3,0.4,0.5
2684,Call,10,20,0.1,0.2,0.3,0.4,0.5
2684,Put,10,20,0.1,0.2,0.3,0.4,0.5
2685,Call,10,20,0.1,0.2,0.3,0.4,0.5
2685,Put,10,20,0.1,0.2,0.3,0.4,0.5
2686,Call,10,20,0.1,0.2,0.3,0.4,0.5
2686,Put,10,20,0.1,0.2,0.3,0.4,0.5
2687,Call,10,20,0.1,0.2,0.3,0.4,0.5
2687,Put,10,20,0.1,0.2,0.3,0.4,0.5
2688,Call,10,20,0.1,0.2,0.3,0.4,0.5
2688,Put,10,20,0.1,0.2,0.3,0.4,0.5
2689,Call,10,20,0.1,0.2,0.3,0.4,0.5
2689,Put,10,20,0.1,0.2,0.3,0.4,0.5
2690,Call,10,20,0.1,0.2,0.3,0.4,0.5
2690,Put,10,20,0.1,0.2,0.3,0.4,0.5
2691,Call,10,20,0.1,0.2,0.3,0.4,0.5
2691,Put,10,20,0.1,0.2,0.3,0.4,0.5
2692,Call,10,20,0.1,0.2,0.3,0.4,0.5
2692,Put,10,20,0.1,0.2,0.3,0.4,0.5
2693,Call,10,20,0.1,0.2,0.3,0.4,0.5
2693,Put,10,20,0.1,0.2,0.3,0.4,0.5
2694,Call,10,20,0.1,0.2,0.3,0.4,0.5
2694,Put,10,20,0.1,0.2,0.3,0.4,0.5
2695,Call,10,20,0.1,0.2,0.3,0.4,0.5
2695,Put,10,20,0.1,0.2,0.3,0.4,0.5
2696,Call,10,20,0.1,0.2,0.3,0.4,0.5
2696,Put,10,20,0.1,0.2,0.3,0.4,0.5
2697,Call,10,20,0.1,0.2,0.3,0.4,0.5
2697,Put,10,20,0.1,0.2,0.3,0.4,0.5
2698,Call,10,20,0.1,0.2,0.3,0.4,0.5
2698,Put,10,20,0.1,0.2,0.3,0.4,0.5
2699,Call,10,20,0.1,0.2,0.3,0.4,0.5
2699,Put,10,20,0.1,0.2,0.3,0.4,0.5
2700,Call,10,20,0.1,0.2,0.3,0.4,0.5
2700,Put,10,20,0.1,0.2,0.3,0.4,0.5
2701,Call,10,20,0.1,0.2,0.3,0.4,0.5
2701,Put,10,20,0.1,0.2,0.3,0.4,0.5
2702,Call,10,20,0.1,0.2,0.3,0.4,0.5
2702,Put,10,20,0.1,0.2,0.3,0.4,0.5
2703,Call,10,20,0.1,0.2,0.3,0.4,0.5
2703,Put,10,20,0.1,0.2,0.3,0.4,0.5
2704,Call,10,20,0.1,0.2,0.3,0.4,0.5
2704,Put,10,20,0.1,0.2,0.3,0.4,0.5
2705,Call,10,20,0.1,0.2,0.3,0.4,0.5
2705,Put,10,20,0.1,0.2,0.3,0.4,0.5
2706,Call,10,20,0.1,0.2,0.3,0.4,0.5
2706,Put,10,20,0.1,0.2,0.3,0.4,0.5
2707,Call,10,20,0.1,0.2,0.3,0.4,0.5
2707,Put,10,20,0.1,0.2,0.3,0.4,0.5
2708,Call,10,20,0.1,0.2,0.3,0.4,0.5
2708,Put,10,20,0.1,0.2,0.3,0.4,0.5
2709,Call,10,20,0.1,0.2,0.3,0.4,0.5
2709,Put,10,20,0.1,0.2,0.3,0.4,0.5
2710,Call,10,20,0.1,0.2,0.3,0.4,0.5
2710,Put,10,20,0.1,0.2,0.3,0.4,0.5
2711,Call,10,20,0.1,0.2,0.3,0.4,0.5
2711,Put,10,20,0.1,0.2,0.3,0.4,0.5
2712,Call,10,20,0.1,0.2,0.3,0.4,0.5
2712,Put,10,20,0.1,0.2,0.3,0.4,0.5
2713,Call,10,20,0.1,0.2,0.3,0.4,0.5
2713,Put,10,20,0.1,0.2,0.3,0.4,0.5
2714,Call,10,20,0.1,0.2,0.3,0.4,0.5
2714,Put,10,20,0.1,0.2,0.3,0.4,0.5
2715,Call,10,20,0.1,0.2,0.3,0.4,0.5
2715,Put,10,20,0.1,0.2,0.3,0.4,0.5
2716,Call,10,20,0.1,0.2,0.3,0.4,0.5
2716,Put,10,20,0.1,0.2,0.3,0.4,0.5
2717,Call,10,20,0.1,0.2,0.3,0.4,0.5
2717,Put,10,20,0.1,0.2,0.3,0.4,0.5
2718,Call,10,20,0.1,0.2,0.3,0.4,0.5
2718,Put,10,20,0.1,0.2,0.3,0.4,0.5
2719,Call,10,20,0.1,0.2,0.3,0.4,0.5
2719,Put,10,20,0.1,0.2,0.3,0.4,0.5
2720,Call,10,20,0.1,0.2,0.3,0.4,0.5
2720,Put,10,20,0.1,0.2,0.3,0.4,0.5
2721,Call,10,20,0.1,0.2,0.3,0.4,0.5
2721,Put,10,20,0.1,0.2,0.3,0.4,0.5
2722,Call,10,20,0.1,0.2,0.3,0.4,0.5
2722,Put,10,20,0.1,0.2,0.3,0.4,0.5
2723,Call,10,20,0.1,0.2,0.3,0.4,0.5
2723,Put,10,20,0.1,0.2,0.3,0.4,0.5
2724,Call,10,20,0.1,0.2,0.3,0.4,0.5
2724,Put,10,20,0.1,0.2,0.3,0.4,0.5
2725,Call,10,20,0.1,0.2,0.3,0.4,0.5
2725,Put,10,20,0.1,0.2,0.3,0.4,0.5
2726,Call,10,20,0.1,0.2,0.3,0.4,0.5
2726,Put,10,20,0.1,0.2,0.3,0.4,0.5
2727,Call,10,20,0.1,0.2,0.3,0.4,0.5
2727,Put,10,20,0.1,0.2,0.3,0.4,0.5
2728,Call,10,20,0.1,0.2,0.3,0.4,0.5
2728,Put,10,20,0.1,0.2,0.3,0.4,0.5
2729,Call,10,20,0.1,0.2,0.3,0.4,0.5
2729,Put,10,20,0.1,0.2,0.3,0.4,0.5
2730,Call,10,20,0.1,0.2,0.3,0.4,0.5
2730,Put,10,20,0.1,0.2,0.3,0.4,0.5
2731,Call,10,20,0.1,0.2,0.3,0.4,0.5
2731,Put,10,20,0.1,0.2,0.3,0.4,0.5
2732,Call,10,20,0.1,0.2,0.3,0.4,0.5
2732,Put,10,20,0.1,0.2,0.3,0.4,0.5
2733,Call,10,20,0.1,0.2,0.3,0.4,0.5
2733,Put,10,20,0.1,0.2,0.3,0.4,0.5
2734,Call,10,20,0.1,0.2,0.3,0.4,0.5
2734,Put,10,20,0.1,0.2,0.3,0.4,0.5
2735,Call,10,20,0.1,0.2,0.3,0.4,0.5
2735,Put,10,20,0.1,0.2,0.3,0.4,0.5
2736,Call,10,20,0.1,0.2,0.3,0.4,0.5
2736,Put,10,20,0.1,0.2,0.3,0.4,0.5
2737,Call,10,20,0.1,0.2,0.3,0.4,0.5
2737,Put,10,20,0.1,0.2,0.3,0.4,0.5
2738,Call,10,20,0.1,0.2,0.3,0.4,0.5
2738,Put,10,20,0.1,0.2,0.3,0.4,0.5
2739,Call,10,20,0.1,0.2,0.3,0.4,0.5
2739,Put,10,20,0.1,0.2,0.3,0.4,0.5
2740,Call,10,20,0.1,0.2,0.3,0.4,0.5
2740,Put,10,20,0.1,0.2,0.3,0.4,0.5
2741,Call,10,20,0.1,0.2,0.3,0.4,0.5
2741,Put,10,20,0.1,0.2,0.3,0.4,0.5
2742,Call,10,20,0.1,0.2,0.3,0.4,0.5
2742,Put,10,20,0.1,0.2,0.3,0.4,0.5
2743,Call,10,20,0.1,0.2,0.3,0.4,0.5
2743,Put,10,20,0.1,0.2,0.3,0.4,0.5
2744,Call,10,20,0.1,0.2,0.3,0.4,0.5
2744,Put,10,20,0.1,0.2,0.3,0.4,0.5
2745,Call,10,20,0.1,0.2,0.3,0.4,0.5
2745,Put,10,20,0.1,0.2,0.3,0.4,0.5
2746,Call,10,20,0.1,0.2,0.3,0.4,0.5
2746,Put,10,20,0.1,0.2,0.3,0.4,0.5
2747,Call,10,20,0.1,0.2,0.3,0.4,0.5
2747,Put,10,20,0.1,0.2,0.3,0.4,0.5
2748,Call,10,20,0.1,0.2,0.3,0.4,0.5
2748,Put,10,20,0.1,0.2,0.3,0.4,0.5
2749,Call,10,20,0.1,0.2,0.3,0.4,0.5
2749,Put,10,20,0.1,0.2,0.3,0.4,0.5
2750,Call,10,20,0.1,0.2,0.3,0.4,0.5
2750,Put,10,20,0.1,0.2,0.3,0.4,0.5
2751,Call,10,20,0.1,0.2,0.3,0.4,0.5
2751,Put,10,20,0.1,0.2,0.3,0.4,0.5
2752,Call,10,20,0.1,0.2,0.3,0.4,0.5
2752,Put,10,20,0.1,0.2,0.3,0.4,0.5
2753,Call,10,20,0.1,0.2,0.3,0.4,0.5
2753,Put,10,20,0.1,0.2,0.3,0.4,0.5
2754,Call,10,20,0.1,0.2,0.3,0.4,0.5
2754,Put,10,20,0.1,0.2,0.3,0.4,0.5
2755,Call,10,20,0.1,0.2,0.3,0.4,0.5
2755,Put,10,20,0.1,0.2,0.3,0.4,0.5
2756,Call,10,20,0.1,0.2,0.3,0.4,0.5
2756,Put,10,20,0.1,0.2,0.3,0.4,0.5
2757,Call,10,20,0.1,0.2,0.3,0.4,0.5
2757,Put,10,20,0.1,0.2,0.3,0.4,0.5
2758,Call,10,20,0.1,0.2,0.3,0.4,0.5
2758,Put,10,20,0.1,0.2,0.3,0.4,0.5
2759,Call,10,20,0.1,0.2,0.3,0.4,0.5
2759,Put,10,20,0.1,0.2,0.3,0.4,0.5
2760,Call,10,20,0.1,0.2,0.3,0.4,0.5
2760,Put,10,20,0.1,0.2,0.3,0.4,0.5
2761,Call,10,20,0.1,0.2,0.3,0.4,0.5
2761,Put,10,20,0.1,0.2,0.3,0.4,0.5
2762,Call,10,20,0.1,0.2,0.3,0.4,0.5
2762,Put,10,20,0.1,0.2,0.3,0.4,0.5
2763,Call,10,20,0.1,0.2,0.3,0.4,0.5
2763,Put,10,20,0.1,0.2,0.3,0.4,0.5
2764,Call,10,20,0.1,0.2,0.3,0.4,0.5
2764,Put,10,20,0.1,0.2,0.3,0.4,0.5
2765,Call,10,20,0.1,0.2,0.3,0.4,0.5
2765,Put,10,20,0.1,0.2,0.3,0.4,0.5
2766,Call,10,20,0.1,0.2,0.3,0.4,0.5
2766,Put,10,20,0.1,0.2,0.3,0.4,0.5
2767,Call,10,20,0.1,0.2,0.3,0.4,0.5
2767,Put,10,20,0.1,0.2,0.3,0.4,0.5
2768,Call,10,20,0.1,0.2,0.3,0.4,0.5
2768,Put,10,20,0.1,0.2,0.3,0.4,0.5
2769,Call,10,20,0.1,0.2,0.3,0.4,0.5
2769,Put,10,20,0.1,0.2,0.3,0.4,0.5
2770,Call,10,20,0.1,0.2,0.3,0.4,0.5
2770,Put,10,20,0.1,0.2,0.3,0.4,0.5
2771,Call,10,20,0.1,0.2,0.3,0.4,0.5
2771,Put,10,20,0.1,0.2,0.3,0.4,0.5
2772,Call,10,20,0.1,0.2,0.3,0.4,0.5
2772,Put,10,20,0.1,0.2,0.3,0.4,0.5
2773,Call,10,20,0.1,0.2,0.3,0.4,0.5
2773,Put,10,20,0.1,0.2,0.3,0.4,0.5
2774,Call,10,20,0.1,0.2,0.3,0.4,0.5
2774,Put,10,20,0.1,0.2,0.3,0.4,0.5
2775,Call,10,20,0.1,0.2,0.3,0.4,0.5
2775,Put,10,20,0.1,0.2,0.3,0.4,0.5
2776,Call,10,20,0.1,0.2,0.3,0.4,0.5
2776,Put,10,20,0.1,0.2,0.3,0.4,0.5
2777,Call,10,20,0.1,0.2,0.3,0.4,0.5
2777,Put,10,20,0.1,0.2,0.3,0.4,0.5
2778,Call,10,20,0.1,0.2,0.3,0.4,0.5
2778,Put,10,20,0.1,0.2,0.3,0.4,0.5
2779,Call,10,20,0.1,0.2,0.3,0.4,0.5
2779,Put,10,20,0.1,0.2,0.3,0.4,0.5
2780,Call,10,20,0.1,0.2,0.3,0.4,0.5
2780,Put,10,20,0.1,0.2,0.3,0.4,0.5
2781,Call,10,20,0.1,0.2,0.3,0.4,0.5
2781,Put,10,20,0.1,0.2,0.3,0.4,0.5
2782,Call,10,20,0.1,0.2,0.3,0.4,0.5
2782,Put,10,20,0.1,0.2,0.3,0.4,0.5
2783,Call,10,20,0.1,0.2,0.3,0.4,0.5
2783,Put,10,20,0.1,0.2,0.3,0.4,0.5
2784,Call,10,20,0.1,0.2,0.3,0.4,0.5
2784,Put,10,20,0.1,0.2,0.3,0.4,0.5
2785,Call,10,20,0.1,0.2,0.3,0.4,0.5
2785,Put,10,20,0.1,0.2,0.3,0.4,0.5
2786,Call,10,20,0.1,0.2,0.3,0.4,0.5
2786,Put,10,20,0.1,0.2,0.3,0.4,0.5
2787,Call,10,20,0.1,0.2,0.3,0.4,0.5
2787,Put,10,20,0.1,0.2,0.3,0.4,0.5
2788,Call,10,20,0.1,0.2,0.3,0.4,0.5
2788,Put,10,20,0.1,0.2,0.3,0.4,0.5
2789,Call,10,20,0.1,0.2,0.3,0.4,0.5
2789,Put,10,20,0.1,0.2,0.3,0.4,0.5
2790,Call,10,20,0.1,0.2,0.3,0.4,0.5
2790,Put,10,20,0.1,0.2,0.3,0.4,0.5
2791,Call,10,20,0.1,0.2,0.3,0.4,0.5
2791,Put,10,20,0.1,0.2,0.3,0.4,0.5
2792,Call,10,20,0.1,0.2,0.3,0.4,0.5
2792,Put,10,20,0.1,0.2,0.3,0.4,0.5
2793,Call,10,20,0.1,0.2,0.3,0.4,0.5
2793,Put,10,20,0.1,0.2,0.3,0.4,0.5
2794,Call,10,20,0.1,0.2,0.3,0.4,0.5
2794,Put,10,20,0.1,0.2,0.3,0.4,0.5
2795,Call,10,20,0.1,0.2,0.3,0.4,0.5
2795,Put,10,20,0.1,0.2,0.3,0.4,0.5
2796,Call,10,20,0.1,0.2,0.3,0.4,0.5
2796,Put,10,20,0.1,0.2,0.3,0.4,0.5
2797,Call,10,20,0.1,0.2,0.3,0.4,0.5
2797,Put,10,20,0.1,0.2,0.3,0.4,0.5
2798,Call,10,20,0.1,0.2,0.3,0.4,0.5
2798,Put,10,20,0.1,0.2,0.3,0.4,0.5
2799,Call,10,20,0.1,0.2,0.3,0.4,0.5
2799,Put,10,20,0.1,0.2,0.3,0.4,0.5
2800,Call,10,20,0.1,0.2,0.3,0.4,0.5
2800,Put,10,20,0.1,0.2,0.3,0.4,0.5
2801,Call,10,20,0.1,0.2,0.3,0.4,0.5
2801,Put,10,20,0.1,0.2,0.3,0.4,0.5
2802,Call,10,20,0.1,0.2,0.3,0.4,0.5
2802,Put,10,20,0.1,0.2,0.3,0.4,0.5
2803,Call,10,20,0.1,0.2,0.3,0.4,0.5
2803,Put,10,20,0.1,0.2,0.3,0.4,0.5
2804,Call,10,20,0.1,0.2,0.3,0.4,0.5
2804,Put,10,20,0.1,0.2,0.3,0.4,0.5
2805,Call,10,20,0.1,0.2,0.3,0.4,0.5
2805,Put,10,20,0.1,0.2,0.3,0.4,0.5
2806,Call,10,20,0.1,0.2,0.3,0.4,0.5
2806,Put,10,20,0.1,0.2,0.3,0.4,0.5
2807,Call,10,20,0.1,0.2,0.3,0.4,0.5
2807,Put,10,20,0.1,0.2,0.3,0.4,0.5
2808,Call,10,20,0.1,0.2,0.3,0.4,0.5
2808,Put,10,20,0.1,0.2,0.3,0.4,0.5
2809,Call,10,20,0.1,0.2,0.3,0.4,0.5
2809,Put,10,20,0.1,0.2,0.3,0.4,0.5
2810,Call,10,20,0.1,0.2,0.3,0.4,0.5
2810,Put,10,20,0.1,0.2,0.3,0.4,0.5
2811,Call,10,20,0.1,0.2,0.3,0.4,0.5
2811,Put,10,20,0.1,0.2,0.3,0.4,0.5
2812,Call,10,20,0.1,0.2,0.3,0.4,0.5
2812,Put,10,20,0.1,0.2,0.3,0.4,0.5
2813,Call,10,20,0.1,0.2,0.3,0.4,0.5
2813,Put,10,20,0.1,0.2,0.3,0.4,0.5
2814,Call,10,20,0.1,0.2,0.3,0.4,0.5
2814,Put,10,20,0.1,0.2,0.3,0.4,0.5
2815,Call,10,20,0.1,0.2,0.3,0.4,0.5
2815,Put,10,20,0.1,0.2,0.3,0.4,0.5
2816,Call,10,20,0.1,0.2,0.3,0.4,0.5
2816,Put,10,20,0.1,0.2,0.3,0.4,0.5
2817,Call,10,20,0.1,0.2,0.3,0.4,0.5
2817,Put,10,20,0.1,0.2,0.3,0.4,0.5
2818,Call,10,20,0.1,0.2,0.3,0.4,0.5
2818,Put,10,20,0.1,0.2,0.3,0.4,0.5
2819,Call,10,20,0.1,0.2,0.3,0.4,0.5
2819,Put,10,20,0.1,0.2,0.3,0.4,0.5
2820,Call,10,20,0.1,0.2,0.3,0.4,0.5
2820,Put,10,20,0.1,0.2,0.3,0.4,0.5
2821,Call,10,20,0.1,0.2,0.3,0.4,0.5
2821,Put,10,20,0.1,0.2,0.3,0.4,0.5
2822,Call,10,20,0.1,0.2,0.3,0.4,0.5
2822,Put,10,20,0.1,0.2,0.3,0.4,0.5
2823,Call,10,20,0.1,0.2,0.3,0.4,0.5
2823,Put,10,20,0.1,0.2,0.3,0.4,0.5
2824,Call,10,20,0.1,0.2,0.3,0.4,0.5
2824,Put,10,20,0.1,0.2,0.3,0.4,0.5
2825,Call,10,20,0.1,0.2,0.3,0.4,0.5
2825,Put,10,20,0.1,0.2,0.3,0.4,0.5
2826,Call,10,20,0.1,0.2,0.3,0.4,0.5
2826,Put,10,20,0.1,0.2,0.3,0.4,0.5
2827,Call,10,20,0.1,0.2,0.3,0.4,0.5
2827,Put,10,20,0.1,0.2,0.3,0.4,0.5
2828,Call,10,20,0.1,0.2,0.3,0.4,0.5
2828,Put,10,20,0.1,0.2,0.3,0.4,0.5
2829,Call,10,20,0.1,0.2,0.3,0.4,0.5
2829,Put,10,20,0.1,0.2,0.3,0.4,0.5
2830,Call,10,20,0.1,0.2,0.3,0.4,0.5
2830,Put,10,20,0.1,0.2,0.3,0.4,0.5
2831,Call,10,20,0.1,0.2,0.3,0.4,0.5
2831,Put,10,20,0.1,0.2,0.3,0.4,0.5
2832,Call,10,20,0.1,0.2,0.3,0.4,0.5
2832,Put,10,20,0.1,0.2,0.3,0.4,0.5
2833,Call,10,20,0.1,0.2,0.3,0.4,0.5
2833,Put,10,20,0.1,0.2,0.3,0.4,0.5
2834,Call,10,20,0.1,0.2,0.3,0.4,0.5
2834,Put,10,20,0.1,0.2,0.3,0.4,0.5
2835,Call,10,20,0.1,0.2,0.3,0.4,0.5
2835,Put,10,20,0.1,0.2,0.3,0.4,0.5
2836,Call,10,20,0.1,0.2,0.3,0.4,0.5
2836,Put,10,20,0.1,0.2,0.3,0.4,0.5
2837,Call,10,20,0.1,0.2,0.3,0.4,0.5
2837,Put,10,20,0.1,0.2,0.3,0.4,0.5
2838,Call,10,20,0.1,0.2,0.3,0.4,0.5
2838,Put,10,20,0.1,0.2,0.3,0.4,0.5
2839,Call,10,20,0.1,0.2,0.3,0.4,0.5
2839,Put,10,20,0.1,0.2,0.3,0.4,0.5
2840,Call,10,20,0.1,0.2,0.3,0.4,0.5
2840,Put,10,20,0.1,0.2,0.3,0.4,0.5
2841,Call,10,20,0.1,0.2,0.3,0.4,0.5
2841,Put,10,20,0.1,0.2,0.3,0.4,0.5
2842,Call,10,20,0.1,0.2,0.3,0.4,0.5
2842,Put,10,20,0.1,0.2,0.3,0.4,0.5
2843,Call,10,20,0.1,0.2,0.3,0.4,0.5
2843,Put,10,20,0.1,0.2,0.3,0.4,0.5
2844,Call,10,20,0.1,0.2,0.3,0.4,0.5
2844,Put,10,20,0.1,0.2,0.3,0.4,0.5
2845,Call,10,20,0.1,0.2,0.3,0.4,0.5
2845,Put,10,20,0.1,0.2,0.3,0.4,0.5
2846,Call,10,20,0.1,0.2,0.3,0.4,0.5
2846,Put,10,20,0.1,0.2,0.3,0.4,0.5
2847,Call,10,20,0.1,0.2,0.3,0.4,0.5
2847,Put,10,20,0.1,0.2,0.3,0.4,0.5
2848,Call,10,20,0.1,0.2,0.3,0.4,0.5
2848,Put,10,20,0.1,0.2,0.3,0.4,0.5
2849,Call,10,20,0.1,0.2,0.3,0.4,0.5
2849,Put,10,20,0.1,0.2,0.3,0.4,0.5
2850,Call,10,20,0.1,0.2,0.3,0.4,0.5
2850,Put,10,20,0.1,0.2,0.3,0.4,0.5
2851,Call,10,20,0.1,0.2,0.3,0.4,0.5
2851,Put,10,20,0.1,0.2,0.3,0.4,0.5
2852,Call,10,20,0.1,0.2,0.3,0.4,0.5
2852,Put,10,20,0.1,0.2,0.3,0.4,0.5
2853,Call,10,20,0.1,0.2,0.3,0.4,0.5
2853,Put,10,20,0.1,0.2,0.3,0.4,0.5
2854,Call,10,20,0.1,0.2,0.3,0.4,0.5
2854,Put,10,20,0.1,0.2,0.3,0.4,0.5
2855,Call,10,20,0.1,0.2,0.3,0.4,0.5
2855,Put,10,20,0.1,0.2,0.3,0.4,0.5
2856,Call,10,20,0.1,0.2,0.3,0.4,0.5
2856,Put,10,20,0.1,0.2,0.3,0.4,0.5
2857,Call,10,20,0.1,0.2,0.3,0.4,0.5
2857,Put,10,20,0.1,0.2,0.3,0.4,0.5
2858,Call,10,20,0.1,0.2,0.3,0.4,0.5
2858,Put,10,20,0.1,0.2,0.3,0.4,0.5
2859,Call,10,20,0.1,0.2,0.3,0.4,0.5
2859,Put,10,20,0.1,0.2,0.3,0.4,0.5
2860,Call,10,20,0.1,0.2,0.3,0.4,0.5
2860,Put,10,20,0.1,0.2,0.3,0.4,0.5
2861,Call,10,20,0.1,0.2,0.3,0.4,0.5
2861,Put,10,20,0.1,0.2,0.3,0.4,0.5
2862,Call,10,20,0.1,0.2,0.3,0.4,0.5
2862,Put,10,20,0.1,0.2,0.3,0.4,0.5
2863,Call,10,20,0.1,0.2,0.3,0.4,0.5
2863,Put,10,20,0.1,0.2,0.3,0.4,0.5
2864,Call,10,20,0.1,0.2,0.3,0.4,0.5
2864,Put,10,20,0.1,0.2,0.3,0.4,0.5
2865,Call,10,20,0.1,0.2,0.3,0.4,0.5
2865,Put,10,20,0.1,0.2,0.3,0.4,0.5
2866,Call,10,20,0.1,0.2,0.3,0.4,0.5
2866,Put,10,20,0.1,0.2,0.3,0.4,0.5
2867,Call,10,20,0.1,0.2,0.3,0.4,0.5
2867,Put,10,20,0.1,0.2,0.3,0.4,0.5
2868,Call,10,20,0.1,0.2,0.3,0.4,0.5
2868,Put,10,20,0.1,0.2,0.3,0.4,0.5
2869,Call,10,20,0.1,0.2,0.3,0.4,0.5
2869,Put,10,20,0.1,0.2,0.3,0.4,0.5
2870,Call,10,20,0.1,0.2,0.3,0.4,0.5
2870,Put,10,20,0.1,0.2,0.3,0.4,0.5
2871,Call,10,20,0.1,0.2,0.3,0.4,0.5
2871,Put,10,20,0.1,0.2,0.3,0.4,0.5
2872,Call,10,20,0.1,0.2,0.3,0.4,0.5
2872,Put,10,20,0.1,0.2,0.3,0.4,0.5
2873,Call,10,20,0.1,0.2,0.3,0.4,0.5
2873,Put,10,20,0.1,0.2,0.3,0.4,0.5
2874,Call,10,20,0.1,0.2,0.3,0.4,0.5
2874,Put,10,20,0.1,0.2,0.3,0.4,0.5
2875,Call,10,20,0.1,0.2,0.3,0.4,0.5
2875,Put,10,20,0.1,0.2,0.3,0.4,0.5
2876,Call,10,20,0.1,0.2,0.3,0.4,0.5
2876,Put,10,20,0.1,0.2,0.3,0.4,0.5
2877,Call,10,20,0.1,0.2,0.3,0.4,0.5
2877,Put,10,20,0.1,0.2,0.3,0.4,0.5
2878,Call,10,20,0.1,0.2,0.3,0.4,0.5
2878,Put,10,20,0.1,0.2,0.3,0.4,0.5
2879,Call,10,20,0.1,0.2,0.3,0.4,0.5
2879,Put,10,20,0.1,0.2,0.3,0.4,0.5
2880,Call,10,20,0.1,0.2,0.3,0.4,0.5
2880,Put,10,20,0.1,0.2,0.3,0.4,0.5
2881,Call,10,20,0.1,0.2,0.3,0.4,0.5
2881,Put,10,20,0.1,0.2,0.3,0.4,0.5
2882,Call,10,20,0.1,0.2,0.3,0.4,0.5
2882,Put,10,20,0.1,0.2,0.3,0.4,0.5
2883,Call,10,20,0.1,0.2,0.3,0.4,0.5
2883,Put,10,20,0.1,0.2,0.3,0.4,0.5
2884,Call,10,20,0.1,0.2,0.3,0.4,0.5
2884,Put,10,20,0.1,0.2,0.3,0.4,0.5
2885,Call,10,20,0.1,0.2,0.3,0.4,0.5
2885,Put,10,20,0.1,0.2,0.3,0.4,0.5
2886,Call,10,20,0.1,0.2,0.3,0.4,0.5
2886,Put,10,20,0.1,0.2,0.3,0.4,0.5
2887,Call,10,20,0.1,0.2,0.3,0.4,0.5
2887,Put,10,20,0.1,0.2,0.3,0.4,0.5
2888,Call,10,20,0.1,0.2,0.3,0.4,0.5
2888,Put,10,20,0.1,0.2,0.3,0.4,0.5
2889,Call,10,20,0.1,0.2,0.3,0.4,0.5
2889,Put,10,20,0.1,0.2,0.3,0.4,0.5
2890,Call,10,20,0.1,0.2,0.3,0.4,0.5
2890,Put,10,20,0.1,0.2,0.3,0.4,0.5
2891,Call,10,20,0.1,0.2,0.3,0.4,0.5
2891,Put,10,20,0.1,0.2,0.3,0.4,0.5
2892,Call,10,20,0.1,0.2,0.3,0.4,0.5
2892,Put,10,20,0.1,0.2,0.3,0.4,0.5
2893,Call,10,20,0.1,0.2,0.3,0.4,0.5
2893,Put,10,20,0.1,0.2,0.3,0.4,0.5
2894,Call,10,20,0.1,0.2,0.3,0.4,0.5
2894,Put,10,20,0.1,0.2,0.3,0.4,0.5
2895,Call,10,20,0.1,0.2,0.3,0.4,0.5
2895,Put,10,20,0.1,0.2,0.3,0.4,0.5
2896,Call,10,20,0.1,0.2,0.3,0.4,0.5
2896,Put,10,20,0.1,0.2,0.3,0.4,0.5
2897,Call,10,20,0.1,0.2,0.3,0.4,0.5
2897,Put,10,20,0.1,0.2,0.3,0.4,0.5
2898,Call,10,20,0.1,0.2,0.3,0.4,0.5
2898,Put,10,20,0.1,0.2,0.3,0.4,0.5
2899,Call,10,20,0.1,0.2,0.3,0.4,0.5
2899,Put,10,20,0.1,0.2,0.3,0.4,0.5
2900,Call,10,20,0.1,0.2,0.3,0.4,0.5
2900,Put,10,20,0.1,0.2,0.3,0.4,0.5
2901,Call,10,20,0.1,0.2,0.3,0.4,0.5
2901,Put,10,20,0.1,0.2,0.3,0.4,0.5
2902,Call,10,20,0.1,0.2,0.3,0.4,0.5
2902,Put,10,20,0.1,0.2,0.3,0.4,0.5
2903,Call,10,20,0.1,0.2,0.3,0.4,0.5
2903,Put,10,20,0.1,0.2,0.3,0.4,0.5
2904,Call,10,20,0.1,0.2,0.3,0.4,0.5
2904,Put,10,20,0.1,0.2,0.3,0.4,0.5
2905,Call,10,20,0.1,0.2,0.3,0.4,0.5
2905,Put,10,20,0.1,0.2,0.3,0.4,0.5
2906,Call,10,20,0.1,0.2,0.3,0.4,0.5
2906,Put,10,20,0.1,0.2,0.3,0.4,0.5
2907,Call,10,20,0.1,0.2,0.3,0.4,0.5
2907,Put,10,20,0.1,0.2,0.3,0.4,0.5
2908,Call,10,20,0.1,0.2,0.3,0.4,0.5
2908,Put,10,20,0.1,0.2,0.3,0.4,0.5
2909,Call,10,20,0.1,0.2,0.3,0.4,0.5
2909,Put,10,20,0.1,0.2,0.3,0.4,0.5
2910,Call,10,20,0.1,0.2,0.3,0.4,0.5
2910,Put,10,20,0.1,0.2,0.3,0.4,0.5
2911,Call,10,20,0.1,0.2,0.3,0.4,0.5
2911,Put,10,20,0.1,0.2,0.3,0.4,0.5
2912,Call,10,20,0.1,0.2,0.3,0.4,0.5
2912,Put,10,20,0.1,0.2,0.3,0.4,0.5
2913,Call,10,20,0.1,0.2,0.3,0.4,0.5
2913,Put,10,20,0.1,0.2,0.3,0.4,0.5
2914,Call,10,20,0.1,0.2,0.3,0.4,0.5
2914,Put,10,20,0.1,0.2,0.3,0.4,0.5
2915,Call,10,20,0.1,0.2,0.3,0.4,0.5
2915,Put,10,20,0.1,0.2,0.3,0.4,0.5
2916,Call,10,20,0.1,0.2,0.3,0.4,0.5
2916,Put,10,20,0.1,0.2,0.3,0.4,0.5
2917,Call,10,20,0.1,0.2,0.3,0.4,0.5
2917,Put,10,20,0.1,0.2,0.3,0.4,0.5
2918,Call,10,20,0.1,0.2,0.3,0.4,0.5
2918,Put,10,20,0.1,0.2,0.3,0.4,0.5
2919,Call,10,20,0.1,0.2,0.3,0.4,0.5
2919,Put,10,20,0.1,0.2,0.3,0.4,0.5
2920,Call,10,20,0.1,0.2,0.3,0.4,0.5
2920,Put,10,20,0.1,0.2,0.3,0.4,0.5
2921,Call,10,20,0.1,0.2,0.3,0.4,0.5
2921,Put,10,20,0.1,0.2,0.3,0.4,0.5
2922,Call,10,20,0.1,0.2,0.3,0.4,0.5
2922,Put,10,20,0.1,0.2,0.3,0.4,0.5
2923,Call,10,20,0.1,0.2,0.3,0.4,0.5
2923,Put,10,20,0.1,0.2,0.3,0.4,0.5
2924,Call,10,20,0.1,0.2,0.3,0.4,0.5
2924,Put,10,20,0.1,0.2,0.3,0.4,0.5
2925,Call,10,20,0.1,0.2,0.3,0.4,0.5
2925,Put,10,20,0.1,0.2,0.3,0.4,0.5
2926,Call,10,20,0.1,0.2,0.3,0.4,0.5
2926,Put,10,20,0.1,0.2,0.3,0.4,0.5
2927,Call,10,20,0.1,0.2,0.3,0.4,0.5
2927,Put,10,20,0.1,0.2,0.3,0.4,0.5
2928,Call,10,20,0.1,0.2,0.3,0.4,0.5
2928,Put,10,20,0.1,0.2,0.3,0.4,0.5
2929,Call,10,20,0.1,0.2,0.3,0.4,0.5
2929,Put,10,20,0.1,0.2,0.3,0.4,0.5
2930,Call,10,20,0.1,0.2,0.3,0.4,0.5
2930,Put,10,20,0.1,0.2,0.3,0.4,0.5
2931,Call,10,20,0.1,0.2,0.3,0.4,0.5
2931,Put,10,20,0.1,0.2,0.3,0.4,0.5
2932,Call,10,20,0.1,0.2,0.3,0.4,0.5
2932,Put,10,20,0.1,0.2,0.3,0.4,0.5
2933,Call,10,20,0.1,0.2,0.3,0.4,0.5
2933,Put,10,20,0.1,0.2,0.3,0.4,0.5
2934,Call,10,20,0.1,0.2,0.3,0.4,0.5
2934,Put,10,20,0.1,0.2,0.3,0.4,0.5
2935,Call,10,20,0.1,0.2,0.3,0.4,0.5
2935,Put,10,20,0.1,0.2,0.3,0.4,0.5
2936,Call,10,20,0.1,0.2,0.3,0.4,0.5
2936,Put,10,20,0.1,0.2,0.3,0.4,0.5
2937,Call,10,20,0.1,0.2,0.3,0.4,0.5
2937,Put,10,20,0.1,0.2,0.3,0.4,0.5
2938,Call,10,20,0.1,0.2,0.3,0.4,0.5
2938,Put,10,20,0.1,0.2,0.3,0.4,0.5
2939,Call,10,20,0.1,0.2,0.3,0.4,0.5
2939,Put,10,20,0.1,0.2,0.3,0.4,0.5
2940,Call,10,20,0.1,0.2,0.3,0.4,0.5
2940,Put,10,20,0.1,0.2,0.3,0.4,0.5
2941,Call,10,20,0.1,0.2,0.3,0.4,0.5
2941,Put,10,20,0.1,0.2,0.3,0.4,0.5
2942,Call,10,20,0.1,0.2,0.3,0.4,0.5
2942,Put,10,20,0.1,0.2,0.3,0.4,0.5
2943,Call,10,20,0.1,0.2,0.3,0.4,0.5
2943,Put,10,20,0.1,0.2,0.3,0.4,0.5
2944,Call,10,20,0.1,0.2,0.3,0.4,0.5
2944,Put,10,20,0.1,0.2,0.3,0.4,0.5
2945,Call,10,20,0.1,0.2,0.3,0.4,0.5
2945,Put,10,20,0.1,0.2,0.3,0.4,0.5
2946,Call,10,20,0.1,0.2,0.3,0.4,0.5
2946,Put,10,20,0.1,0.2,0.3,0.4,0.5
2947,Call,10,20,0.1,0.2,0.3,0.4,0.5
2947,Put,10,20,0.1,0.2,0.3,0.4,0.5
2948,Call,10,20,0.1,0.2,0.3,0.4,0.5
2948,Put,10,20,0.1,0.2,0.3,0.4,0.5
2949,Call,10,20,0.1,0.2,0.3,0.4,0.5
2949,Put,10,20,0.1,0.2,0.3,0.4,0.5
2950,Call,10,20,0.1,0.2,0.3,0.4,0.5
2950,Put,10,20,0.1,0.2,0.3,0.4,0.5
2951,Call,10,20,0.1,0.2,0.3,0.4,0.5
2951,Put,10,20,0.1,0.2,0.3,0.4,0.5
2952,Call,10,20,0.1,0.2,0.3,0.4,0.5
2952,Put,10,20,0.1,0.2,0.3,0.4,0.5
2953,Call,10,20,0.1,0.2,0.3,0.4,0.5
2953,Put,10,20,0.1,0.2,0.3,0.4,0.5
2954,Call,10,20,0.1,0.2,0.3,0.4,0.5
2954,Put,10,20,0.1,0.2,0.3,0.4,0.5
2955,Call,10,20,0.1,0.2,0.3,0.4,0.5
2955,Put,10,20,0.1,0.2,0.3,0.4,0.5
2956,Call,10,20,0.1,0.2,0.3,0.4,0.5
2956,Put,10,20,0.1,0.2,0.3,0.4,0.5
2957,Call,10,20,0.1,0.2,0.3,0.4,0.5
2957,Put,10,20,0.1,0.2,0.3,0.4,0.5
2958,Call,10,20,0.1,0.2,0.3,0.4,0.5
2958,Put,10,20,0.1,0.2,0.3,0.4,0.5
2959,Call,10,20,0.1,0.2,0.3,0.4,0.5
2959,Put,10,20,0.1,0.2,0.3,0.4,0.5
2960,Call,10,20,0.1,0.2,0.3,0.4,0.5
2960,Put,10,20,0.1,0.2,0.3,0.4,0.5
2961,Call,10,20,0.1,0.2,0.3,0.4,0.5
2961,Put,10,20,0.1,0.2,0.3,0.4,0.5
2962,Call,10,20,0.1,0.2,0.3,0.4,0.5
2962,Put,10,20,0.1,0.2,0.3,0.4,0.5
2963,Call,10,20,0.1,0.2,0.3,0.4,0.5
2963,Put,10,20,0.1,0.2,0.3,0.4,0.5
2964,Call,10,20,0.1,0.2,0.3,0.4,0.5
2964,Put,10,20,0.1,0.2,0.3,0.4,0.5
2965,Call,10,20,0.1,0.2,0.3,0.4,0.5
2965,Put,10,20,0.1,0.2,0.3,0.4,0.5
2966,Call,10,20,0.1,0.2,0.3,0.4,0.5
2966,Put,10,20,0.1,0.2,0.3,0.4,0.5
2967,Call,10,20,0.1,0.2,0.3,0.4,0.5
2967,Put,10,20,0.1,0.2,0.3,0.4,0.5
2968,Call,10,20,0.1,0.2,0.3,0.4,0.5
2968,Put,10,20,0.1,0.2,0.3,0.4,0.5
2969,Call,10,20,0.1,0.2,0.3,0.4,0.5
2969,Put,10,20,0.1,0.2,0.3,0.4,0.5
2970,Call,10,20,0.1,0.2,0.3,0.4,0.5
2970,Put,10,20,0.1,0.2,0.3,0.4,0.5
2971,Call,10,20,0.1,0.2,0.3,0.4,0.5
2971,Put,10,20,0.1,0.2,0.3,0.4,0.5
2972,Call,10,20,0.1,0.2,0.3,0.4,0.5
2972,Put,10,20,0.1,0.2,0.3,0.4,0.5
2973,Call,10,20,0.1,0.2,0.3,0.4,0.5
2973,Put,10,20,0.1,0.2,0.3,0.4,0.5
2974,Call,10,20,0.1,0.2,0.3,0.4,0.5
2974,Put,10,20,0.1,0.2,0.3,0.4,0.5
2975,Call,10,20,0.1,0.2,0.3,0.4,0.5
2975,Put,10,20,0.1,0.2,0.3,0.4,0.5
2976,Call,10,20,0.1,0.2,0.3,0.4,0.5
2976,Put,10,20,0.1,0.2,0.3,0.4,0.5
2977,Call,10,20,0.1,0.2,0.3,0.4,0.5
2977,Put,10,20,0.1,0.2,0.3,0.4,0.5
2978,Call,10,20,0.1,0.2,0.3,0.4,0.5
2978,Put,10,20,0.1,0.2,0.3,0.4,0.5
2979,Call,10,20,0.1,0.2,0.3,0.4,0.5
2979,Put,10,20,0.1,0.2,0.3,0.4,0.5
2980,Call,10,20,0.1,0.2,0.3,0.4,0.5
2980,Put,10,20,0.1,0.2,0.3,0.4,0.5
2981,Call,10,20,0.1,0.2,0.3,0.4,0.5
2981,Put,10,20,0.1,0.2,0.3,0.4,0.5
2982,Call,10,20,0.1,0.2,0.3,0.4,0.5
2982,Put,10,20,0.1,0.2,0.3,0.4,0.5
2983,Call,10,20,0.1,0.2,0.3,0.4,0.5
2983,Put,10,20,0.1,0.2,0.3,0.4,0.5
2984,Call,10,20,0.1,0.2,0.3,0.4,0.5
2984,Put,10,20,0.1,0.2,0.3,0.4,0.5
2985,Call,10,20,0.1,0.2,0.3,0.4,0.5
2985,Put,10,20,0.1,0.2,0.3,0.4,0.5
2986,Call,10,20,0.1,0.2,0.3,0.4,0.5
2986,Put,10,20,0.1,0.2,0.3,0.4,0.5
2987,Call,10,20,0.1,0.2,0.3,0.4,0.5
2987,Put,10,20,0.1,0.2,0.3,0.4,0.5
2988,Call,10,20,0.1,0.2,0.3,0.4,0.5
2988,Put,10,20,0.1,0.2,0.3,0.4,0.5
2989,Call,10,20,0.1,0.2,0.3,0.4,0.5
2989,Put,10,20,0.1,0.2,0.3,0.4,0.5
2990,Call,10,20,0.1,0.2,0.3,0.4,0.5
2990,Put,10,20,0.1,0.2,0.3,0.4,0.5
2991,Call,10,20,0.1,0.2,0.3,0.4,0.5
2991,Put,10,20,0.1,0.2,0.3,0.4,0.5
2992,Call,10,20,0.1,0.2,0.3,0.4,0.5
2992,Put,10,20,0.1,0.2,0.3,0.4,0.5
2993,Call,10,20,0.1,0.2,0.3,0.4,0.5
2993,Put,10,20,0.1,0.2,0.3,0.4,0.5
2994,Call,10,20,0.1,0.2,0.3,0.4,0.5
2994,Put,10,20,0.1,0.2,0.3,0.4,0.5
2995,Call,10,20,0.1,0.2,0.3,0.4,0.5
2995,Put,10,20,0.1,0.2,0.3,0.4,0.5
2996,Call,10,20,0.1,0.2,0.3,0.4,0.5
2996,Put,10,20,0.1,0.2,0.3,0.4,0.5
2997,Call,10,20,0.1,0.2,0.3,0.4,0.5
2997,Put,10,20,0.1,0.2,0.3,0.4,0.5
2998,Call,10,20,0.1,0.2,0.3,0.4,0.5
2998,Put,10,20,0.1,0.2,0.3,0.4,0.5
2999,Call,10,20,0.1,0.2,0.3,0.4,0.5
2999,Put,10,20,0.1,0.2,0.3,0.4,0.5
3000,Call,10,20,0.1,0.2,0.3,0.4,0.5
3000,Put,10,20,0.1,0.2,0.3,0.4,0.5
3001,Call,10,20,0.1,0.2,0.3,0.4,0.5
3001,Put,10,20,0.1,0.2,0.3,0.4,0.5
3002,Call,10,20,0.1,0.2,0.3,0.4,0.5
3002,Put,10,20,0.1,0.2,0.3,0.4,0.5
3003,Call,10,20,0.1,0.2,0.3,0.4,0.5
3003,Put,10,20,0.1,0.2,0.3,0.4,0.5
3004,Call,10,20,0.1,0.2,0.3,0.4,0.5
3004,Put,10,20,0.1,0.2,0.3,0.4,0.5
3005,Call,10,20,0.1,0.2,0.3,0.4,0.5
3005,Put,10,20,0.1,0.2,0.3,0.4,0.5
3006,Call,10,20,0.1,0.2,0.3,0.4,0.5
3006,Put,10,20,0.1,0.2,0.3,0.4,0.5
3007,Call,10,20,0.1,0.2,0.3,0.4,0.5
3007,Put,10,20,0.1,0.2,0.3,0.4,0.5
3008,Call,10,20,0.1,0.2,0.3,0.4,0.5
3008,Put,10,20,0.1,0.2,0.3,0.4,0.5
3009,Call,10,20,0.1,0.2,0.3,0.4,0.5
3009,Put,10,20,0.1,0.2,0.3,0.4,0.5
3010,Call,10,20,0.1,0.2,0.3,0.4,0.5
3010,Put,10,20,0.1,0.2,0.3,0.4,0.5
3011,Call,10,20,0.1,0.2,0.3,0.4,0.5
3011,Put,10,20,0.1,0.2,0.3,0.4,0.5
3012,Call,10,20,0.1,0.2,0.3,0.4,0.5
3012,Put,10,20,0.1,0.2,0.3,0.4,0.5
3013,Call,10,20,0.1,0.2,0.3,0.4,0.5
3013,Put,10,20,0.1,0.2,0.3,0.4,0.5
3014,Call,10,20,0.1,0.2,0.3,0.4,0.5
3014,Put,10,20,0.1,0.2,0.3,0.4,0.5
3015,Call,10,20,0.1,0.2,0.3,0.4,0.5
3015,Put,10,20,0.1,0.2,0.3,0.4,0.5
3016,Call,10,20,0.1,0.2,0.3,0.4,0.5
3016,Put,10,20,0.1,0.2,0.3,0.4,0.5
3017,Call,10,20,0.1,0.2,0.3,0.4,0.5
3017,Put,10,20,0.1,0.2,0.3,0.4,0.5
3018,Call,10,20,0.1,0.2,0.3,0.4,0.5
3018,Put,10,20,0.1,0.2,0.3,0.4,0.5
3019,Call,10,20,0.1,0.2,0.3,0.4,0.5
3019,Put,10,20,0.1,0.2,0.3,0.4,0.5
3020,Call,10,20,0.1,0.2,0.3,0.4,0.5
3020,Put,10,20,0.1,0.2,0.3,0.4,0.5
3021,Call,10,20,0.1,0.2,0.3,0.4,0.5
3021,Put,10,20,0.1,0.2,0.3,0.4,0.5
3022,Call,10,20,0.1,0.2,0.3,0.4,0.5
3022,Put,10,20,0.1,0.2,0.3,0.4,0.5
3023,Call,10,20,0.1,0.2,0.3,0.4,0.5
3023,Put,10,20,0.1,0.2,0.3,0.4,0.5
3024,Call,10,20,0.1,0.2,0.3,0.4,0.5
3024,Put,10,20,0.1,0.2,0.3,0.4,0.5
3025,Call,10,20,0.1,0.2,0.3,0.4,0.5
3025,Put,10,20,0.1,0.2,0.3,0.4,0.5
3026,Call,10,20,0.1,0.2,0.3,0.4,0.5
3026,Put,10,20,0.1,0.2,0.3,0.4,0.5
3027,Call,10,20,0.1,0.2,0.3,0.4,0.5
3027,Put,10,20,0.1,0.2,0.3,0.4,0.5
3028,Call,10,20,0.1,0.2,0.3,0.4,0.5
3028,Put,10,20,0.1,0.2,0.3,0.4,0.5
3029,Call,10,20,0.1,0.2,0.3,0.4,0.5
3029,Put,10,20,0.1,0.2,0.3,0.4,0.5
3030,Call,10,20,0.1,0.2,0.3,0.4,0.5
3030,Put,10,20,0.1,0.2,0.3,0.4,0.5
3031,Call,10,20,0.1,0.2,0.3,0.4,0.5
3031,Put,10,20,0.1,0.2,0.3,0.4,0.5
3032,Call,10,20,0.1,0.2,0.3,0.4,0.5
3032,Put,10,20,0.1,0.2,0.3,0.4,0.5
3033,Call,10,20,0.1,0.2,0.3,0.4,0.5
3033,Put,10,20,0.1,0.2,0.3,0.4,0.5
3034,Call,10,20,0.1,0.2,0.3,0.4,0.5
3034,Put,10,20,0.1,0.2,0.3,0.4,0.5
3035,Call,10,20,0.1,0.2,0.3,0.4,0.5
3035,Put,10,20,0.1,0.2,0.3,0.4,0.5
3036,Call,10,20,0.1,0.2,0.3,0.4,0.5
3036,Put,10,20,0.1,0.2,0.3,0.4,0.5
3037,Call,10,20,0.1,0.2,0.3,0.4,0.5
3037,Put,10,20,0.1,0.2,0.3,0.4,0.5
3038,Call,10,20,0.1,0.2,0.3,0.4,0.5
3038,Put,10,20,0.1,0.2,0.3,0.4,0.5
3039,Call,10,20,0.1,0.2,0.3,0.4,0.5
3039,Put,10,20,0.1,0.2,0.3,0.4,0.5
3040,Call,10,20,0.1,0.2,0.3,0.4,0.5
3040,Put,10,20,0.1,0.2,0.3,0.4,0.5
3041,Call,10,20,0.1,0.2,0.3,0.4,0.5
3041,Put,10,20,0.1,0.2,0.3,0.4,0.5
3042,Call,10,20,0.1,0.2,0.3,0.4,0.5
3042,Put,10,20,0.1,0.2,0.3,0.4,0.5
3043,Call,10,20,0.1,0.2,0.3,0.4,0.5
3043,Put,10,20,0.1,0.2,0.3,0.4,0.5
3044,Call,10,20,0.1,0.2,0.3,0.4,0.5
3044,Put,10,20,0.1,0.2,0.3,0.4,0.5
3045,Call,10,20,0.1,0.2,0.3,0.4,0.5
3045,Put,10,20,0.1,0.2,0.3,0.4,0.5
3046,Call,10,20,0.1,0.2,0.3,0.4,0.5
3046,Put,10,20,0.1,0.2,0.3,0.4,0.5
3047,Call,10,20,0.1,0.2,0.3,0.4,0.5
3047,Put,10,20,0.1,0.2,0.3,0.4,0.5
3048,Call,10,20,0.1,0.2,0.3,0.4,0.5
3048,Put,10,20,0.1,0.2,0.3,0.4,0.5
3049,Call,10,20,0.1,0.2,0.3,0.4,0.5
3049,Put,10,20,0.1,0.2,0.3,0.4,0.5
3050,Call,10,20,0.1,0.2,0.3,0.4,0.5
3050,Put,10,20,0.1,0.2,0.3,0.4,0.5
3051,Call,10,20,0.1,0.2,0.3,0.4,0.5
3051,Put,10,20,0.1,0.2,0.3,0.4,0.5
3052,Call,10,20,0.1,0.2,0.3,0.4,0.5
3052,Put,10,20,0.1,0.2,0.3,0.4,0.5
3053,Call,10,20,0.1,0.2,0.3,0.4,0.5
3053,Put,10,20,0.1,0.2,0.3,0.4,0.5
3054,Call,10,20,0.1,0.2,0.3,0.4,0.5
3054,Put,10,20,0.1,0.2,0.3,0.4,0.5
3055,Call,10,20,0.1,0.2,0.3,0.4,0.5
3055,Put,10,20,0.1,0.2,0.3,0.4,0.5
3056,Call,10,20,0.1,0.2,0.3,0.4,0.5
3056,Put,10,20,0.1,0.2,0.3,0.4,0.5
3057,Call,10,20,0.1,0.2,0.3,0.4,0.5
3057,Put,10,20,0.1,0.2,0.3,0.4,0.5
3058,Call,10,20,0.1,0.2,0.3,0.4,0.5
3058,Put,10,20,0.1,0.2,0.3,0.4,0.5
3059,Call,10,20,0.1,0.2,0.3,0.4,0.5
3059,Put,10,20,0.1,0.2,0.3,0.4,0.5
3060,Call,10,20,0.1,0.2,0.3,0.4,0.5
3060,Put,10,20,0.1,0.2,0.3,0.4,0.5
3061,Call,10,20,0.1,0.2,0.3,0.4,0.5
3061,Put,10,20,0.1,0.2,0.3,0.4,0.5
3062,Call,10,20,0.1,0.2,0.3,0.4,0.5
3062,Put,10,20,0.1,0.2,0.3,0.4,0.5
3063,Call,10,20,0.1,0.2,0.3,0.4,0.5
3063,Put,10,20,0.1,0.2,0.3,0.4,0.5
3064,Call,10,20,0.1,0.2,0.3,0.4,0.5
3064,Put,10,20,0.1,0.2,0.3,0.4,0.5
3065,Call,10,20,0.1,0.2,0.3,0.4,0.5
3065,Put,10,20,0.1,0.2,0.3,0.4,0.5
3066,Call,10,20,0.1,0.2,0.3,0.4,0.5
3066,Put,10,20,0.1,0.2,0.3,0.4,0.5
3067,Call,10,20,0.1,0.2,0.3,0.4,0.5
3067,Put,10,20,0.1,0.2,0.3,0.4,0.5
3068,Call,10,20,0.1,0.2,0.3,0.4,0.5
3068,Put,10,20,0.1,0.2,0.3,0.4,0.5
3069,Call,10,20,0.1,0.2,0.3,0.4,0.5
3069,Put,10,20,0.1,0.2,0.3,0.4,0.5
3070,Call,10,20,0.1,0.2,0.3,0.4,0.5
3070,Put,10,20,0.1,0.2,0.3,0.4,0.5
3071,Call,10,20,0.1,0.2,0.3,0.4,0.5
3071,Put,10,20,0.1,0.2,0.3,0.4,0.5
3072,Call,10,20,0.1,0.2,0.3,0.4,0.5
3072,Put,10,20,0.1,0.2,0.3,0.4,0.5
3073,Call,10,20,0.1,0.2,0.3,0.4,0.5
3073,Put,10,20,0.1,0.2,0.3,0.4,0.5
3074,Call,10,20,0.1,0.2,0.3,0.4,0.5
3074,Put,10,20,0.1,0.2,0.3,0.4,0.5
3075,Call,10,20,0.1,0.2,0.3,0.4,0.5
3075,Put,10,20,0.1,0.2,0.3,0.4,0.5
3076,Call,10,20,0.1,0.2,0.3,0.4,0.5
3076,Put,10,20,0.1,0.2,0.3,0.4,0.5
3077,Call,10,20,0.1,0.2,0.3,0.4,0.5
3077,Put,10,20,0.1,0.2,0.3,0.4,0.5
3078,Call,10,20,0.1,0.2,0.3,0.4,0.5
3078,Put,10,20,0.1,0.2,0.3,0.4,0.5
3079,Call,10,20,0.1,0.2,0.3,0.4,0.5
3079,Put,10,20,0.1,0.2,0.3,0.4,0.5
3080,Call,10,20,0.1,0.2,0.3,0.4,0.5
3080,Put,10,20,0.1,0.2,0.3,0.4,0.5
3081,Call,10,20,0.1,0.2,0.3,0.4,0.5
3081,Put,10,20,0.1,0.2,0.3,0.4,0.5
3082,Call,10,20,0.1,0.2,0.3,0.4,0.5
3082,Put,10,20,0.1,0.2,0.3,0.4,0.5
3083,Call,10,20,0.1,0.2,0.3,0.4,0.5
3083,Put,10,20,0.1,0.2,0.3,0.4,0.5
3084,Call,10,20,0.1,0.2,0.3,0.4,0.5
3084,Put,10,20,0.1,0.2,0.3,0.4,0.5
3085,Call,10,20,0.1,0.2,0.3,0.4,0.5
3085,Put,10,20,0.1,0.2,0.3,0.4,0.5
3086,Call,10,20,0.1,0.2,0.3,0.4,0.5
3086,Put,10,20,0.1,0.2,0.3,0.4,0.5
3087,Call,10,20,0.1,0.2,0.3,0.4,0.5
3087,Put,10,20,0.1,0.2,0.3,0.4,0.5
3088,Call,10,20,0.1,0.2,0.3,0.4,0.5
3088,Put,10,20,0.1,0.2,0.3,0.4,0.5
3089,Call,10,20,0.1,0.2,0.3,0.4,0.5
3089,Put,10,20,0.1,0.2,0.3,0.4,0.5
3090,Call,10,20,0.1,0.2,0.3,0.4,0.5
3090,Put,10,20,0.1,0.2,0.3,0.4,0.5
3091,Call,10,20,0.1,0.2,0.3,0.4,0.5
3091,Put,10,20,0.1,0.2,0.3,0.4,0.5
3092,Call,10,20,0.1,0.2,0.3,0.4,0.5
3092,Put,10,20,0.1,0.2,0.3,0.4,0.5
3093,Call,10,20,0.1,0.2,0.3,0.4,0.5
3093,Put,10,20,0.1,0.2,0.3,0.4,0.5
3094,Call,10,20,0.1,0.2,0.3,0.4,0.5
3094,Put,10,20,0.1,0.2,0.3,0.4,0.5
3095,Call,10,20,0.1,0.2,0.3,0.4,0.5
3095,Put,10,20,0.1,0.2,0.3,0.4,0.5
3096,Call,10,20,0.1,0.2,0.3,0.4,0.5
3096,Put,10,20,0.1,0.2,0.3,0.4,0.5
3097,Call,10,20,0.1,0.2,0.3,0.4,0.5
3097,Put,10,20,0.1,0.2,0.3,0.4,0.5
3098,Call,10,20,0.1,0.2,0.3,0.4,0.5
3098,Put,10,20,0.1,0.2,0.3,0.4,0.5
3099,Call,10,20,0.1,0.2,0.3,0.4,0.5
3099,Put,10,20,0.1,0.2,0.3,0.4,0.5
3100,Call,10,20,0.1,0.2,0.3,0.4,0.5
3100,Put,10,20,0.1,0.2,0.3,0.4,0.5
3101,Call,10,20,0.1,0.2,0.3,0.4,0.5
3101,Put,10,20,0.1,0.2,0.3,0.4,0.5
3102,Call,10,20,0.1,0.2,0.3,0.4,0.5
3102,Put,10,20,0.1,0.2,0.3,0.4,0.5
3103,Call,10,20,0.1,0.2,0.3,0.4,0.5
3103,Put,10,20,0.1,0.2,0.3,0.4,0.5
3104,Call,10,20,0.1,0.2,0.3,0.4,0.5
3104,Put,10,20,0.1,0.2,0.3,0.4,0.5
3105,Call,10,20,0.1,0.2,0.3,0.4,0.5
3105,Put,10,20,0.1,0.2,0.3,0.4,0.5
3106,Call,10,20,0.1,0.2,0.3,0.4,0.5
3106,Put,10,20,0.1,0.2,0.3,0.4,0.5
3107,Call,10,20,0.1,0.2,0.3,0.4,0.5
3107,Put,10,20,0.1,0.2,0.3,0.4,0.5
3108,Call,10,20,0.1,0.2,0.3,0.4,0.5
3108,Put,10,20,0.1,0.2,0.3,0.4,0.5
3109,Call,10,20,0.1,0.2,0.3,0.4,0.5
3109,Put,10,20,0.1,0.2,0.3,0.4,0.5
3110,Call,10,20,0.1,0.2,0.3,0.4,0.5
3110,Put,10,20,0.1,0.2,0.3,0.4,0.5
3111,Call,10,20,0.1,0.2,0.3,0.4,0.5
3111,Put,10,20,0.1,0.2,0.3,0.4,0.5
3112,Call,10,20,0.1,0.2,0.3,0.4,0.5
3112,Put,10,20,0.1,0.2,0.3,0.4,0.5
3113,Call,10,20,0.1,0.2,0.3,0.4,0.5
3113,Put,10,20,0.1,0.2,0.3,0.4,0.5
3114,Call,10,20,0.1,0.2,0.3,0.4,0.5
3114,Put,10,20,0.1,0.2,0.3,0.4,0.5
3115,Call,10,20,0.1,0.2,0.3,0.4,0.5
3115,Put,10,20,0.1,0.2,0.3,0.4,0.5
3116,Call,10,20,0.1,0.2,0.3,0.4,0.5
3116,Put,10,20,0.1,0.2,0.3,0.4,0.5
3117,Call,10,20,0.1,0.2,0.3,0.4,0.5
3117,Put,10,20,0.1,0.2,0.3,0.4,0.5
3118,Call,10,20,0.1,0.2,0.3,0.4,0.5
3118,Put,10,20,0.1,0.2,0.3,0.4,0.5
3119,Call,10,20,0.1,0.2,0.3,0.4,0.5
3119,Put,10,20,0.1,0.2,0.3,0.4,0.5
3120,Call,10,20,0.1,0.2,0.3,0.4,0.5
3120,Put,10,20,0.1,0.2,0.3,0.4,0.5
3121,Call,10,20,0.1,0.2,0.3,0.4,0.5
3121,Put,10,20,0.1,0.2,0.3,0.4,0.5
3122,Call,10,20,0.1,0.2,0.3,0.4,0.5
3122,Put,10,20,0.1,0.2,0.3,0.4,0.5
3123,Call,10,20,0.1,0.2,0.3,0.4,0.5
3123,Put,10,20,0.1,0.2,0.3,0.4,0.5
3124,Call,10,20,0.1,0.2,0.3,0.4,0.5
3124,Put,10,20,0.1,0.2,0.3,0.4,0.5
3125,Call,10,20,0.1,0.2,0.3,0.4,0.5
3125,Put,10,20,0.1,0.2,0.3,0.4,0.5
3126,Call,10,20,0.1,0.2,0.3,0.4,0.5
3126,Put,10,20,0.1,0.2,0.3,0.4,0.5
3127,Call,10,20,0.1,0.2,0.3,0.4,0.5
3127,Put,10,20,0.1,0.2,0.3,0.4,0.5
3128,Call,10,20,0.1,0.2,0.3,0.4,0.5
3128,Put,10,20,0.1,0.2,0.3,0.4,0.5
3129,Call,10,20,0.1,0.2,0.3,0.4,0.5
3129,Put,10,20,0.1,0.2,0.3,0.4,0.5
3130,Call,10,20,0.1,0.2,0.3,0.4,0.5
3130,Put,10,20,0.1,0.2,0.3,0.4,0.5
3131,Call,10,20,0.1,0.2,0.3,0.4,0.5
3131,Put,10,20,0.1,0.2,0.3,0.4,0.5
3132,Call,10,20,0.1,0.2,0.3,0.4,0.5
3132,Put,10,20,0.1,0.2,0.3,0.4,0.5
3133,Call,10,20,0.1,0.2,0.3,0.4,0.5
3133,Put,10,20,0.1,0.2,0.3,0.4,0.5
3134,Call,10,20,0.1,0.2,0.3,0.4,0.5
3134,Put,10,20,0.1,0.2,0.3,0.4,0.5
3135,Call,10,20,0.1,0.2,0.3,0.4,0.5
3135,Put,10,20,0.1,0.2,0.3,0.4,0.5
3136,Call,10,20,0.1,0.2,0.3,0.4,0.5
3136,Put,10,20,0.1,0.2,0.3,0.4,0.5
3137,Call,10,20,0.1,0.2,0.3,0.4,0.5
3137,Put,10,20,0.1,0.2,0.3,0.4,0.5
3138,Call,10,20,0.1,0.2,0.3,0.4,0.5
3138,Put,10,20,0.1,0.2,0.3,0.4,0.5
3139,Call,10,20,0.1,0.2,0.3,0.4,0.5
3139,Put,10,20,0.1,0.2,0.3,0.4,0.5
3140,Call,10,20,0.1,0.2,0.3,0.4,0.5
3140,Put,10,20,0.1,0.2,0.3,0.4,0.5
3141,Call,10,20,0.1,0.2,0.3,0.4,0.5
3141,Put,10,20,0.1,0.2,0.3,0.4,0.5
3142,Call,10,20,0.1,0.2,0.3,0.4,0.5
3142,Put,10,20,0.1,0.2,0.3,0.4,0.5
3143,Call,10,20,0.1,0.2,0.3,0.4,0.5
3143,Put,10,20,0.1,0.2,0.3,0.4,0.5
3144,Call,10,20,0.1,0.2,0.3,0.4,0.5
3144,Put,10,20,0.1,0.2,0.3,0.4,0.5
3145,Call,10,20,0.1,0.2,0.3,0.4,0.5
3145,Put,10,20,0.1,0.2,0.3,0.4,0.5
3146,Call,10,20,0.1,0.2,0.3,0.4,0.5
3146,Put,10,20,0.1,0.2,0.3,0.4,0.5
3147,Call,10,20,0.1,0.2,0.3,0.4,0.5
3147,Put,10,20,0.1,0.2,0.3,0.4,0.5
3148,Call,10,20,0.1,0.2,0.3,0.4,0.5
3148,Put,10,20,0.1,0.2,0.3,0.4,0.5
3149,Call,10,20,0.1,0.2,0.3,0.4,0.5
3149,Put,10,20,0.1,0.2,0.3,0.4,0.5
3150,Call,10,20,0.1,0.2,0.3,0.4,0.5
3150,Put,10,20,0.1,0.2,0.3,0.4,0.5
3151,Call,10,20,0.1,0.2,0.3,0.4,0.5
3151,Put,10,20,0.1,0.2,0.3,0.4,0.5
3152,Call,10,20,0.1,0.2,0.3,0.4,0.5
3152,Put,10,20,0.1,0.2,0.3,0.4,0.5
3153,Call,10,20,0.1,0.2,0.3,0.4,0.5
3153,Put,10,20,0.1,0.2,0.3,0.4,0.5
3154,Call,10,20,0.1,0.2,0.3,0.4,0.5
3154,Put,10,20,0.1,0.2,0.3,0.4,0.5
3155,Call,10,20,0.1,0.2,0.3,0.4,0.5
3155,Put,10,20,0.1,0.2,0.3,0.4,0.5
3156,Call,10,20,0.1,0.2,0.3,0.4,0.5
3156,Put,10,20,0.1,0.2,0.3,0.4,0.5
3157,Call,10,20,0.1,0.2,0.3,0.4,0.5
3157,Put,10,20,0.1,0.2,0.3,0.4,0.5
3158,Call,10,20,0.1,0.2,0.3,0.4,0.5
3158,Put,10,20,0.1,0.2,0.3,0.4,0.5
3159,Call,10,20,0.1,0.2,0.3,0.4,0.5
3159,Put,10,20,0.1,0.2,0.3,0.4,0.5
3160,Call,10,20,0.1,0.2,0.3,0.4,0.5
3160,Put,10,20,0.1,0.2,0.3,0.4,0.5
3161,Call,10,20,0.1,0.2,0.3,0.4,0.5
3161,Put,10,20,0.1,0.2,0.3,0.4,0.5
3162,Call,10,20,0.1,0.2,0.3,0.4,0.5
3162,Put,10,20,0.1,0.2,0.3,0.4,0.5
3163,Call,10,20,0.1,0.2,0.3,0.4,0.5
3163,Put,10,20,0.1,0.2,0.3,0.4,0.5
3164,Call,10,20,0.1,0.2,0.3,0.4,0.5
3164,Put,10,20,0.1,0.2,0.3,0.4,0.5
3165,Call,10,20,0.1,0.2,0.3,0.4,0.5
3165,Put,10,20,0.1,0.2,0.3,0.4,0.5
3166,Call,10,20,0.1,0.2,0.3,0.4,0.5
3166,Put,10,20,0.1,0.2,0.3,0.4,0.5
3167,Call,10,20,0.1,0.2,0.3,0.4,0.5
3167,Put,10,20,0.1,0.2,0.3,0.4,0.5
3168,Call,10,20,0.1,0.2,0.3,0.4,0.5
3168,Put,10,20,0.1,0.2,0.3,0.4,0.5
3169,Call,10,20,0.1,0.2,0.3,0.4,0.5
3169,Put,10,20,0.1,0.2,0.3,0.4,0.5
3170,Call,10,20,0.1,0.2,0.3,0.4,0.5
3170,Put,10,20,0.1,0.2,0.3,0.4,0.5
3171,Call,10,20,0.1,0.2,0.3,0.4,0.5
3171,Put,10,20,0.1,0.2,0.3,0.4,0.5
3172,Call,10,20,0.1,0.2,0.3,0.4,0.5
3172,Put,10,20,0.1,0.2,0.3,0.4,0.5
3173,Call,10,20,0.1,0.2,0.3,0.4,0.5
3173,Put,10,20,0.1,0.2,0.3,0.4,0.5
3174,Call,10,20,0.1,0.2,0.3,0.4,0.5
3174,Put,10,20,0.1,0.2,0.3,0.4,0.5
3175,Call,10,20,0.1,0.2,0.3,0.4,0.5
3175,Put,10,20,0.1,0.2,0.3,0.4,0.5
3176,Call,10,20,0.1,0.2,0.3,0.4,0.5
3176,Put,10,20,0.1,0.2,0.3,0.4,0.5
3177,Call,10,20,0.1,0.2,0.3,0.4,0.5
3177,Put,10,20,0.1,0.2,0.3,0.4,0.5
3178,Call,10,20,0.1,0.2,0.3,0.4,0.5
3178,Put,10,20,0.1,0.2,0.3,0.4,0.5
3179,Call,10,20,0.1,0.2,0.3,0.4,0.5
3179,Put,10,20,0.1,0.2,0.3,0.4,0.5
3180,Call,10,20,0.1,0.2,0.3,0.4,0.5
3180,Put,10,20,0.1,0.2,0.3,0.4,0.5
3181,Call,10,20,0.1,0.2,0.3,0.4,0.5
3181,Put,10,20,0.1,0.2,0.3,0.4,0.5
3182,Call,10,20,0.1,0.2,0.3,0.4,0.5
3182,Put,10,20,0.1,0.2,0.3,0.4,0.5
3183,Call,10,20,0.1,0.2,0.3,0.4,0.5
3183,Put,10,20,0.1,0.2,0.3,0.4,0.5
3184,Call,10,20,0.1,0.2,0.3,0.4,0.5
3184,Put,10,20,0.1,0.2,0.3,0.4,0.5
3185,Call,10,20,0.1,0.2,0.3,0.4,0.5
3185,Put,10,20,0.1,0.2,0.3,0.4,0.5
3186,Call,10,20,0.1,0.2,0.3,0.4,0.5
3186,Put,10,20,0.1,0.2,0.3,0.4,0.5
3187,Call,10,20,0.1,0.2,0.3,0.4,0.5
3187,Put,10,20,0.1,0.2,0.3,0.4,0.5
3188,Call,10,20,0.1,0.2,0.3,0.4,0.5
3188,Put,10,20,0.1,0.2,0.3,0.4,0.5
3189,Call,10,20,0.1,0.2,0.3,0.4,0.5
3189,Put,10,20,0.1,0.2,0.3,0.4,0.5
3190,Call,10,20,0.1,0.2,0.3,0.4,0.5
3190,Put,10,20,0.1,0.2,0.3,0.4,0.5
3191,Call,10,20,0.1,0.2,0.3,0.4,0.5
3191,Put,10,20,0.1,0.2,0.3,0.4,0.5
3192,Call,10,20,0.1,0.2,0.3,0.4,0.5
3192,Put,10,20,0.1,0.2,0.3,0.4,0.5
3193,Call,10,20,0.1,0.2,0.3,0.4,0.5
3193,Put,10,20,0.1,0.2,0.3,0.4,0.5
3194,Call,10,20,0.1,0.2,0.3,0.4,0.5
3194,Put,10,20,0.1,0.2,0.3,0.4,0.5
3195,Call,10,20,0.1,0.2,0.3,0.4,0.5
3195,Put,10,20,0.1,0.2,0.3,0.4,0.5
3196,Call,10,20,0.1,0.2,0.3,0.4,0.5
3196,Put,10,20,0.1,0.2,0.3,0.4,0.5
3197,Call,10,20,0.1,0.2,0.3,0.4,0.5
3197,Put,10,20,0.1,0.2,0.3,0.4,0.5
3198,Call,10,20,0.1,0.2,0.3,0.4,0.5
3198,Put,10,20,0.1,0.2,0.3,0.4,0.5
3199,Call,10,20,0.1,0.2,0.3,0.4,0.5
3199,Put,10,20,0.1,0.2,0.3,0.4,0.5
3200,Call,10,20,0.1,0.2,0.3,0.4,0.5
3200,Put,10,20,0.1,0.2,0.3,0.4,0.5
3201,Call,10,20,0.1,0.2,0.3,0.4,0.5
3201,Put,10,20,0.1,0.2,0.3,0.4,0.5
3202,Call,10,20,0.1,0.2,0.3,0.4,0.5
3202,Put,10,20,0.1,0.2,0.3,0.4,0.5
3203,Call,10,20,0.1,0.2,0.3,0.4,0.5
3203,Put,10,20,0.1,0.2,0.3,0.4,0.5
3204,Call,10,20,0.1,0.2,0.3,0.4,0.5
3204,Put,10,20,0.1,0.2,0.3,0.4,0.5
3205,Call,10,20,0.1,0.2,0.3,0.4,0.5
3205,Put,10,20,0.1,0.2,0.3,0.4,0.5
3206,Call,10,20,0.1,0.2,0.3,0.4,0.5
3206,Put,10,20,0.1,0.2,0.3,0.4,0.5
3207,Call,10,20,0.1,0.2,0.3,0.4,0.5
3207,Put,10,20,0.1,0.2,0.3,0.4,0.5
3208,Call,10,20,0.1,0.2,0.3,0.4,0.5
3208,Put,10,20,0.1,0.2,0.3,0.4,0.5
3209,Call,10,20,0.1,0.2,0.3,0.4,0.5
3209,Put,10,20,0.1,0.2,0.3,0.4,0.5
3210,Call,10,20,0.1,0.2,0.3,0.4,0.5
3210,Put,10,20,0.1,0.2,0.3,0.4,0.5
3211,Call,10,20,0.1,0.2,0.3,0.4,0.5
3211,Put,10,20,0.1,0.2,0.3,0.4,0.5
3212,Call,10,20,0.1,0.2,0.3,0.4,0.5
3212,Put,10,20,0.1,0.2,0.3,0.4,0.5
3213,Call,10,20,0.1,0.2,0.3,0.4,0.5
3213,Put,10,20,0.1,0.2,0.3,0.4,0.5
3214,Call,10,20,0.1,0.2,0.3,0.4,0.5
3214,Put,10,20,0.1,0.2,0.3,0.4,0.5
3215,Call,10,20,0.1,0.2,0.3,0.4,0.5
3215,Put,10,20,0.1,0.2,0.3,0.4,0.5
3216,Call,10,20,0.1,0.2,0.3,0.4,0.5
3216,Put,10,20,0.1,0.2,0.3,0.4,0.5
3217,Call,10,20,0.1,0.2,0.3,0.4,0.5
3217,Put,10,20,0.1,0.2,0.3,0.4,0.5
3218,Call,10,20,0.1,0.2,0.3,0.4,0.5
3218,Put,10,20,0.1,0.2,0.3,0.4,0.5
3219,Call,10,20,0.1,0.2,0.3,0.4,0.5
3219,Put,10,20,0.1,0.2,0.3,0.4,0.5
3220,Call,10,20,0.1,0.2,0.3,0.4,0.5
3220,Put,10,20,0.1,0.2,0.3,0.4,0.5
3221,Call,10,20,0.1,0.2,0.3,0.4,0.5
3221,Put,10,20,0.1,0.2,0.3,0.4,0.5
3222,Call,10,20,0.1,0.2,0.3,0.4,0.5
3222,Put,10,20,0.1,0.2,0.3,0.4,0.5
3223,Call,10,20,0.1,0.2,0.3,0.4,0.5
3223,Put,10,20,0.1,0.2,0.3,0.4,0.5
3224,Call,10,20,0.1,0.2,0.3,0.4,0.5
3224,Put,10,20,0.1,0.2,0.3,0.4,0.5
3225,Call,10,20,0.1,0.2,0.3,0.4,0.5
3225,Put,10,20,0.1,0.2,0.3,0.4,0.5
3226,Call,10,20,0.1,0.2,0.3,0.4,0.5
3226,Put,10,20,0.1,0.2,0.3,0.4,0.5
3227,Call,10,20,0.1,0.2,0.3,0.4,0.5
3227,Put,10,20,0.1,0.2,0.3,0.4,0.5
3228,Call,10,20,0.1,0.2,0.3,0.4,0.5
3228,Put,10,20,0.1,0.2,0.3,0.4,0.5
3229,Call,10,20,0.1,0.2,0.3,0.4,0.5
3229,Put,10,20,0.1,0.2,0.3,0.4,0.5
3230,Call,10,20,0.1,0.2,0.3,0.4,0.5
3230,Put,10,20,0.1,0.2,0.3,0.4,0.5
3231,Call,10,20,0.1,0.2,0.3,0.4,0.5
3231,Put,10,20,0.1,0.2,0.3,0.4,0.5
3232,Call,10,20,0.1,0.2,0.3,0.4,0.5
3232,Put,10,20,0.1,0.2,0.3,0.4,0.5
3233,Call,10,20,0.1,0.2,0.3,0.4,0.5
3233,Put,10,20,0.1,0.2,0.3,0.4,0.5
3234,Call,10,20,0.1,0.2,0.3,0.4,0.5
3234,Put,10,20,0.1,0.2,0.3,0.4,0.5
3235,Call,10,20,0.1,0.2,0.3,0.4,0.5
3235,Put,10,20,0.1,0.2,0.3,0.4,0.5
3236,Call,10,20,0.1,0.2,0.3,0.4,0.5
3236,Put,10,20,0.1,0.2,0.3,0.4,0.5
3237,Call,10,20,0.1,0.2,0.3,0.4,0.5
3237,Put,10,20,0.1,0.2,0.3,0.4,0.5
3238,Call,10,20,0.1,0.2,0.3,0.4,0.5
3238,Put,10,20,0.1,0.2,0.3,0.4,0.5
3239,Call,10,20,0.1,0.2,0.3,0.4,0.5
3239,Put,10,20,0.1,0.2,0.3,0.4,0.5
3240,Call,10,20,0.1,0.2,0.3,0.4,0.5
3240,Put,10,20,0.1,0.2,0.3,0.4,0.5
3241,Call,10,20,0.1,0.2,0.3,0.4,0.5
3241,Put,10,20,0.1,0.2,0.3,0.4,0.5
3242,Call,10,20,0.1,0.2,0.3,0.4,0.5
3242,Put,10,20,0.1,0.2,0.3,0.4,0.5
3243,Call,10,20,0.1,0.2,0.3,0.4,0.5
3243,Put,10,20,0.1,0.2,0.3,0.4,0.5
3244,Call,10,20,0.1,0.2,0.3,0.4,0.5
3244,Put,10,20,0.1,0.2,0.3,0.4,0.5
3245,Call,10,20,0.1,0.2,0.3,0.4,0.5
3245,Put,10,20,0.1,0.2,0.3,0.4,0.5
3246,Call,10,20,0.1,0.2,0.3,0.4,0.5
3246,Put,10,20,0.1,0.2,0.3,0.4,0.5
3247,Call,10,20,0.1,0.2,0.3,0.4,0.5
3247,Put,10,20,0.1,0.2,0.3,0.4,0.5
3248,Call,10,20,0.1,0.2,0.3,0.4,0.5
3248,Put,10,20,0.1,0.2,0.3,0.4,0.5
3249,Call,10,20,0.1,0.2,0.3,0.4,0.5
3249,Put,10,20,0.1,0.2,0.3,0.4,0.5
3250,Call,10,20,0.1,0.2,0.3,0.4,0.5
3250,Put,10,20,0.1,0.2,0.3,0.4,0.5
3251,Call,10,20,0.1,0.2,0.3,0.4,0.5
3251,Put,10,20,0.1,0.2,0.3,0.4,0.5
3252,Call,10,20,0.1,0.2,0.3,0.4,0.5
3252,Put,10,20,0.1,0.2,0.3,0.4,0.5
3253,Call,10,20,0.1,0.2,0.3,0.4,0.5
3253,Put,10,20,0.1,0.2,0.3,0.4,0.5
3254,Call,10,20,0.1,0.2,0.3,0.4,0.5
3254,Put,10,20,0.1,0.2,0.3,0.4,0.5
3255,Call,10,20,0.1,0.2,0.3,0.4,0.5
3255,Put,10,20,0.1,0.2,0.3,0.4,0.5
3256,Call,10,20,0.1,0.2,0.3,0.4,0.5
3256,Put,10,20,0.1,0.2,0.3,0.4,0.5
3257,Call,10,20,0.1,0.2,0.3,0.4,0.5
3257,Put,10,20,0.1,0.2,0.3,0.4,0.5
3258,Call,10,20,0.1,0.2,0.3,0.4,0.5
3258,Put,10,20,0.1,0.2,0.3,0.4,0.5
3259,Call,10,20,0.1,0.2,0.3,0.4,0.5
3259,Put,10,20,0.1,0.2,0.3,0.4,0.5
3260,Call,10,20,0.1,0.2,0.3,0.4,0.5
3260,Put,10,20,0.1,0.2,0.3,0.4,0.5
3261,Call,10,20,0.1,0.2,0.3,0.4,0.5
3261,Put,10,20,0.1,0.2,0.3,0.4,0.5
3262,Call,10,20,0.1,0.2,0.3,0.4,0.5
3262,Put,10,20,0.1,0.2,0.3,0.4,0.5
3263,Call,10,20,0.1,0.2,0.3,0.4,0.5
3263,Put,10,20,0.1,0.2,0.3,0.4,0.5
3264,Call,10,20,0.1,0.2,0.3,0.4,0.5
3264,Put,10,20,0.1,0.2,0.3,0.4,0.5
3265,Call,10,20,0.1,0.2,0.3,0.4,0.5
3265,Put,10,20,0.1,0.2,0.3,0.4,0.5
3266,Call,10,20,0.1,0.2,0.3,0.4,0.5
3266,Put,10,20,0.1,0.2,0.3,0.4,0.5
3267,Call,10,20,0.1,0.2,0.3,0.4,0.5
3267,Put,10,20,0.1,0.2,0.3,0.4,0.5
3268,Call,10,20,0.1,0.2,0.3,0.4,0.5
3268,Put,10,20,0.1,0.2,0.3,0.4,0.5
3269,Call,10,20,0.1,0.2,0.3,0.4,0.5
3269,Put,10,20,0.1,0.2,0.3,0.4,0.5
3270,Call,10,20,0.1,0.2,0.3,0.4,0.5
3270,Put,10,20,0.1,0.2,0.3,0.4,0.5
3271,Call,10,20,0.1,0.2,0.3,0.4,0.5
3271,Put,10,20,0.1,0.2,0.3,0.4,0.5
3272,Call,10,20,0.1,0.2,0.3,0.4,0.5
3272,Put,10,20,0.1,0.2,0.3,0.4,0.5
3273,Call,10,20,0.1,0.2,0.3,0.4,0.5
3273,Put,10,20,0.1,0.2,0.3,0.4,0.5
3274,Call,10,20,0.1,0.2,0.3,0.4,0.5
3274,Put,10,20,0.1,0.2,0.3,0.4,0.5
3275,Call,10,20,0.1,0.2,0.3,0.4,0.5
3275,Put,10,20,0.1,0.2,0.3,0.4,0.5
3276,Call,10,20,0.1,0.2,0.3,0.4,0.5
3276,Put,10,20,0.1,0.2,0.3,0.4,0.5
3277,Call,10,20,0.1,0.2,0.3,0.4,0.5
3277,Put,10,20,0.1,0.2,0.3,0.4,0.5
3278,Call,10,20,0.1,0.2,0.3,0.4,0.5
3278,Put,10,20,0.1,0.2,0.3,0.4,0.5
3279,Call,10,20,0.1,0.2,0.3,0.4,0.5
3279,Put,10,20,0.1,0.2,0.3,0.4,0.5
3280,Call,10,20,0.1,0.2,0.3,0.4,0.5
3280,Put,10,20,0.1,0.2,0.3,0.4,0.5
3281,Call,10,20,0.1,0.2,0.3,0.4,0.5
3281,Put,10,20,0.1,0.2,0.3,0.4,0.5
3282,Call,10,20,0.1,0.2,0.3,0.4,0.5
3282,Put,10,20,0.1,0.2,0.3,0.4,0.5
3283,Call,10,20,0.1,0.2,0.3,0.4,0.5
3283,Put,10,20,0.1,0.2,0.3,0.4,0.5
3284,Call,10,20,0.1,0.2,0.3,0.4,0.5
3284,Put,10,20,0.1,0.2,0.3,0.4,0.5
3285,Call,10,20,0.1,0.2,0.3,0.4,0.5
3285,Put,10,20,0.1,0.2,0.3,0.4,0.5
3286,Call,10,20,0.1,0.2,0.3,0.4,0.5
3286,Put,10,20,0.1,0.2,0.3,0.4,0.5
3287,Call,10,20,0.1,0.2,0.3,0.4,0.5
3287,Put,10,20,0.1,0.2,0.3,0.4,0.5
3288,Call,10,20,0.1,0.2,0.3,0.4,0.5
3288,Put,10,20,0.1,0.2,0.3,0.4,0.5
3289,Call,10,20,0.1,0.2,0.3,0.4,0.5
3289,Put,10,20,0.1,0.2,0.3,0.4,0.5
3290,Call,10,20,0.1,0.2,0.3,0.4,0.5
3290,Put,10,20,0.1,0.2,0.3,0.4,0.5
3291,Call,10,20,0.1,0.2,0.3,0.4,0.5
3291,Put,10,20,0.1,0.2,0.3,0.4,0.5
3292,Call,10,20,0.1,0.2,0.3,0.4,0.5
3292,Put,10,20,0.1,0.2,0.3,0.4,0.5
3293,Call,10,20,0.1,0.2,0.3,0.4,0.5
3293,Put,10,20,0.1,0.2,0.3,0.4,0.5
3294,Call,10,20,0.1,0.2,0.3,0.4,0.5
3294,Put,10,20,0.1,0.2,0.3,0.4,0.5
3295,Call,10,20,0.1,0.2,0.3,0.4,0.5
3295,Put,10,20,0.1,0.2,0.3,0.4,0.5
3296,Call,10,20,0.1,0.2,0.3,0.4,0.5
3296,Put,10,20,0.1,0.2,0.3,0.4,0.5
3297,Call,10,20,0.1,0.2,0.3,0.4,0.5
3297,Put,10,20,0.1,0.2,0.3,0.4,0.5
3298,Call,10,20,0.1,0.2,0.3,0.4,0.5
3298,Put,10,20,0.1,0.2,0.3,0.4,0.5
3299,Call,10,20,0.1,0.2,0.3,0.4,0.5
3299,Put,10,20,0.1,0.2,0.3,0.4,0.5
3300,Call,10,20,0.1,0.2,0.3,0.4,0.5
3300,Put,10,20,0.1,0.2,0.3,0.4,0.5
3301,Call,10,20,0.1,0.2,0.3,0.4,0.5
3301,Put,10,20,0.1,0.2,0.3,0.4,0.5
3302,Call,10,20,0.1,0.2,0.3,0.4,0.5
3302,Put,10,20,0.1,0.2,0.3,0.4,0.5
3303,Call,10,20,0.1,0.2,0.3,0.4,0.5
3303,Put,10,20,0.1,0.2,0.3,0.4,0.5
3304,Call,10,20,0.1,0.2,0.3,0.4,0.5
3304,Put,10,20,0.1,0.2,0.3,0.4,0.5
3305,Call,10,20,0.1,0.2,0.3,0.4,0.5
3305,Put,10,20,0.1,0.2,0.3,0.4,0.5
3306,Call,10,20,0.1,0.2,0.3,0.4,0.5
3306,Put,10,20,0.1,0.2,0.3,0.4,0.5
3307,Call,10,20,0.1,0.2,0.3,0.4,0.5
3307,Put,10,20,0.1,0.2,0.3,0.4,0.5
3308,Call,10,20,0.1,0.2,0.3,0.4,0.5
3308,Put,10,20,0.1,0.2,0.3,0.4,0.5
3309,Call,10,20,0.1,0.2,0.3,0.4,0.5
3309,Put,10,20,0.1,0.2,0.3,0.4,0.5
3310,Call,10,20,0.1,0.2,0.3,0.4,0.5
3310,Put,10,20,0.1,0.2,0.3,0.4,0.5
3311,Call,10,20,0.1,0.2,0.3,0.4,0.5
3311,Put,10,20,0.1,0.2,0.3,0.4,0.5
3312,Call,10,20,0.1,0.2,0.3,0.4,0.5
3312,Put,10,20,0.1,0.2,0.3,0.4,0.5
3313,Call,10,20,0.1,0.2,0.3,0.4,0.5
3313,Put,10,20,0.1,0.2,0.3,0.4,0.5
3314,Call,10,20,0.1,0.2,0.3,0.4,0.5
3314,Put,10,20,0.1,0.2,0.3,0.4,0.5
3315,Call,10,20,0.1,0.2,0.3,0.4,0.5
3315,Put,10,20,0.1,0.2,0.3,0.4,0.5
3316,Call,10,20,0.1,0.2,0.3,0.4,0.5
3316,Put,10,20,0.1,0.2,0.3,0.4,0.5
3317,Call,10,20,0.1,0.2,0.3,0.4,0.5
3317,Put,10,20,0.1,0.2,0.3,0.4,0.5
3318,Call,10,20,0.1,0.2,0.3,0.4,0.5
3318,Put,10,20,0.1,0.2,0.3,0.4,0.5
3319,Call,10,20,0.1,0.2,0.3,0.4,0.5
3319,Put,10,20,0.1,0.2,0.3,0.4,0.5
3320,Call,10,20,0.1,0.2,0.3,0.4,0.5
3320,Put,10,20,0.1,0.2,0.3,0.4,0.5
3321,Call,10,20,0.1,0.2,0.3,0.4,0.5
3321,Put,10,20,0.1,0.2,0.3,0.4,0.5
3322,Call,10,20,0.1,0.2,0.3,0.4,0.5
3322,Put,10,20,0.1,0.2,0.3,0.4,0.5
3323,Call,10,20,0.1,0.2,0.3,0.4,0.5
3323,Put,10,20,0.1,0.2,0.3,0.4,0.5
3324,Call,10,20,0.1,0.2,0.3,0.4,0.5
3324,Put,10,20,0.1,0.2,0.3,0.4,0.5
3325,Call,10,20,0.1,0.2,0.3,0.4,0.5
3325,Put,10,20,0.1,0.2,0.3,0.4,0.5
3326,Call,10,20,0.1,0.2,0.3,0.4,0.5
3326,Put,10,20,0.1,0.2,0.3,0.4,0.5
3327,Call,10,20,0.1,0.2,0.3,0.4,0.5
3327,Put,10,20,0.1,0.2,0.3,0.4,0.5
3328,Call,10,20,0.1,0.2,0.3,0.4,0.5
3328,Put,10,20,0.1,0.2,0.3,0.4,0.5
3329,Call,10,20,0.1,0.2,0.3,0.4,0.5
3329,Put,10,20,0.1,0.2,0.3,0.4,0.5
3330,Call,10,20,0.1,0.2,0.3,0.4,0.5
3330,Put,10,20,0.1,0.2,0.3,0.4,0.5
3331,Call,10,20,0.1,0.2,0.3,0.4,0.5
3331,Put,10,20,0.1,0.2,0.3,0.4,0.5
3332,Call,10,20,0.1,0.2,0.3,0.4,0.5
3332,Put,10,20,0.1,0.2,0.3,0.4,0.5
3333,Call,10,20,0.1,0.2,0.3,0.4,0.5
3333,Put,10,20,0.1,0.2,0.3,0.4,0.5
3334,Call,10,20,0.1,0.2,0.3,0.4,0.5
3334,Put,10,20,0.1,0.2,0.3,0.4,0.5
3335,Call,10,20,0.1,0.2,0.3,0.4,0.5
3335,Put,10,20,0.1,0.2,0.3,0.4,0.5
3336,Call,10,20,0.1,0.2,0.3,0.4,0.5
3336,Put,10,20,0.1,0.2,0.3,0.4,0.5
3337,Call,10,20,0.1,0.2,0.3,0.4,0.5
3337,Put,10,20,0.1,0.2,0.3,0.4,0.5
3338,Call,10,20,0.1,0.2,0.3,0.4,0.5
3338,Put,10,20,0.1,0.2,0.3,0.4,0.5
3339,Call,10,20,0.1,0.2,0.3,0.4,0.5
3339,Put,10,20,0.1,0.2,0.3,0.4,0.5
3340,Call,10,20,0.1,0.2,0.3,0.4,0.5
3340,Put,10,20,0.1,0.2,0.3,0.4,0.5
3341,Call,10,20,0.1,0.2,0.3,0.4,0.5
3341,Put,10,20,0.1,0.2,0.3,0.4,0.5
3342,Call,10,20,0.1,0.2,0.3,0.4,0.5
3342,Put,10,20,0.1,0.2,0.3,0.4,0.5
3343,Call,10,20,0.1,0.2,0.3,0.4,0.5
3343,Put,10,20,0.1,0.2,0.3,0.4,0.5
3344,Call,10,20,0.1,0.2,0.3,0.4,0.5
3344,Put,10,20,0.1,0.2,0.3,0.4,0.5
3345,Call,10,20,0.1,0.2,0.3,0.4,0.5
3345,Put,10,20,0.1,0.2,0.3,0.4,0.5
3346,Call,10,20,0.1,0.2,0.3,0.4,0.5
3346,Put,10,20,0.1,0.2,0.3,0.4,0.5
3347,Call,10,20,0.1,0.2,0.3,0.4,0.5
3347,Put,10,20,0.1,0.2,0.3,0.4,0.5
3348,Call,10,20,0.1,0.2,0.3,0.4,0.5
3348,Put,10,20,0.1,0.2,0.3,0.4,0.5
3349,Call,10,20,0.1,0.2,0.3,0.4,0.5
3349,Put,10,20,0.1,0.2,0.3,0.4,0.5
3350,Call,10,20,0.1,0.2,0.3,0.4,0.5
3350,Put,10,20,0.1,0.2,0.3,0.4,0.5
3351,Call,10,20,0.1,0.2,0.3,0.4,0.5
3351,Put,10,20,0.1,0.2,0.3,0.4,0.5
3352,Call,10,20,0.1,0.2,0.3,0.4,0.5
3352,Put,10,20,0.1,0.2,0.3,0.4,0.5
3353,Call,10,20,0.1,0.2,0.3,0.4,0.5
3353,Put,10,20,0.1,0.2,0.3,0.4,0.5
3354,Call,10,20,0.1,0.2,0.3,0.4,0.5
3354,Put,10,20,0.1,0.2,0.3,0.4,0.5
3355,Call,10,20,0.1,0.2,0.3,0.4,0.5
3355,Put,10,20,0.1,0.2,0.3,0.4,0.5
3356,Call,10,20,0.1,0.2,0.3,0.4,0.5
3356,Put,10,20,0.1,0.2,0.3,0.4,0.5
3357,Call,10,20,0.1,0.2,0.3,0.4,0.5
3357,Put,10,20,0.1,0.2,0.3,0.4,0.5
3358,Call,10,20,0.1,0.2,0.3,0.4,0.5
3358,Put,10,20,0.1,0.2,0.3,0.4,0.5
3359,Call,10,20,0.1,0.2,0.3,0.4,0.5
3359,Put,10,20,0.1,0.2,0.3,0.4,0.5
3360,Call,10,20,0.1,0.2,0.3,0.4,0.5
3360,Put,10,20,0.1,0.2,0.3,0.4,0.5
3361,Call,10,20,0.1,0.2,0.3,0.4,0.5
3361,Put,10,20,0.1,0.2,0.3,0.4,0.5
3362,Call,10,20,0.1,0.2,0.3,0.4,0.5
3362,Put,10,20,0.1,0.2,0.3,0.4,0.5
3363,Call,10,20,0.1,0.2,0.3,0.4,0.5
3363,Put,10,20,0.1,0.2,0.3,0.4,0.5
3364,Call,10,20,0.1,0.2,0.3,0.4,0.5
3364,Put,10,20,0.1,0.2,0.3,0.4,0.5
3365,Call,10,20,0.1,0.2,0.3,0.4,0.5
3365,Put,10,20,0.1,0.2,0.3,0.4,0.5
3366,Call,10,20,0.1,0.2,0.3,0.4,0.5
3366,Put,10,20,0.1,0.2,0.3,0.4,0.5
3367,Call,10,20,0.1,0.2,0.3,0.4,0.5
3367,Put,10,20,0.1,0.2,0.3,0.4,0.5
3368,Call,10,20,0.1,0.2,0.3,0.4,0.5
3368,Put,10,20,0.1,0.2,0.3,0.4,0.5
3369,Call,10,20,0.1,0.2,0.3,0.4,0.5
3369,Put,10,20,0.1,0.2,0.3,0.4,0.5
3370,Call,10,20,0.1,0.2,0.3,0.4,0.5
3370,Put,10,20,0.1,0.2,0.3,0.4,0.5
3371,Call,10,20,0.1,0.2,0.3,0.4,0.5
3371,Put,10,20,0.1,0.2,0.3,0.4,0.5
3372,Call,10,20,0.1,0.2,0.3,0.4,0.5
3372,Put,10,20,0.1,0.2,0.3,0.4,0.5
3373,Call,10,20,0.1,0.2,0.3,0.4,0.5
3373,Put,10,20,0.1,0.2,0.3,0.4,0.5
3374,Call,10,20,0.1,0.2,0.3,0.4,0.5
3374,Put,10,20,0.1,0.2,0.3,0.4,0.5
3375,Call,10,20,0.1,0.2,0.3,0.4,0.5
3375,Put,10,20,0.1,0.2,0.3,0.4,0.5
3376,Call,10,20,0.1,0.2,0.3,0.4,0.5
3376,Put,10,20,0.1,0.2,0.3,0.4,0.5
3377,Call,10,20,0.1,0.2,0.3,0.4,0.5
3377,Put,10,20,0.1,0.2,0.3,0.4,0.5
3378,Call,10,20,0.1,0.2,0.3,0.4,0.5
3378,Put,10,20,0.1,0.2,0.3,0.4,0.5
3379,Call,10,20,0.1,0.2,0.3,0.4,0.5
3379,Put,10,20,0.1,0.2,0.3,0.4,0.5
3380,Call,10,20,0.1,0.2,0.3,0.4,0.5
3380,Put,10,20,0.1,0.2,0.3,0.4,0.5
3381,Call,10,20,0.1,0.2,0.3,0.4,0.5
3381,Put,10,20,0.1,0.2,0.3,0.4,0.5
3382,Call,10,20,0.1,0.2,0.3,0.4,0.5
3382,Put,10,20,0.1,0.2,0.3,0.4,0.5
3383,Call,10,20,0.1,0.2,0.3,0.4,0.5
3383,Put,10,20,0.1,0.2,0.3,0.4,0.5
3384,Call,10,20,0.1,0.2,0.3,0.4,0.5
3384,Put,10,20,0.1,0.2,0.3,0.4,0.5
3385,Call,10,20,0.1,0.2,0.3,0.4,0.5
3385,Put,10,20,0.1,0.2,0.3,0.4,0.5
3386,Call,10,20,0.1,0.2,0.3,0.4,0.5
3386,Put,10,20,0.1,0.2,0.3,0.4,0.5
3387,Call,10,20,0.1,0.2,0.3,0.4,0.5
3387,Put,10,20,0.1,0.2,0.3,0.4,0.5
3388,Call,10,20,0.1,0.2,0.3,0.4,0.5
3388,Put,10,20,0.1,0.2,0.3,0.4,0.5
3389,Call,10,20,0.1,0.2,0.3,0.4,0.5
3389,Put,10,20,0.1,0.2,0.3,0.4,0.5
3390,Call,10,20,0.1,0.2,0.3,0.4,0.5
3390,Put,10,20,0.1,0.2,0.3,0.4,0.5
3391,Call,10,20,0.1,0.2,0.3,0.4,0.5
3391,Put,10,20,0.1,0.2,0.3,0.4,0.5
3392,Call,10,20,0.1,0.2,0.3,0.4,0.5
3392,Put,10,20,0.1,0.2,0.3,0.4,0.5
3393,Call,10,20,0.1,0.2,0.3,0.4,0.5
3393,Put,10,20,0.1,0.2,0.3,0.4,0.5
3394,Call,10,20,0.1,0.2,0.3,0.4,0.5
3394,Put,10,20,0.1,0.2,0.3,0.4,0.5
3395,Call,10,20,0.1,0.2,0.3,0.4,0.5
3395,Put,10,20,0.1,0.2,0.3,0.4,0.5
3396,Call,10,20,0.1,0.2,0.3,0.4,0.5
3396,Put,10,20,0.1,0.2,0.3,0.4,0.5
3397,Call,10,20,0.1,0.2,0.3,0.4,0.5
3397,Put,10,20,0.1,0.2,0.3,0.4,0.5
3398,Call,10,20,0.1,0.2,0.3,0.4,0.5
3398,Put,10,20,0.1,0.2,0.3,0.4,0.5
3399,Call,10,20,0.1,0.2,0.3,0.4,0.5
3399,Put,10,20,0.1,0.2,0.3,0.4,0.5
3400,Call,10,20,0.1,0.2,0.3,0.4,0.5
3400,Put,10,20,0.1,0.2,0.3,0.4,0.5
3401,Call,10,20,0.1,0.2,0.3,0.4,0.5
3401,Put,10,20,0.1,0.2,0.3,0.4,0.5
3402,Call,10,20,0.1,0.2,0.3,0.4,0.5
3402,Put,10,20,0.1,0.2,0.3,0.4,0.5
3403,Call,10,20,0.1,0.2,0.3,0.4,0.5
3403,Put,10,20,0.1,0.2,0.3,0.4,0.5
3404,Call,10,20,0.1,0.2,0.3,0.4,0.5
3404,Put,10,20,0.1,0.2,0.3,0.4,0.5
3405,Call,10,20,0.1,0.2,0.3,0.4,0.5
3405,Put,10,20,0.1,0.2,0.3,0.4,0.5
3406,Call,10,20,0.1,0.2,0.3,0.4,0.5
3406,Put,10,20,0.1,0.2,0.3,0.4,0.5
3407,Call,10,20,0.1,0.2,0.3,0.4,0.5
3407,Put,10,20,0.1,0.2,0.3,0.4,0.5
3408,Call,10,20,0.1,0.2,0.3,0.4,0.5
3408,Put,10,20,0.1,0.2,0.3,0.4,0.5
3409,Call,10,20,0.1,0.2,0.3,0.4,0.5
3409,Put,10,20,0.1,0.2,0.3,0.4,0.5
3410,Call,10,20,0.1,0.2,0.3,0.4,0.5
3410,Put,10,20,0.1,0.2,0.3,0.4,0.5
3411,Call,10,20,0.1,0.2,0.3,0.4,0.5
3411,Put,10,20,0.1,0.2,0.3,0.4,0.5
3412,Call,10,20,0.1,0.2,0.3,0.4,0.5
3412,Put,10,20,0.1,0.2,0.3,0.4,0.5
3413,Call,10,20,0.1,0.2,0.3,0.4,0.5
3413,Put,10,20,0.1,0.2,0.3,0.4,0.5
3414,Call,10,20,0.1,0.2,0.3,0.4,0.5
3414,Put,10,20,0.1,0.2,0.3,0.4,0.5
3415,Call,10,20,0.1,0.2,0.3,0.4,0.5
3415,Put,10,20,0.1,0.2,0.3,0.4,0.5
3416,Call,10,20,0.1,0.2,0.3,0.4,0.5
3416,Put,10,20,0.1,0.2,0.3,0.4,0.5
3417,Call,10,20,0.1,0.2,0.3,0.4,0.5
3417,Put,10,20,0.1,0.2,0.3,0.4,0.5
3418,Call,10,20,0.1,0.2,0.3,0.4,0.5
3418,Put,10,20,0.1,0.2,0.3,0.4,0.5
3419,Call,10,20,0.1,0.2,0.3,0.4,0.5
3419,Put,10,20,0.1,0.2,0.3,0.4,0.5
3420,Call,10,20,0.1,0.2,0.3,0.4,0.5
3420,Put,10,20,0.1,0.2,0.3,0.4,0.5
3421,Call,10,20,0.1,0.2,0.3,0.4,0.5
3421,Put,10,20,0.1,0.2,0.3,0.4,0.5
3422,Call,10,20,0.1,0.2,0.3,0.4,0.5
3422,Put,10,20,0.1,0.2,0.3,0.4,0.5
3423,Call,10,20,0.1,0.2,0.3,0.4,0.5
3423,Put,10,20,0.1,0.2,0.3,0.4,0.5
3424,Call,10,20,0.1,0.2,0.3,0.4,0.5
3424,Put,10,20,0.1,0.2,0.3,0.4,0.5
3425,Call,10,20,0.1,0.2,0.3,0.4,0.5
3425,Put,10,20,0.1,0.2,0.3,0.4,0.5
3426,Call,10,20,0.1,0.2,0.3,0.4,0.5
3426,Put,10,20,0.1,0.2,0.3,0.4,0.5
3427,Call,10,20,0.1,0.2,0.3,0.4,0.5
3427,Put,10,20,0.1,0.2,0.3,0.4,0.5
3428,Call,10,20,0.1,0.2,0.3,0.4,0.5
3428,Put,10,20,0.1,0.2,0.3,0.4,0.5
3429,Call,10,20,0.1,0.2,0.3,0.4,0.5
3429,Put,10,20,0.1,0.2,0.3,0.4,0.5
3430,Call,10,20,0.1,0.2,0.3,0.4,0.5
3430,Put,10,20,0.1,0.2,0.3,0.4,0.5
3431,Call,10,20,0.1,0.2,0.3,0.4,0.5
3431,Put,10,20,0.1,0.2,0.3,0.4,0.5
3432,Call,10,20,0.1,0.2,0.3,0.4,0.5
3432,Put,10,20,0.1,0.2,0.3,0.4,0.5
3433,Call,10,20,0.1,0.2,0.3,0.4,0.5
3433,Put,10,20,0.1,0.2,0.3,0.4,0.5
3434,Call,10,20,0.1,0.2,0.3,0.4,0.5
3434,Put,10,20,0.1,0.2,0.3,0.4,0.5
3435,Call,10,20,0.1,0.2,0.3,0.4,0.5
3435,Put,10,20,0.1,0.2,0.3,0.4,0.5
3436,Call,10,20,0.1,0.2,0.3,0.4,0.5
3436,Put,10,20,0.1,0.2,0.3,0.4,0.5
3437,Call,10,20,0.1,0.2,0.3,0.4,0.5
3437,Put,10,20,0.1,0.2,0.3,0.4,0.5
3438,Call,10,20,0.1,0.2,0.3,0.4,0.5
3438,Put,10,20,0.1,0.2,0.3,0.4,0.5
3439,Call,10,20,0.1,0.2,0.3,0.4,0.5
3439,Put,10,20,0.1,0.2,0.3,0.4,0.5
3440,Call,10,20,0.1,0.2,0.3,0.4,0.5
3440,Put,10,20,0.1,0.2,0.3,0.4,0.5
3441,Call,10,20,0.1,0.2,0.3,0.4,0.5
3441,Put,10,20,0.1,0.2,0.3,0.4,0.5
3442,Call,10,20,0.1,0.2,0.3,0.4,0.5
3442,Put,10,20,0.1,0.2,0.3,0.4,0.5
3443,Call,10,20,0.1,0.2,0.3,0.4,0.5
3443,Put,10,20,0.1,0.2,0.3,0.4,0.5
3444,Call,10,20,0.1,0.2,0.3,0.4,0.5
3444,Put,10,20,0.1,0.2,0.3,0.4,0.5
3445,Call,10,20,0.1,0.2,0.3,0.4,0.5
3445,Put,10,20,0.1,0.2,0.3,0.4,0.5
3446,Call,10,20,0.1,0.2,0.3,0.4,0.5
3446,Put,10,20,0.1,0.2,0.3,0.4,0.5
3447,Call,10,20,0.1,0.2,0.3,0.4,0.5
3447,Put,10,20,0.1,0.2,0.3,0.4,0.5
3448,Call,10,20,0.1,0.2,0.3,0.4,0.5
3448,Put,10,20,0.1,0.2,0.3,0.4,0.5
3449,Call,10,20,0.1,0.2,0.3,0.4,0.5
3449,Put,10,20,0.1,0.2,0.3,0.4,0.5
3450,Call,10,20,0.1,0.2,0.3,0.4,0.5
3450,Put,10,20,0.1,0.2,0.3,0.4,0.5
3451,Call,10,20,0.1,0.2,0.3,0.4,0.5
3451,Put,10,20,0.1,0.2,0.3,0.4,0.5
3452,Call,10,20,0.1,0.2,0.3,0.4,0.5
3452,Put,10,20,0.1,0.2,0.3,0.4,0.5
3453,Call,10,20,0.1,0.2,0.3,0.4,0.5
3453,Put,10,20,0.1,0.2,0.3,0.4,0.5
3454,Call,10,20,0.1,0.2,0.3,0.4,0.5
3454,Put,10,20,0.1,0.2,0.3,0.4,0.5
3455,Call,10,20,0.1,0.2,0.3,0.4,0.5
3455,Put,10,20,0.1,0.2,0.3,0.4,0.5
3456,Call,10,20,0.1,0.2,0.3,0.4,0.5
3456,Put,10,20,0.1,0.2,0.3,0.4,0.5
3457,Call,10,20,0.1,0.2,0.3,0.4,0.5
3457,Put,10,20,0.1,0.2,0.3,0.4,0.5
3458,Call,10,20,0.1,0.2,0.3,0.4,0.5
3458,Put,10,20,0.1,0.2,0.3,0.4,0.5
3459,Call,10,20,0.1,0.2,0.3,0.4,0.5
3459,Put,10,20,0.1,0.2,0.3,0.4,0.5
3460,Call,10,20,0.1,0.2,0.3,0.4,0.5
3460,Put,10,20,0.1,0.2,0.3,0.4,0.5
3461,Call,10,20,0.1,0.2,0.3,0.4,0.5
3461,Put,10,20,0.1,0.2,0.3,0.4,0.5
3462,Call,10,20,0.1,0.2,0.3,0.4,0.5
3462,Put,10,20,0.1,0.2,0.3,0.4,0.5
3463,Call,10,20,0.1,0.2,0.3,0.4,0.5
3463,Put,10,20,0.1,0.2,0.3,0.4,0.5
3464,Call,10,20,0.1,0.2,0.3,0.4,0.5
3464,Put,10,20,0.1,0.2,0.3,0.4,0.5
3465,Call,10,20,0.1,0.2,0.3,0.4,0.5
3465,Put,10,20,0.1,0.2,0.3,0.4,0.5
3466,Call,10,20,0.1,0.2,0.3,0.4,0.5
3466,Put,10,20,0.1,0.2,0.3,0.4,0.5
3467,Call,10,20,0.1,0.2,0.3,0.4,0.5
3467,Put,10,20,0.1,0.2,0.3,0.4,0.5
3468,Call,10,20,0.1,0.2,0.3,0.4,0.5
3468,Put,10,20,0.1,0.2,0.3,0.4,0.5
3469,Call,10,20,0.1,0.2,0.3,0.4,0.5
3469,Put,10,20,0.1,0.2,0.3,0.4,0.5
3470,Call,10,20,0.1,0.2,0.3,0.4,0.5
3470,Put,10,20,0.1,0.2,0.3,0.4,0.5
3471,Call,10,20,0.1,0.2,0.3,0.4,0.5
3471,Put,10,20,0.1,0.2,0.3,0.4,0.5
3472,Call,10,20,0.1,0.2,0.3,0.4,0.5
3472,Put,10,20,0.1,0.2,0.3,0.4,0.5
3473,Call,10,20,0.1,0.2,0.3,0.4,0.5
3473,Put,10,20,0.1,0.2,0.3,0.4,0.5
3474,Call,10,20,0.1,0.2,0.3,0.4,0.5
3474,Put,10,20,0.1,0.2,0.3,0.4,0.5
3475,Call,10,20,0.1,0.2,0.3,0.4,0.5
3475,Put,10,20,0.1,0.2,0.3,0.4,0.5
3476,Call,10,20,0.1,0.2,0.3,0.4,0.5
3476,Put,10,20,0.1,0.2,0.3,0.4,0.5
3477,Call,10,20,0.1,0.2,0.3,0.4,0.5
3477,Put,10,20,0.1,0.2,0.3,0.4,0.5
3478,Call,10,20,0.1,0.2,0.3,0.4,0.5
3478,Put,10,20,0.1,0.2,0.3,0.4,0.5
3479,Call,10,20,0.1,0.2,0.3,0.4,0.5
3479,Put,10,20,0.1,0.2,0.3,0.4,0.5
3480,Call,10,20,0.1,0.2,0.3,0.4,0.5
3480,Put,10,20,0.1,0.2,0.3,0.4,0.5
3481,Call,10,20,0.1,0.2,0.3,0.4,0.5
3481,Put,10,20,0.1,0.2,0.3,0.4,0.5
3482,Call,10,20,0.1,0.2,0.3,0.4,0.5
3482,Put,10,20,0.1,0.2,0.3,0.4,0.5
3483,Call,10,20,0.1,0.2,0.3,0.4,0.5
3483,Put,10,20,0.1,0.2,0.3,0.4,0.5
3484,Call,10,20,0.1,0.2,0.3,0.4,0.5
3484,Put,10,20,0.1,0.2,0.3,0.4,0.5
3485,Call,10,20,0.1,0.2,0.3,0.4,0.5
3485,Put,10,20,0.1,0.2,0.3,0.4,0.5
3486,Call,10,20,0.1,0.2,0.3,0.4,0.5
3486,Put,10,20,0.1,0.2,0.3,0.4,0.5
3487,Call,10,20,0.1,0.2,0.3,0.4,0.5
3487,Put,10,20,0.1,0.2,0.3,0.4,0.5
3488,Call,10,20,0.1,0.2,0.3,0.4,0.5
3488,Put,10,20,0.1,0.2,0.3,0.4,0.5
3489,Call,10,20,0.1,0.2,0.3,0.4,0.5
3489,Put,10,20,0.1,0.2,0.3,0.4,0.5
3490,Call,10,20,0.1,0.2,0.3,0.4,0.5
3490,Put,10,20,0.1,0.2,0.3,0.4,0.5
3491,Call,10,20,0.1,0.2,0.3,0.4,0.5
3491,Put,10,20,0.1,0.2,0.3,0.4,0.5
3492,Call,10,20,0.1,0.2,0.3,0.4,0.5
3492,Put,10,20,0.1,0.2,0.3,0.4,0.5
3493,Call,10,20,0.1,0.2,0.3,0.4,0.5
3493,Put,10,20,0.1,0.2,0.3,0.4,0.5
3494,Call,10,20,0.1,0.2,0.3,0.4,0.5
3494,Put,10,20,0.1,0.2,0.3,0.4,0.5
3495,Call,10,20,0.1,0.2,0.3,0.4,0.5
3495,Put,10,20,0.1,0.2,0.3,0.4,0.5
3496,Call,10,20,0.1,0.2,0.3,0.4,0.5
3496,Put,10,20,0.1,0.2,0.3,0.4,0.5
3497,Call,10,20,0.1,0.2,0.3,0.4,0.5
3497,Put,10,20,0.1,0.2,0.3,0.4,0.5
3498,Call,10,20,0.1,0.2,0.3,0.4,0.5
3498,Put,10,20,0.1,0.2,0.3,0.4,0.5
3499,Call,10,20,0.1,0.2,0.3,0.4,0.5
3499,Put,10,20,0.1,0.2,0.3,0.4,0.5
3500,Call,10,20,0.1,0.2,0.3,0.4,0.5
3500,Put,10,20,0.1,0.2,0.3,0.4,0.5
3501,Call,10,20,0.1,0.2,0.3,0.4,0.5
3501,Put,10,20,0.1,0.2,0.3,0.4,0.5
3502,Call,10,20,0.1,0.2,0.3,0.4,0.5
3502,Put,10,20,0.1,0.2,0.3,0.4,0.5
3503,Call,10,20,0.1,0.2,0.3,0.4,0.5
3503,Put,10,20,0.1,0.2,0.3,0.4,0.5
3504,Call,10,20,0.1,0.2,0.3,0.4,0.5
3504,Put,10,20,0.1,0.2,0.3,0.4,0.5
3505,Call,10,20,0.1,0.2,0.3,0.4,0.5
3505,Put,10,20,0.1,0.2,0.3,0.4,0.5
3506,Call,10,20,0.1,0.2,0.3,0.4,0.5
3506,Put,10,20,0.1,0.2,0.3,0.4,0.5
3507,Call,10,20,0.1,0.2,0.3,0.4,0.5
3507,Put,10,20,0.1,0.2,0.3,0.4,0.5
3508,Call,10,20,0.1,0.2,0.3,0.4,0.5
3508,Put,10,20,0.1,0.2,0.3,0.4,0.5
3509,Call,10,20,0.1,0.2,0.3,0.4,0.5
3509,Put,10,20,0.1,0.2,0.3,0.4,0.5
3510,Call,10,20,0.1,0.2,0.3,0.4,0.5
3510,Put,10,20,0.1,0.2,0.3,0.4,0.5
3511,Call,10,20,0.1,0.2,0.3,0.4,0.5
3511,Put,10,20,0.1,0.2,0.3,0.4,0.5
3512,Call,10,20,0.1,0.2,0.3,0.4,0.5
3512,Put,10,20,0.1,0.2,0.3,0.4,0.5
3513,Call,10,20,0.1,0.2,0.3,0.4,0.5
3513,Put,10,20,0.1,0.2,0.3,0.4,0.5
3514,Call,10,20,0.1,0.2,0.3,0.4,0.5
3514,Put,10,20,0.1,0.2,0.3,0.4,0.5
3515,Call,10,20,0.1,0.2,0.3,0.4,0.5
3515,Put,10,20,0.1,0.2,0.3,0.4,0.5
3516,Call,10,20,0.1,0.2,0.3,0.4,0.5
3516,Put,10,20,0.1,0.2,0.3,0.4,0.5
3517,Call,10,20,0.1,0.2,0.3,0.4,0.5
3517,Put,10,20,0.1,0.2,0.3,0.4,0.5
3518,Call,10,20,0.1,0.2,0.3,0.4,0.5
3518,Put,10,20,0.1,0.2,0.3,0.4,0.5
3519,Call,10,20,0.1,0.2,0.3,0.4,0.5
3519,Put,10,20,0.1,0.2,0.3,0.4,0.5
3520,Call,10,20,0.1,0.2,0.3,0.4,0.5
3520,Put,10,20,0.1,0.2,0.3,0.4,0.5
3521,Call,10,20,0.1,0.2,0.3,0.4,0.5
3521,Put,10,20,0.1,0.2,0.3,0.4,0.5
3522,Call,10,20,0.1,0.2,0.3,0.4,0.5
3522,Put,10,20,0.1,0.2,0.3,0.4,0.5
3523,Call,10,20,0.1,0.2,0.3,0.4,0.5
3523,Put,10,20,0.1,0.2,0.3,0.4,0.5
3524,Call,10,20,0.1,0.2,0.3,0.4,0.5
3524,Put,10,20,0.1,0.2,0.3,0.4,0.5
3525,Call,10,20,0.1,0.2,0.3,0.4,0.5
3525,Put,10,20,0.1,0.2,0.3,0.4,0.5
3526,Call,10,20,0.1,0.2,0.3,0.4,0.5
3526,Put,10,20,0.1,0.2,0.3,0.4,0.5
3527,Call,10,20,0.1,0.2,0.3,0.4,0.5
3527,Put,10,20,0.1,0.2,0.3,0.4,0.5
3528,Call,10,20,0.1,0.2,0.3,0.4,0.5
3528,Put,10,20,0.1,0.2,0.3,0.4,0.5
3529,Call,10,20,0.1,0.2,0.3,0.4,0.5
3529,Put,10,20,0.1,0.2,0.3,0.4,0.5
3530,Call,10,20,0.1,0.2,0.3,0.4,0.5
3530,Put,10,20,0.1,0.2,0.3,0.4,0.5
3531,Call,10,20,0.1,0.2,0.3,0.4,0.5
3531,Put,10,20,0.1,0.2,0.3,0.4,0.5
3532,Call,10,20,0.1,0.2,0.3,0.4,0.5
3532,Put,10,20,0.1,0.2,0.3,0.4,0.5
3533,Call,10,20,0.1,0.2,0.3,0.4,0.5
3533,Put,10,20,0.1,0.2,0.3,0.4,0.5
3534,Call,10,20,0.1,0.2,0.3,0.4,0.5
3534,Put,10,20,0.1,0.2,0.3,0.4,0.5
3535,Call,10,20,0.1,0.2,0.3,0.4,0.5
3535,Put,10,20,0.1,0.2,0.3,0.4,0.5
3536,Call,10,20,0.1,0.2,0.3,0.4,0.5
3536,Put,10,20,0.1,0.2,0.3,0.4,0.5
3537,Call,10,20,0.1,0.2,0.3,0.4,0.5
3537,Put,10,20,0.1,0.2,0.3,0.4,0.5
3538,Call,10,20,0.1,0.2,0.3,0.4,0.5
3538,Put,10,20,0.1,0.2,0.3,0.4,0.5
3539,Call,10,20,0.1,0.2,0.3,0.4,0.5
3539,Put,10,20,0.1,0.2,0.3,0.4,0.5
3540,Call,10,20,0.1,0.2,0.3,0.4,0.5
3540,Put,10,20,0.1,0.2,0.3,0.4,0.5
3541,Call,10,20,0.1,0.2,0.3,0.4,0.5
3541,Put,10,20,0.1,0.2,0.3,0.4,0.5
3542,Call,10,20,0.1,0.2,0.3,0.4,0.5
3542,Put,10,20,0.1,0.2,0.3,0.4,0.5
3543,Call,10,20,0.1,0.2,0.3,0.4,0.5
3543,Put,10,20,0.1,0.2,0.3,0.4,0.5
3544,Call,10,20,0.1,0.2,0.3,0.4,0.5
3544,Put,10,20,0.1,0.2,0.3,0.4,0.5
3545,Call,10,20,0.1,0.2,0.3,0.4,0.5
3545,Put,10,20,0.1,0.2,0.3,0.4,0.5
3546,Call,10,20,0.1,0.2,0.3,0.4,0.5
3546,Put,10,20,0.1,0.2,0.3,0.4,0.5
3547,Call,10,20,0.1,0.2,0.3,0.4,0.5
3547,Put,10,20,0.1,0.2,0.3,0.4,0.5
3548,Call,10,20,0.1,0.2,0.3,0.4,0.5
3548,Put,10,20,0.1,0.2,0.3,0.4,0.5
3549,Call,10,20,0.1,0.2,0.3,0.4,0.5
3549,Put,10,20,0.1,0.2,0.3,0.4,0.5
3550,Call,10,20,0.1,0.2,0.3,0.4,0.5
3550,Put,10,20,0.1,0.2,0.3,0.4,0.5
3551,Call,10,20,0.1,0.2,0.3,0.4,0.5
3551,Put,10,20,0.1,0.2,0.3,0.4,0.5
3552,Call,10,20,0.1,0.2,0.3,0.4,0.5
3552,Put,10,20,0.1,0.2,0.3,0.4,0.5
3553,Call,10,20,0.1,0.2,0.3,0.4,0.5
3553,Put,10,20,0.1,0.2,0.3,0.4,0.5
3554,Call,10,20,0.1,0.2,0.3,0.4,0.5
3554,Put,10,20,0.1,0.2,0.3,0.4,0.5
3555,Call,10,20,0.1,0.2,0.3,0.4,0.5
3555,Put,10,20,0.1,0.2,0.3,0.4,0.5
3556,Call,10,20,0.1,0.2,0.3,0.4,0.5
3556,Put,10,20,0.1,0.2,0.3,0.4,0.5
3557,Call,10,20,0.1,0.2,0.3,0.4,0.5
3557,Put,10,20,0.1,0.2,0.3,0.4,0.5
3558,Call,10,20,0.1,0.2,0.3,0.4,0.5
3558,Put,10,20,0.1,0.2,0.3,0.4,0.5
3559,Call,10,20,0.1,0.2,0.3,0.4,0.5
3559,Put,10,20,0.1,0.2,0.3,0.4,0.5
3560,Call,10,20,0.1,0.2,0.3,0.4,0.5
3560,Put,10,20,0.1,0.2,0.3,0.4,0.5
3561,Call,10,20,0.1,0.2,0.3,0.4,0.5
3561,Put,10,20,0.1,0.2,0.3,0.4,0.5
3562,Call,10,20,0.1,0.2,0.3,0.4,0.5
3562,Put,10,20,0.1,0.2,0.3,0.4,0.5
3563,Call,10,20,0.1,0.2,0.3,0.4,0.5
3563,Put,10,20,0.1,0.2,0.3,0.4,0.5
3564,Call,10,20,0.1,0.2,0.3,0.4,0.5
3564,Put,10,20,0.1,0.2,0.3,0.4,0.5
3565,Call,10,20,0.1,0.2,0.3,0.4,0.5
3565,Put,10,20,0.1,0.2,0.3,0.4,0.5
3566,Call,10,20,0.1,0.2,0.3,0.4,0.5
3566,Put,10,20,0.1,0.2,0.3,0.4,0.5
3567,Call,10,20,0.1,0.2,0.3,0.4,0.5
3567,Put,10,20,0.1,0.2,0.3,0.4,0.5
3568,Call,10,20,0.1,0.2,0.3,0.4,0.5
3568,Put,10,20,0.1,0.2,0.3,0.4,0.5
3569,Call,10,20,0.1,0.2,0.3,0.4,0.5
3569,Put,10,20,0.1,0.2,0.3,0.4,0.5
3570,Call,10,20,0.1,0.2,0.3,0.4,0.5
3570,Put,10,20,0.1,0.2,0.3,0.4,0.5
3571,Call,10,20,0.1,0.2,0.3,0.4,0.5
3571,Put,10,20,0.1,0.2,0.3,0.4,0.5
3572,Call,10,20,0.1,0.2,0.3,0.4,0.5
3572,Put,10,20,0.1,0.2,0.3,0.4,0.5
3573,Call,10,20,0.1,0.2,0.3,0.4,0.5
3573,Put,10,20,0.1,0.2,0.3,0.4,0.5
3574,Call,10,20,0.1,0.2,0.3,0.4,0.5
3574,Put,10,20,0.1,0.2,0.3,0.4,0.5
3575,Call,10,20,0.1,0.2,0.3,0.4,0.5
3575,Put,10,20,0.1,0.2,0.3,0.4,0.5
3576,Call,10,20,0.1,0.2,0.3,0.4,0.5
3576,Put,10,20,0.1,0.2,0.3,0.4,0.5
3577,Call,10,20,0.1,0.2,0.3,0.4,0.5
3577,Put,10,20,0.1,0.2,0.3,0.4,0.5
3578,Call,10,20,0.1,0.2,0.3,0.4,0.5
3578,Put,10,20,0.1,0.2,0.3,0.4,0.5
3579,Call,10,20,0.1,0.2,0.3,0.4,0.5
3579,Put,10,20,0.1,0.2,0.3,0.4,0.5
3580,Call,10,20,0.1,0.2,0.3,0.4,0.5
3580,Put,10,20,0.1,0.2,0.3,0.4,0.5
3581,Call,10,20,0.1,0.2,0.3,0.4,0.5
3581,Put,10,20,0.1,0.2,0.3,0.4,0.5
3582,Call,10,20,0.1,0.2,0.3,0.4,0.5
3582,Put,10,20,0.1,0.2,0.3,0.4,0.5
3583,Call,10,20,0.1,0.2,0.3,0.4,0.5
3583,Put,10,20,0.1,0.2,0.3,0.4,0.5
3584,Call,10,20,0.1,0.2,0.3,0.4,0.5
3584,Put,10,20,0.1,0.2,0.3,0.4,0.5
3585,Call,10,20,0.1,0.2,0.3,0.4,0.5
3585,Put,10,20,0.1,0.2,0.3,0.4,0.5
3586,Call,10,20,0.1,0.2,0.3,0.4,0.5
3586,Put,10,20,0.1,0.2,0.3,0.4,0.5
3587,Call,10,20,0.1,0.2,0.3,0.4,0.5
3587,Put,10,20,0.1,0.2,0.3,0.4,0.5
3588,Call,10,20,0.1,0.2,0.3,0.4,0.5
3588,Put,10,20,0.1,0.2,0.3,0.4,0.5
3589,Call,10,20,0.1,0.2,0.3,0.4,0.5
3589,Put,10,20,0.1,0.2,0.3,0.4,0.5
3590,Call,10,20,0.1,0.2,0.3,0.4,0.5
3590,Put,10,20,0.1,0.2,0.3,0.4,0.5
3591,Call,10,20,0.1,0.2,0.3,0.4,0.5
3591,Put,10,20,0.1,0.2,0.3,0.4,0.5
3592,Call,10,20,0.1,0.2,0.3,0.4,0.5
3592,Put,10,20,0.1,0.2,0.3,0.4,0.5
3593,Call,10,20,0.1,0.2,0.3,0.4,0.5
3593,Put,10,20,0.1,0.2,0.3,0.4,0.5
3594,Call,10,20,0.1,0.2,0.3,0.4,0.5
3594,Put,10,20,0.1,0.2,0.3,0.4,0.5
3595,Call,10,20,0.1,0.2,0.3,0.4,0.5
3595,Put,10,20,0.1,0.2,0.3,0.4,0.5
3596,Call,10,20,0.1,0.2,0.3,0.4,0.5
3596,Put,10,20,0.1,0.2,0.3,0.4,0.5
3597,Call,10,20,0.1,0.2,0.3,0.4,0.5
3597,Put,10,20,0.1,0.2,0.3,0.4,0.5
3598,Call,10,20,0.1,0.2,0.3,0.4,0.5
3598,Put,10,20,0.1,0.2,0.3,0.4,0.5
3599,Call,10,20,0.1,0.2,0.3,0.4,0.5
3599,Put,10,20,0.1,0.2,0.3,0.4,0.5
3600,Call,10,20,0.1,0.2,0.3,0.4,0.5
3600,Put,10,20,0.1,0.2,0.3,0.4,0.5
3601,Call,10,20,0.1,0.2,0.3,0.4,0.5
3601,Put,10,20,0.1,0.2,0.3,0.4,0.5
3602,Call,10,20,0.1,0.2,0.3,0.4,0.5
3602,Put,10,20,0.1,0.2,0.3,0.4,0.5
3603,Call,10,20,0.1,0.2,0.3,0.4,0.5
3603,Put,10,20,0.1,0.2,0.3,0.4,0.5
3604,Call,10,20,0.1,0.2,0.3,0.4,0.5
3604,Put,10,20,0.1,0.2,0.3,0.4,0.5
3605,Call,10,20,0.1,0.2,0.3,0.4,0.5
3605,Put,10,20,0.1,0.2,0.3,0.4,0.5
3606,Call,10,20,0.1,0.2,0.3,0.4,0.5
3606,Put,10,20,0.1,0.2,0.3,0.4,0.5
3607,Call,10,20,0.1,0.2,0.3,0.4,0.5
3607,Put,10,20,0.1,0.2,0.3,0.4,0.5
3608,Call,10,20,0.1,0.2,0.3,0.4,0.5
3608,Put,10,20,0.1,0.2,0.3,0.4,0.5
3609,Call,10,20,0.1,0.2,0.3,0.4,0.5
3609,Put,10,20,0.1,0.2,0.3,0.4,0.5
3610,Call,10,20,0.1,0.2,0.3,0.4,0.5
3610,Put,10,20,0.1,0.2,0.3,0.4,0.5
3611,Call,10,20,0.1,0.2,0.3,0.4,0.5
3611,Put,10,20,0.1,0.2,0.3,0.4,0.5
3612,Call,10,20,0.1,0.2,0.3,0.4,0.5
3612,Put,10,20,0.1,0.2,0.3,0.4,0.5
3613,Call,10,20,0.1,0.2,0.3,0.4,0.5
3613,Put,10,20,0.1,0.2,0.3,0.4,0.5
3614,Call,10,20,0.1,0.2,0.3,0.4,0.5
3614,Put,10,20,0.1,0.2,0.3,0.4,0.5
3615,Call,10,20,0.1,0.2,0.3,0.4,0.5
3615,Put,10,20,0.1,0.2,0.3,0.4,0.5
3616,Call,10,20,0.1,0.2,0.3,0.4,0.5
3616,Put,10,20,0.1,0.2,0.3,0.4,0.5
3617,Call,10,20,0.1,0.2,0.3,0.4,0.5
3617,Put,10,20,0.1,0.2,0.3,0.4,0.5
3618,Call,10,20,0.1,0.2,0.3,0.4,0.5
3618,Put,10,20,0.1,0.2,0.3,0.4,0.5
3619,Call,10,20,0.1,0.2,0.3,0.4,0.5
3619,Put,10,20,0.1,0.2,0.3,0.4,0.5
3620,Call,10,20,0.1,0.2,0.3,0.4,0.5
3620,Put,10,20,0.1,0.2,0.3,0.4,0.5
3621,Call,10,20,0.1,0.2,0.3,0.4,0.5
3621,Put,10,20,0.1,0.2,0.3,0.4,0.5
3622,Call,10,20,0.1,0.2,0.3,0.4,0.5
3622,Put,10,20,0.1,0.2,0.3,0.4,0.5
3623,Call,10,20,0.1,0.2,0.3,0.4,0.5
3623,Put,10,20,0.1,0.2,0.3,0.4,0.5
3624,Call,10,20,0.1,0.2,0.3,0.4,0.5
3624,Put,10,20,0.1,0.2,0.3,0.4,0.5
3625,Call,10,20,0.1,0.2,0.3,0.4,0.5
3625,Put,10,20,0.1,0.2,0.3,0.4,0.5
3626,Call,10,20,0.1,0.2,0.3,0.4,0.5
3626,Put,10,20,0.1,0.2,0.3,0.4,0.5
3627,Call,10,20,0.1,0.2,0.3,0.4,0.5
3627,Put,10,20,0.1,0.2,0.3,0.4,0.5
3628,Call,10,20,0.1,0.2,0.3,0.4,0.5
3628,Put,10,20,0.1,0.2,0.3,0.4,0.5
3629,Call,10,20,0.1,0.2,0.3,0.4,0.5
3629,Put,10,20,0.1,0.2,0.3,0.4,0.5
3630,Call,10,20,0.1,0.2,0.3,0.4,0.5
3630,Put,10,20,0.1,0.2,0.3,0.4,0.5
3631,Call,10,20,0.1,0.2,0.3,0.4,0.5
3631,Put,10,20,0.1,0.2,0.3,0.4,0.5
3632,Call,10,20,0.1,0.2,0.3,0.4,0.5
3632,Put,10,20,0.1,0.2,0.3,0.4,0.5
3633,Call,10,20,0.1,0.2,0.3,0.4,0.5
3633,Put,10,20,0.1,0.2,0.3,0.4,0.5
3634,Call,10,20,0.1,0.2,0.3,0.4,0.5
3634,Put,10,20,0.1,0.2,0.3,0.4,0.5
3635,Call,10,20,0.1,0.2,0.3,0.4,0.5
3635,Put,10,20,0.1,0.2,0.3,0.4,0.5
3636,Call,10,20,0.1,0.2,0.3,0.4,0.5
3636,Put,10,20,0.1,0.2,0.3,0.4,0.5
3637,Call,10,20,0.1,0.2,0.3,0.4,0.5
3637,Put,10,20,0.1,0.2,0.3,0.4,0.5
3638,Call,10,20,0.1,0.2,0.3,0.4,0.5
3638,Put,10,20,0.1,0.2,0.3,0.4,0.5
3639,Call,10,20,0.1,0.2,0.3,0.4,0.5
3639,Put,10,20,0.1,0.2,0.3,0.4,0.5
3640,Call,10,20,0.1,0.2,0.3,0.4,0.5
3640,Put,10,20,0.1,0.2,0.3,0.4,0.5
3641,Call,10,20,0.1,0.2,0.3,0.4,0.5
3641,Put,10,20,0.1,0.2,0.3,0.4,0.5
3642,Call,10,20,0.1,0.2,0.3,0.4,0.5
3642,Put,10,20,0.1,0.2,0.3,0.4,0.5
3643,Call,10,20,0.1,0.2,0.3,0.4,0.5
3643,Put,10,20,0.1,0.2,0.3,0.4,0.5
3644,Call,10,20,0.1,0.2,0.3,0.4,0.5
3644,Put,10,20,0.1,0.2,0.3,0.4,0.5
3645,Call,10,20,0.1,0.2,0.3,0.4,0.5
3645,Put,10,20,0.1,0.2,0.3,0.4,0.5
3646,Call,10,20,0.1,0.2,0.3,0.4,0.5
3646,Put,10,20,0.1,0.2,0.3,0.4,0.5
3647,Call,10,20,0.1,0.2,0.3,0.4,0.5
3647,Put,10,20,0.1,0.2,0.3,0.4,0.5
3648,Call,10,20,0.1,0.2,0.3,0.4,0.5
3648,Put,10,20,0.1,0.2,0.3,0.4,0.5
3649,Call,10,20,0.1,0.2,0.3,0.4,0.5
3649,Put,10,20,0.1,0.2,0.3,0.4,0.5
3650,Call,10,20,0.1,0.2,0.3,0.4,0.5
3650,Put,10,20,0.1,0.2,0.3,0.4,0.5
3651,Call,10,20,0.1,0.2,0.3,0.4,0.5
3651,Put,10,20,0.1,0.2,0.3,0.4,0.5
3652,Call,10,20,0.1,0.2,0.3,0.4,0.5
3652,Put,10,20,0.1,0.2,0.3,0.4,0.5
3653,Call,10,20,0.1,0.2,0.3,0.4,0.5
3653,Put,10,20,0.1,0.2,0.3,0.4,0.5
3654,Call,10,20,0.1,0.2,0.3,0.4,0.5
3654,Put,10,20,0.1,0.2,0.3,0.4,0.5
3655,Call,10,20,0.1,0.2,0.3,0.4,0.5
3655,Put,10,20,0.1,0.2,0.3,0.4,0.5
3656,Call,10,20,0.1,0.2,0.3,0.4,0.5
3656,Put,10,20,0.1,0.2,0.3,0.4,0.5
3657,Call,10,20,0.1,0.2,0.3,0.4,0.5
3657,Put,10,20,0.1,0.2,0.3,0.4,0.5
3658,Call,10,20,0.1,0.2,0.3,0.4,0.5
3658,Put,10,20,0.1,0.2,0.3,0.4,0.5
3659,Call,10,20,0.1,0.2,0.3,0.4,0.5
3659,Put,10,20,0.1,0.2,0.3,0.4,0.5
3660,Call,10,20,0.1,0.2,0.3,0.4,0.5
3660,Put,10,20,0.1,0.2,0.3,0.4,0.5
3661,Call,10,20,0.1,0.2,0.3,0.4,0.5
3661,Put,10,20,0.1,0.2,0.3,0.4,0.5
3662,Call,10,20,0.1,0.2,0.3,0.4,0.5
3662,Put,10,20,0.1,0.2,0.3,0.4,0.5
3663,Call,10,20,0.1,0.2,0.3,0.4,0.5
3663,Put,10,20,0.1,0.2,0.3,0.4,0.5
3664,Call,10,20,0.1,0.2,0.3,0.4,0.5
3664,Put,10,20,0.1,0.2,0.3,0.4,0.5
3665,Call,10,20,0.1,0.2,0.3,0.4,0.5
3665,Put,10,20,0.1,0.2,0.3,0.4,0.5
3666,Call,10,20,0.1,0.2,0.3,0.4,0.5
3666,Put,10,20,0.1,0.2,0.3,0.4,0.5
3667,Call,10,20,0.1,0.2,0.3,0.4,0.5
3667,Put,10,20,0.1,0.2,0.3,0.4,0.5
3668,Call,10,20,0.1,0.2,0.3,0.4,0.5
3668,Put,10,20,0.1,0.2,0.3,0.4,0.5
3669,Call,10,20,0.1,0.2,0.3,0.4,0.5
3669,Put,10,20,0.1,0.2,0.3,0.4,0.5
3670,Call,10,20,0.1,0.2,0.3,0.4,0.5
3670,Put,10,20,0.1,0.2,0.3,0.4,0.5
3671,Call,10,20,0.1,0.2,0.3,0.4,0.5
3671,Put,10,20,0.1,0.2,0.3,0.4,0.5
3672,Call,10,20,0.1,0.2,0.3,0.4,0.5
3672,Put,10,20,0.1,0.2,0.3,0.4,0.5
3673,Call,10,20,0.1,0.2,0.3,0.4,0.5
3673,Put,10,20,0.1,0.2,0.3,0.4,0.5
3674,Call,10,20,0.1,0.2,0.3,0.4,0.5
3674,Put,10,20,0.1,0.2,0.3,0.4,0.5
3675,Call,10,20,0.1,0.2,0.3,0.4,0.5
3675,Put,10,20,0.1,0.2,0.3,0.4,0.5
3676,Call,10,20,0.1,0.2,0.3,0.4,0.5
3676,Put,10,20,0.1,0.2,0.3,0.4,0.5
3677,Call,10,20,0.1,0.2,0.3,0.4,0.5
3677,Put,10,20,0.1,0.2,0.3,0.4,0.5
3678,Call,10,20,0.1,0.2,0.3,0.4,0.5
3678,Put,10,20,0.1,0.2,0.3,0.4,0.5
3679,Call,10,20,0.1,0.2,0.3,0.4,0.5
3679,Put,10,20,0.1,0.2,0.3,0.4,0.5
3680,Call,10,20,0.1,0.2,0.3,0.4,0.5
3680,Put,10,20,0.1,0.2,0.3,0.4,0.5
3681,Call,10,20,0.1,0.2,0.3,0.4,0.5
3681,Put,10,20,0.1,0.2,0.3,0.4,0.5
3682,Call,10,20,0.1,0.2,0.3,0.4,0.5
3682,Put,10,20,0.1,0.2,0.3,0.4,0.5
3683,Call,10,20,0.1,0.2,0.3,0.4,0.5
3683,Put,10,20,0.1,0.2,0.3,0.4,0.5
3684,Call,10,20,0.1,0.2,0.3,0.4,0.5
3684,Put,10,20,0.1,0.2,0.3,0.4,0.5
3685,Call,10,20,0.1,0.2,0.3,0.4,0.5
3685,Put,10,20,0.1,0.2,0.3,0.4,0.5
3686,Call,10,20,0.1,0.2,0.3,0.4,0.5
3686,Put,10,20,0.1,0.2,0.3,0.4,0.5
3687,Call,10,20,0.1,0.2,0.3,0.4,0.5
3687,Put,10,20,0.1,0.2,0.3,0.4,0.5
3688,Call,10,20,0.1,0.2,0.3,0.4,0.5
3688,Put,10,20,0.1,0.2,0.3,0.4,0.5
3689,Call,10,20,0.1,0.2,0.3,0.4,0.5
3689,Put,10,20,0.1,0.2,0.3,0.4,0.5
3690,Call,10,20,0.1,0.2,0.3,0.4,0.5
3690,Put,10,20,0.1,0.2,0.3,0.4,0.5
3691,Call,10,20,0.1,0.2,0.3,0.4,0.5
3691,Put,10,20,0.1,0.2,0.3,0.4,0.5
3692,Call,10,20,0.1,0.2,0.3,0.4,0.5
3692,Put,10,20,0.1,0.2,0.3,0.4,0.5
3693,Call,10,20,0.1,0.2,0.3,0.4,0.5
3693,Put,10,20,0.1,0.2,0.3,0.4,0.5
3694,Call,10,20,0.1,0.2,0.3,0.4,0.5
3694,Put,10,20,0.1,0.2,0.3,0.4,0.5
3695,Call,10,20,0.1,0.2,0.3,0.4,0.5
3695,Put,10,20,0.1,0.2,0.3,0.4,0.5
3696,Call,10,20,0.1,0.2,0.3,0.4,0.5
3696,Put,10,20,0.1,0.2,0.3,0.4,0.5
3697,Call,10,20,0.1,0.2,0.3,0.4,0.5
3697,Put,10,20,0.1,0.2,0.3,0.4,0.5
3698,Call,10,20,0.1,0.2,0.3,0.4,0.5
3698,Put,10,20,0.1,0.2,0.3,0.4,0.5
3699,Call,10,20,0.1,0.2,0.3,0.4,0.5
3699,Put,10,20,0.1,0.2,0.3,0.4,0.5
3700,Call,10,20,0.1,0.2,0.3,0.4,0.5
3700,Put,10,20,0.1,0.2,0.3,0.4,0.5
3701,Call,10,20,0.1,0.2,0.3,0.4,0.5
3701,Put,10,20,0.1,0.2,0.3,0.4,0.5
3702,Call,10,20,0.1,0.2,0.3,0.4,0.5
3702,Put,10,20,0.1,0.2,0.3,0.4,0.5
3703,Call,10,20,0.1,0.2,0.3,0.4,0.5
3703,Put,10,20,0.1,0.2,0.3,0.4,0.5
3704,Call,10,20,0.1,0.2,0.3,0.4,0.5
3704,Put,10,20,0.1,0.2,0.3,0.4,0.5
3705,Call,10,20,0.1,0.2,0.3,0.4,0.5
3705,Put,10,20,0.1,0.2,0.3,0.4,0.5
3706,Call,10,20,0.1,0.2,0.3,0.4,0.5
3706,Put,10,20,0.1,0.2,0.3,0.4,0.5
3707,Call,10,20,0.1,0.2,0.3,0.4,0.5
3707,Put,10,20,0.1,0.2,0.3,0.4,0.5
3708,Call,10,20,0.1,0.2,0.3,0.4,0.5
3708,Put,10,20,0.1,0.2,0.3,0.4,0.5
3709,Call,10,20,0.1,0.2,0.3,0.4,0.5
3709,Put,10,20,0.1,0.2,0.3,0.4,0.5
3710,Call,10,20,0.1,0.2,0.3,0.4,0.5
3710,Put,10,20,0.1,0.2,0.3,0.4,0.5
3711,Call,10,20,0.1,0.2,0.3,0.4,0.5
3711,Put,10,20,0.1,0.2,0.3,0.4,0.5
3712,Call,10,20,0.1,0.2,0.3,0.4,0.5
3712,Put,10,20,0.1,0.2,0.3,0.4,0.5
3713,Call,10,20,0.1,0.2,0.3,0.4,0.5
3713,Put,10,20,0.1,0.2,0.3,0.4,0.5
3714,Call,10,20,0.1,0.2,0.3,0.4,0.5
3714,Put,10,20,0.1,0.2,0.3,0.4,0.5
3715,Call,10,20,0.1,0.2,0.3,0.4,0.5
3715,Put,10,20,0.1,0.2,0.3,0.4,0.5
3716,Call,10,20,0.1,0.2,0.3,0.4,0.5
3716,Put,10,20,0.1,0.2,0.3,0.4,0.5
3717,Call,10,20,0.1,0.2,0.3,0.4,0.5
3717,Put,10,20,0.1,0.2,0.3,0.4,0.5
3718,Call,10,20,0.1,0.2,0.3,0.4,0.5
3718,Put,10,20,0.1,0.2,0.3,0.4,0.5
3719,Call,10,20,0.1,0.2,0.3,0.4,0.5
3719,Put,10,20,0.1,0.2,0.3,0.4,0.5
3720,Call,10,20,0.1,0.2,0.3,0.4,0.5
3720,Put,10,20,0.1,0.2,0.3,0.4,0.5
3721,Call,10,20,0.1,0.2,0.3,0.4,0.5
3721,Put,10,20,0.1,0.2,0.3,0.4,0.5
3722,Call,10,20,0.1,0.2,0.3,0.4,0.5
3722,Put,10,20,0.1,0.2,0.3,0.4,0.5
3723,Call,10,20,0.1,0.2,0.3,0.4,0.5
3723,Put,10,20,0.1,0.2,0.3,0.4,0.5
3724,Call,10,20,0.1,0.2,0.3,0.4,0.5
3724,Put,10,20,0.1,0.2,0.3,0.4,0.5
3725,Call,10,20,0.1,0.2,0.3,0.4,0.5
3725,Put,10,20,0.1,0.2,0.3,0.4,0.5
3726,Call,10,20,0.1,0.2,0.3,0.4,0.5
3726,Put,10,20,0.1,0.2,0.3,0.4,0.5
3727,Call,10,20,0.1,0.2,0.3,0.4,0.5
3727,Put,10,20,0.1,0.2,0.3,0.4,0.5
3728,Call,10,20,0.1,0.2,0.3,0.4,0.5
3728,Put,10,20,0.1,0.2,0.3,0.4,0.5
3729,Call,10,20,0.1,0.2,0.3,0.4,0.5
3729,Put,10,20,0.1,0.2,0.3,0.4,0.5
3730,Call,10,20,0.1,0.2,0.3,0.4,0.5
3730,Put,10,20,0.1,0.2,0.3,0.4,0.5
3731,Call,10,20,0.1,0.2,0.3,0.4,0.5
3731,Put,10,20,0.1,0.2,0.3,0.4,0.5
3732,Call,10,20,0.1,0.2,0.3,0.4,0.5
3732,Put,10,20,0.1,0.2,0.3,0.4,0.5
3733,Call,10,20,0.1,0.2,0.3,0.4,0.5
3733,Put,10,20,0.1,0.2,0.3,0.4,0.5
3734,Call,10,20,0.1,0.2,0.3,0.4,0.5
3734,Put,10,20,0.1,0.2,0.3,0.4,0.5
3735,Call,10,20,0.1,0.2,0.3,0.4,0.5
3735,Put,10,20,0.1,0.2,0.3,0.4,0.5
3736,Call,10,20,0.1,0.2,0.3,0.4,0.5
3736,Put,10,20,0.1,0.2,0.3,0.4,0.5
3737,Call,10,20,0.1,0.2,0.3,0.4,0.5
3737,Put,10,20,0.1,0.2,0.3,0.4,0.5
3738,Call,10,20,0.1,0.2,0.3,0.4,0.5
3738,Put,10,20,0.1,0.2,0.3,0.4,0.5
3739,Call,10,20,0.1,0.2,0.3,0.4,0.5
3739,Put,10,20,0.1,0.2,0.3,0.4,0.5
3740,Call,10,20,0.1,0.2,0.3,0.4,0.5
3740,Put,10,20,0.1,0.2,0.3,0.4,0.5
3741,Call,10,20,0.1,0.2,0.3,0.4,0.5
3741,Put,10,20,0.1,0.2,0.3,0.4,0.5
3742,Call,10,20,0.1,0.2,0.3,0.4,0.5
3742,Put,10,20,0.1,0.2,0.3,0.4,0.5
3743,Call,10,20,0.1,0.2,0.3,0.4,0.5
3743,Put,10,20,0.1,0.2,0.3,0.4,0.5
3744,Call,10,20,0.1,0.2,0.3,0.4,0.5
3744,Put,10,20,0.1,0.2,0.3,0.4,0.5
3745,Call,10,20,0.1,0.2,0.3,0.4,0.5
3745,Put,10,20,0.1,0.2,0.3,0.4,0.5
3746,Call,10,20,0.1,0.2,0.3,0.4,0.5
3746,Put,10,20,0.1,0.2,0.3,0.4,0.5
3747,Call,10,20,0.1,0.2,0.3,0.4,0.5
3747,Put,10,20,0.1,0.2,0.3,0.4,0.5
3748,Call,10,20,0.1,0.2,0.3,0.4,0.5
3748,Put,10,20,0.1,0.2,0.3,0.4,0.5
3749,Call,10,20,0.1,0.2,0.3,0.4,0.5
3749,Put,10,20,0.1,0.2,0.3,0.4,0.5
3750,Call,10,20,0.1,0.2,0.3,0.4,0.5
3750,Put,10,20,0.1,0.2,0.3,0.4,0.5
3751,Call,10,20,0.1,0.2,0.3,0.4,0.5
3751,Put,10,20,0.1,0.2,0.3,0.4,0.5
3752,Call,10,20,0.1,0.2,0.3,0.4,0.5
3752,Put,10,20,0.1,0.2,0.3,0.4,0.5
3753,Call,10,20,0.1,0.2,0.3,0.4,0.5
3753,Put,10,20,0.1,0.2,0.3,0.4,0.5
3754,Call,10,20,0.1,0.2,0.3,0.4,0.5
3754,Put,10,20,0.1,0.2,0.3,0.4,0.5
3755,Call,10,20,0.1,0.2,0.3,0.4,0.5
3755,Put,10,20,0.1,0.2,0.3,0.4,0.5
3756,Call,10,20,0.1,0.2,0.3,0.4,0.5
3756,Put,10,20,0.1,0.2,0.3,0.4,0.5
3757,Call,10,20,0.1,0.2,0.3,0.4,0.5
3757,Put,10,20,0.1,0.2,0.3,0.4,0.5
3758,Call,10,20,0.1,0.2,0.3,0.4,0.5
3758,Put,10,20,0.1,0.2,0.3,0.4,0.5
3759,Call,10,20,0.1,0.2,0.3,0.4,0.5
3759,Put,10,20,0.1,0.2,0.3,0.4,0.5
3760,Call,10,20,0.1,0.2,0.3,0.4,0.5
3760,Put,10,20,0.1,0.2,0.3,0.4,0.5
3761,Call,10,20,0.1,0.2,0.3,0.4,0.5
3761,Put,10,20,0.1,0.2,0.3,0.4,0.5
3762,Call,10,20,0.1,0.2,0.3,0.4,0.5
3762,Put,10,20,0.1,0.2,0.3,0.4,0.5
3763,Call,10,20,0.1,0.2,0.3,0.4,0.5
3763,Put,10,20,0.1,0.2,0.3,0.4,0.5
3764,Call,10,20,0.1,0.2,0.3,0.4,0.5
3764,Put,10,20,0.1,0.2,0.3,0.4,0.5
3765,Call,10,20,0.1,0.2,0.3,0.4,0.5
3765,Put,10,20,0.1,0.2,0.3,0.4,0.5
3766,Call,10,20,0.1,0.2,0.3,0.4,0.5
3766,Put,10,20,0.1,0.2,0.3,0.4,0.5
3767,Call,10,20,0.1,0.2,0.3,0.4,0.5
3767,Put,10,20,0.1,0.2,0.3,0.4,0.5
3768,Call,10,20,0.1,0.2,0.3,0.4,0.5
3768,Put,10,20,0.1,0.2,0.3,0.4,0.5
3769,Call,10,20,0.1,0.2,0.3,0.4,0.5
3769,Put,10,20,0.1,0.2,0.3,0.4,0.5
3770,Call,10,20,0.1,0.2,0.3,0.4,0.5
3770,Put,10,20,0.1,0.2,0.3,0.4,0.5
3771,Call,10,20,0.1,0.2,0.3,0.4,0.5
3771,Put,10,20,0.1,0.2,0.3,0.4,0.5
3772,Call,10,20,0.1,0.2,0.3,0.4,0.5
3772,Put,10,20,0.1,0.2,0.3,0.4,0.5
3773,Call,10,20,0.1,0.2,0.3,0.4,0.5
3773,Put,10,20,0.1,0.2,0.3,0.4,0.5
3774,Call,10,20,0.1,0.2,0.3,0.4,0.5
3774,Put,10,20,0.1,0.2,0.3,0.4,0.5
3775,Call,10,20,0.1,0.2,0.3,0.4,0.5
3775,Put,10,20,0.1,0.2,0.3,0.4,0.5
3776,Call,10,20,0.1,0.2,0.3,0.4,0.5
3776,Put,10,20,0.1,0.2,0.3,0.4,0.5
3777,Call,10,20,0.1,0.2,0.3,0.4,0.5
3777,Put,10,20,0.1,0.2,0.3,0.4,0.5
3778,Call,10,20,0.1,0.2,0.3,0.4,0.5
3778,Put,10,20,0.1,0.2,0.3,0.4,0.5
3779,Call,10,20,0.1,0.2,0.3,0.4,0.5
3779,Put,10,20,0.1,0.2,0.3,0.4,0.5
3780,Call,10,20,0.1,0.2,0.3,0.4,0.5
3780,Put,10,20,0.1,0.2,0.3,0.4,0.5
3781,Call,10,20,0.1,0.2,0.3,0.4,0.5
3781,Put,10,20,0.1,0.2,0.3,0.4,0.5
3782,Call,10,20,0.1,0.2,0.3,0.4,0.5
3782,Put,10,20,0.1,0.2,0.3,0.4,0.5
3783,Call,10,20,0.1,0.2,0.3,0.4,0.5
3783,Put,10,20,0.1,0.2,0.3,0.4,0.5
3784,Call,10,20,0.1,0.2,0.3,0.4,0.5
3784,Put,10,20,0.1,0.2,0.3,0.4,0.5
3785,Call,10,20,0.1,0.2,0.3,0.4,0.5
3785,Put,10,20,0.1,0.2,0.3,0.4,0.5
3786,Call,10,20,0.1,0.2,0.3,0.4,0.5
3786,Put,10,20,0.1,0.2,0.3,0.4,0.5
3787,Call,10,20,0.1,0.2,0.3,0.4,0.5
3787,Put,10,20,0.1,0.2,0.3,0.4,0.5
3788,Call,10,20,0.1,0.2,0.3,0.4,0.5
3788,Put,10,20,0.1,0.2,0.3,0.4,0.5
3789,Call,10,20,0.1,0.2,0.3,0.4,0.5
3789,Put,10,20,0.1,0.2,0.3,0.4,0.5
3790,Call,10,20,0.1,0.2,0.3,0.4,0.5
3790,Put,10,20,0.1,0.2,0.3,0.4,0.5
3791,Call,10,20,0.1,0.2,0.3,0.4,0.5
3791,Put,10,20,0.1,0.2,0.3,0.4,0.5
3792,Call,10,20,0.1,0.2,0.3,0.4,0.5
3792,Put,10,20,0.1,0.2,0.3,0.4,0.5
3793,Call,10,20,0.1,0.2,0.3,0.4,0.5
3793,Put,10,20,0.1,0.2,0.3,0.4,0.5
3794,Call,10,20,0.1,0.2,0.3,0.4,0.5
3794,Put,10,20,0.1,0.2,0.3,0.4,0.5
3795,Call,10,20,0.1,0.2,0.3,0.4,0.5
3795,Put,10,20,0.1,0.2,0.3,0.4,0.5
3796,Call,10,20,0.1,0.2,0.3,0.4,0.5
3796,Put,10,20,0.1,0.2,0.3,0.4,0.5
3797,Call,10,20,0.1,0.2,0.3,0.4,0.5
3797,Put,10,20,0.1,0.2,0.3,0.4,0.5
3798,Call,10,20,0.1,0.2,0.3,0.4,0.5
3798,Put,10,20,0.1,0.2,0.3,0.4,0.5
3799,Call,10,20,0.1,0.2,0.3,0.4,0.5
3799,Put,10,20,0.1,0.2,0.3,0.4,0.5
3800,Call,10,20,0.1,0.2,0.3,0.4,0.5
3800,Put,10,20,0.1,0.2,0.3,0.4,0.5
3801,Call,10,20,0.1,0.2,0.3,0.4,0.5
3801,Put,10,20,0.1,0.2,0.3,0.4,0.5
3802,Call,10,20,0.1,0.2,0.3,0.4,0.5
3802,Put,10,20,0.1,0.2,0.3,0.4,0.5
3803,Call,10,20,0.1,0.2,0.3,0.4,0.5
3803,Put,10,20,0.1,0.2,0.3,0.4,0.5
3804,Call,10,20,0.1,0.2,0.3,0.4,0.5
3804,Put,10,20,0.1,0.2,0.3,0.4,0.5
3805,Call,10,20,0.1,0.2,0.3,0.4,0.5
3805,Put,10,20,0.1,0.2,0.3,0.4,0.5
3806,Call,10,20,0.1,0.2,0.3,0.4,0.5
3806,Put,10,20,0.1,0.2,0.3,0.4,0.5
3807,Call,10,20,0.1,0.2,0.3,0.4,0.5
3807,Put,10,20,0.1,0.2,0.3,0.4,0.5
3808,Call,10,20,0.1,0.2,0.3,0.4,0.5
3808,Put,10,20,0.1,0.2,0.3,0.4,0.5
3809,Call,10,20,0.1,0.2,0.3,0.4,0.5
3809,Put,10,20,0.1,0.2,0.3,0.4,0.5
3810,Call,10,20,0.1,0.2,0.3,0.4,0.5
3810,Put,10,20,0.1,0.2,0.3,0.4,0.5
3811,Call,10,20,0.1,0.2,0.3,0.4,0.5
3811,Put,10,20,0.1,0.2,0.3,0.4,0.5
3812,Call,10,20,0.1,0.2,0.3,0.4,0.5
3812,Put,10,20,0.1,0.2,0.3,0.4,0.5
3813,Call,10,20,0.1,0.2,0.3,0.4,0.5
3813,Put,10,20,0.1,0.2,0.3,0.4,0.5
3814,Call,10,20,0.1,0.2,0.3,0.4,0.5
3814,Put,10,20,0.1,0.2,0.3,0.4,0.5
3815,Call,10,20,0.1,0.2,0.3,0.4,0.5
3815,Put,10,20,0.1,0.2,0.3,0.4,0.5
3816,Call,10,20,0.1,0.2,0.3,0.4,0.5
3816,Put,10,20,0.1,0.2,0.3,0.4,0.5
3817,Call,10,20,0.1,0.2,0.3,0.4,0.5
3817,Put,10,20,0.1,0.2,0.3,0.4,0.5
3818,Call,10,20,0.1,0.2,0.3,0.4,0.5
3818,Put,10,20,0.1,0.2,0.3,0.4,0.5
3819,Call,10,20,0.1,0.2,0.3,0.4,0.5
3819,Put,10,20,0.1,0.2,0.3,0.4,0.5
3820,Call,10,20,0.1,0.2,0.3,0.4,0.5
3820,Put,10,20,0.1,0.2,0.3,0.4,0.5
3821,Call,10,20,0.1,0.2,0.3,0.4,0.5
3821,Put,10,20,0.1,0.2,0.3,0.4,0.5
3822,Call,10,20,0.1,0.2,0.3,0.4,0.5
3822,Put,10,20,0.1,0.2,0.3,0.4,0.5
3823,Call,10,20,0.1,0.2,0.3,0.4,0.5
3823,Put,10,20,0.1,0.2,0.3,0.4,0.5
3824,Call,10,20,0.1,0.2,0.3,0.4,0.5
3824,Put,10,20,0.1,0.2,0.3,0.4,0.5
3825,Call,10,20,0.1,0.2,0.3,0.4,0.5
3825,Put,10,20,0.1,0.2,0.3,0.4,0.5
3826,Call,10,20,0.1,0.2,0.3,0.4,0.5
3826,Put,10,20,0.1,0.2,0.3,0.4,0.5
3827,Call,10,20,0.1,0.2,0.3,0.4,0.5
3827,Put,10,20,0.1,0.2,0.3,0.4,0.5
3828,Call,10,20,0.1,0.2,0.3,0.4,0.5
3828,Put,10,20,0.1,0.2,0.3,0.4,0.5
3829,Call,10,20,0.1,0.2,0.3,0.4,0.5
3829,Put,10,20,0.1,0.2,0.3,0.4,0.5
3830,Call,10,20,0.1,0.2,0.3,0.4,0.5
3830,Put,10,20,0.1,0.2,0.3,0.4,0.5
3831,Call,10,20,0.1,0.2,0.3,0.4,0.5
3831,Put,10,20,0.1,0.2,0.3,0.4,0.5
3832,Call,10,20,0.1,0.2,0.3,0.4,0.5
3832,Put,10,20,0.1,0.2,0.3,0.4,0.5
3833,Call,10,20,0.1,0.2,0.3,0.4,0.5
3833,Put,10,20,0.1,0.2,0.3,0.4,0.5
3834,Call,10,20,0.1,0.2,0.3,0.4,0.5
3834,Put,10,20,0.1,0.2,0.3,0.4,0.5
3835,Call,10,20,0.1,0.2,0.3,0.4,0.5
3835,Put,10,20,0.1,0.2,0.3,0.4,0.5
3836,Call,10,20,0.1,0.2,0.3,0.4,0.5
3836,Put,10,20,0.1,0.2,0.3,0.4,0.5
3837,Call,10,20,0.1,0.2,0.3,0.4,0.5
3837,Put,10,20,0.1,0.2,0.3,0.4,0.5
3838,Call,10,20,0.1,0.2,0.3,0.4,0.5
3838,Put,10,20,0.1,0.2,0.3,0.4,0.5
3839,Call,10,20,0.1,0.2,0.3,0.4,0.5
3839,Put,10,20,0.1,0.2,0.3,0.4,0.5
3840,Call,10,20,0.1,0.2,0.3,0.4,0.5
3840,Put,10,20,0.1,0.2,0.3,0.4,0.5
3841,Call,10,20,0.1,0.2,0.3,0.4,0.5
3841,Put,10,20,0.1,0.2,0.3,0.4,0.5
3842,Call,10,20,0.1,0.2,0.3,0.4,0.5
3842,Put,10,20,0.1,0.2,0.3,0.4,0.5
3843,Call,10,20,0.1,0.2,0.3,0.4,0.5
3843,Put,10,20,0.1,0.2,0.3,0.4,0.5
3844,Call,10,20,0.1,0.2,0.3,0.4,0.5
3844,Put,10,20,0.1,0.2,0.3,0.4,0.5
3845,Call,10,20,0.1,0.2,0.3,0.4,0.5
3845,Put,10,20,0.1,0.2,0.3,0.4,0.5
3846,Call,10,20,0.1,0.2,0.3,0.4,0.5
3846,Put,10,20,0.1,0.2,0.3,0.4,0.5
3847,Call,10,20,0.1,0.2,0.3,0.4,0.5
3847,Put,10,20,0.1,0.2,0.3,0.4,0.5
3848,Call,10,20,0.1,0.2,0.3,0.4,0.5
3848,Put,10,20,0.1,0.2,0.3,0.4,0.5
3849,Call,10,20,0.1,0.2,0.3,0.4,0.5
3849,Put,10,20,0.1,0.2,0.3,0.4,0.5
3850,Call,10,20,0.1,0.2,0.3,0.4,0.5
3850,Put,10,20,0.1,0.2,0.3,0.4,0.5
3851,Call,10,20,0.1,0.2,0.3,0.4,0.5
3851,Put,10,20,0.1,0.2,0.3,0.4,0.5
3852,Call,10,20,0.1,0.2,0.3,0.4,0.5
3852,Put,10,20,0.1,0.2,0.3,0.4,0.5
3853,Call,10,20,0.1,0.2,0.3,0.4,0.5
3853,Put,10,20,0.1,0.2,0.3,0.4,0.5
3854,Call,10,20,0.1,0.2,0.3,0.4,0.5
3854,Put,10,20,0.1,0.2,0.3,0.4,0.5
3855,Call,10,20,0.1,0.2,0.3,0.4,0.5
3855,Put,10,20,0.1,0.2,0.3,0.4,0.5
3856,Call,10,20,0.1,0.2,0.3,0.4,0.5
3856,Put,10,20,0.1,0.2,0.3,0.4,0.5
3857,Call,10,20,0.1,0.2,0.3,0.4,0.5
3857,Put,10,20,0.1,0.2,0.3,0.4,0.5
3858,Call,10,20,0.1,0.2,0.3,0.4,0.5
3858,Put,10,20,0.1,0.2,0.3,0.4,0.5
3859,Call,10,20,0.1,0.2,0.3,0.4,0.5
3859,Put,10,20,0.1,0.2,0.3,0.4,0.5
3860,Call,10,20,0.1,0.2,0.3,0.4,0.5
3860,Put,10,20,0.1,0.2,0.3,0.4,0.5
3861,Call,10,20,0.1,0.2,0.3,0.4,0.5
3861,Put,10,20,0.1,0.2,0.3,0.4,0.5
3862,Call,10,20,0.1,0.2,0.3,0.4,0.5
3862,Put,10,20,0.1,0.2,0.3,0.4,0.5
3863,Call,10,20,0.1,0.2,0.3,0.4,0.5
3863,Put,10,20,0.1,0.2,0.3,0.4,0.5
3864,Call,10,20,0.1,0.2,0.3,0.4,0.5
3864,Put,10,20,0.1,0.2,0.3,0.4,0.5
3865,Call,10,20,0.1,0.2,0.3,0.4,0.5
3865,Put,10,20,0.1,0.2,0.3,0.4,0.5
3866,Call,10,20,0.1,0.2,0.3,0.4,0.5
3866,Put,10,20,0.1,0.2,0.3,0.4,0.5
3867,Call,10,20,0.1,0.2,0.3,0.4,0.5
3867,Put,10,20,0.1,0.2,0.3,0.4,0.5
3868,Call,10,20,0.1,0.2,0.3,0.4,0.5
3868,Put,10,20,0.1,0.2,0.3,0.4,0.5
3869,Call,10,20,0.1,0.2,0.3,0.4,0.5
3869,Put,10,20,0.1,0.2,0.3,0.4,0.5
3870,Call,10,20,0.1,0.2,0.3,0.4,0.5
3870,Put,10,20,0.1,0.2,0.3,0.4,0.5
3871,Call,10,20,0.1,0.2,0.3,0.4,0.5
3871,Put,10,20,0.1,0.2,0.3,0.4,0.5
3872,Call,10,20,0.1,0.2,0.3,0.4,0.5
3872,Put,10,20,0.1,0.2,0.3,0.4,0.5
3873,Call,10,20,0.1,0.2,0.3,0.4,0.5
3873,Put,10,20,0.1,0.2,0.3,0.4,0.5
3874,Call,10,20,0.1,0.2,0.3,0.4,0.5
3874,Put,10,20,0.1,0.2,0.3,0.4,0.5
3875,Call,10,20,0.1,0.2,0.3,0.4,0.5
3875,Put,10,20,0.1,0.2,0.3,0.4,0.5
3876,Call,10,20,0.1,0.2,0.3,0.4,0.5
3876,Put,10,20,0.1,0.2,0.3,0.4,0.5
3877,Call,10,20,0.1,0.2,0.3,0.4,0.5
3877,Put,10,20,0.1,0.2,0.3,0.4,0.5
3878,Call,10,20,0.1,0.2,0.3,0.4,0.5
3878,Put,10,20,0.1,0.2,0.3,0.4,0.5
3879,Call,10,20,0.1,0.2,0.3,0.4,0.5
3879,Put,10,20,0.1,0.2,0.3,0.4,0.5
3880,Call,10,20,0.1,0.2,0.3,0.4,0.5
3880,Put,10,20,0.1,0.2,0.3,0.4,0.5
3881,Call,10,20,0.1,0.2,0.3,0.4,0.5
3881,Put,10,20,0.1,0.2,0.3,0.4,0.5
3882,Call,10,20,0.1,0.2,0.3,0.4,0.5
3882,Put,10,20,0.1,0.2,0.3,0.4,0.5
3883,Call,10,20,0.1,0.2,0.3,0.4,0.5
3883,Put,10,20,0.1,0.2,0.3,0.4,0.5
3884,Call,10,20,0.1,0.2,0.3,0.4,0.5
3884,Put,10,20,0.1,0.2,0.3,0.4,0.5
3885,Call,10,20,0.1,0.2,0.3,0.4,0.5
3885,Put,10,20,0.1,0.2,0.3,0.4,0.5
3886,Call,10,20,0.1,0.2,0.3,0.4,0.5
3886,Put,10,20,0.1,0.2,0.3,0.4,0.5
3887,Call,10,20,0.1,0.2,0.3,0.4,0.5
3887,Put,10,20,0.1,0.2,0.3,0.4,0.5
3888,Call,10,20,0.1,0.2,0.3,0.4,0.5
3888,Put,10,20,0.1,0.2,0.3,0.4,0.5
3889,Call,10,20,0.1,0.2,0.3,0.4,0.5
3889,Put,10,20,0.1,0.2,0.3,0.4,0.5
3890,Call,10,20,0.1,0.2,0.3,0.4,0.5
3890,Put,10,20,0.1,0.2,0.3,0.4,0.5
3891,Call,10,20,0.1,0.2,0.3,0.4,0.5
3891,Put,10,20,0.1,0.2,0.3,0.4,0.5
3892,Call,10,20,0.1,0.2,0.3,0.4,0.5
3892,Put,10,20,0.1,0.2,0.3,0.4,0.5
3893,Call,10,20,0.1,0.2,0.3,0.4,0.5
3893,Put,10,20,0.1,0.2,0.3,0.4,0.5
3894,Call,10,20,0.1,0.2,0.3,0.4,0.5
3894,Put,10,20,0.1,0.2,0.3,0.4,0.5
3895,Call,10,20,0.1,0.2,0.3,0.4,0.5
3895,Put,10,20,0.1,0.2,0.3,0.4,0.5
3896,Call,10,20,0.1,0.2,0.3,0.4,0.5
3896,Put,10,20,0.1,0.2,0.3,0.4,0.5
3897,Call,10,20,0.1,0.2,0.3,0.4,0.5
3897,Put,10,20,0.1,0.2,0.3,0.4,0.5
3898,Call,10,20,0.1,0.2,0.3,0.4,0.5
3898,Put,10,20,0.1,0.2,0.3,0.4,0.5
3899,Call,10,20,0.1,0.2,0.3,0.4,0.5
3899,Put,10,20,0.1,0.2,0.3,0.4,0.5
3900,Call,10,20,0.1,0.2,0.3,0.4,0.5
3900,Put,10,20,0.1,0.2,0.3,0.4,0.5
3901,Call,10,20,0.1,0.2,0.3,0.4,0.5
3901,Put,10,20,0.1,0.2,0.3,0.4,0.5
3902,Call,10,20,0.1,0.2,0.3,0.4,0.5
3902,Put,10,20,0.1,0.2,0.3,0.4,0.5
3903,Call,10,20,0.1,0.2,0.3,0.4,0.5
3903,Put,10,20,0.1,0.2,0.3,0.4,0.5
3904,Call,10,20,0.1,0.2,0.3,0.4,0.5
3904,Put,10,20,0.1,0.2,0.3,0.4,0.5
3905,Call,10,20,0.1,0.2,0.3,0.4,0.5
3905,Put,10,20,0.1,0.2,0.3,0.4,0.5
3906,Call,10,20,0.1,0.2,0.3,0.4,0.5
3906,Put,10,20,0.1,0.2,0.3,0.4,0.5
3907,Call,10,20,0.1,0.2,0.3,0.4,0.5
3907,Put,10,20,0.1,0.2,0.3,0.4,0.5
3908,Call,10,20,0.1,0.2,0.3,0.4,0.5
3908,Put,10,20,0.1,0.2,0.3,0.4,0.5
3909,Call,10,20,0.1,0.2,0.3,0.4,0.5
3909,Put,10,20,0.1,0.2,0.3,0.4,0.5
3910,Call,10,20,0.1,0.2,0.3,0.4,0.5
3910,Put,10,20,0.1,0.2,0.3,0.4,0.5
3911,Call,10,20,0.1,0.2,0.3,0.4,0.5
3911,Put,10,20,0.1,0.2,0.3,0.4,0.5
3912,Call,10,20,0.1,0.2,0.3,0.4,0.5
3912,Put,10,20,0.1,0.2,0.3,0.4,0.5
3913,Call,10,20,0.1,0.2,0.3,0.4,0.5
3913,Put,10,20,0.1,0.2,0.3,0.4,0.5
3914,Call,10,20,0.1,0.2,0.3,0.4,0.5
3914,Put,10,20,0.1,0.2,0.3,0.4,0.5
3915,Call,10,20,0.1,0.2,0.3,0.4,0.5
3915,Put,10,20,0.1,0.2,0.3,0.4,0.5
3916,Call,10,20,0.1,0.2,0.3,0.4,0.5
3916,Put,10,20,0.1,0.2,0.3,0.4,0.5
3917,Call,10,20,0.1,0.2,0.3,0.4,0.5
3917,Put,10,20,0.1,0.2,0.3,0.4,0.5
3918,Call,10,20,0.1,0.2,0.3,0.4,0.5
3918,Put,10,20,0.1,0.2,0.3,0.4,0.5
3919,Call,10,20,0.1,0.2,0.3,0.4,0.5
3919,Put,10,20,0.1,0.2,0.3,0.4,0.5
3920,Call,10,20,0.1,0.2,0.3,0.4,0.5
3920,Put,10,20,0.1,0.2,0.3,0.4,0.5
3921,Call,10,20,0.1,0.2,0.3,0.4,0.5
3921,Put,10,20,0.1,0.2,0.3,0.4,0.5
3922,Call,10,20,0.1,0.2,0.3,0.4,0.5
3922,Put,10,20,0.1,0.2,0.3,0.4,0.5
3923,Call,10,20,0.1,0.2,0.3,0.4,0.5
3923,Put,10,20,0.1,0.2,0.3,0.4,0.5
3924,Call,10,20,0.1,0.2,0.3,0.4,0.5
3924,Put,10,20,0.1,0.2,0.3,0.4,0.5
3925,Call,10,20,0.1,0.2,0.3,0.4,0.5
3925,Put,10,20,0.1,0.2,0.3,0.4,0.5
3926,Call,10,20,0.1,0.2,0.3,0.4,0.5
3926,Put,10,20,0.1,0.2,0.3,0.4,0.5
3927,Call,10,20,0.1,0.2,0.3,0.4,0.5
3927,Put,10,20,0.1,0.2,0.3,0.4,0.5
3928,Call,10,20,0.1,0.2,0.3,0.4,0.5
3928,Put,10,20,0.1,0.2,0.3,0.4,0.5
3929,Call,10,20,0.1,0.2,0.3,0.4,0.5
3929,Put,10,20,0.1,0.2,0.3,0.4,0.5
3930,Call,10,20,0.1,0.2,0.3,0.4,0.5
3930,Put,10,20,0.1,0.2,0.3,0.4,0.5
3931,Call,10,20,0.1,0.2,0.3,0.4,0.5
3931,Put,10,20,0.1,0.2,0.3,0.4,0.5
3932,Call,10,20,0.1,0.2,0.3,0.4,0.5
3932,Put,10,20,0.1,0.2,0.3,0.4,0.5
3933,Call,10,20,0.1,0.2,0.3,0.4,0.5
3933,Put,10,20,0.1,0.2,0.3,0.4,0.5
3934,Call,10,20,0.1,0.2,0.3,0.4,0.5
3934,Put,10,20,0.1,0.2,0.3,0.4,0.5
3935,Call,10,20,0.1,0.2,0.3,0.4,0.5
3935,Put,10,20,0.1,0.2,0.3,0.4,0.5
3936,Call,10,20,0.1,0.2,0.3,0.4,0.5
3936,Put,10,20,0.1,0.2,0.3,0.4,0.5
3937,Call,10,20,0.1,0.2,0.3,0.4,0.5
3937,Put,10,20,0.1,0.2,0.3,0.4,0.5
3938,Call,10,20,0.1,0.2,0.3,0.4,0.5
3938,Put,10,20,0.1,0.2,0.3,0.4,0.5
3939,Call,10,20,0.1,0.2,0.3,0.4,0.5
3939,Put,10,20,0.1,0.2,0.3,0.4,0.5
3940,Call,10,20,0.1,0.2,0.3,0.4,0.5
3940,Put,10,20,0.1,0.2,0.3,0.4,0.5
3941,Call,10,20,0.1,0.2,0.3,0.4,0.5
3941,Put,10,20,0.1,0.2,0.3,0.4,0.5
3942,Call,10,20,0.1,0.2,0.3,0.4,0.5
3942,Put,10,20,0.1,0.2,0.3,0.4,0.5
3943,Call,10,20,0.1,0.2,0.3,0.4,0.5
3943,Put,10,20,0.1,0.2,0.3,0.4,0.5
3944,Call,10,20,0.1,0.2,0.3,0.4,0.5
3944,Put,10,20,0.1,0.2,0.3,0.4,0.5
3945,Call,10,20,0.1,0.2,0.3,0.4,0.5
3945,Put,10,20,0.1,0.2,0.3,0.4,0.5
3946,Call,10,20,0.1,0.2,0.3,0.4,0.5
3946,Put,10,20,0.1,0.2,0.3,0.4,0.5
3947,Call,10,20,0.1,0.2,0.3,0.4,0.5
3947,Put,10,20,0.1,0.2,0.3,0.4,0.5
3948,Call,10,20,0.1,0.2,0.3,0.4,0.5
3948,Put,10,20,0.1,0.2,0.3,0.4,0.5
3949,Call,10,20,0.1,0.2,0.3,0.4,0.5
3949,Put,10,20,0.1,0.2,0.3,0.4,0.5
3950,Call,10,20,0.1,0.2,0.3,0.4,0.5
3950,Put,10,20,0.1,0.2,0.3,0.4,0.5
3951,Call,10,20,0.1,0.2,0.3,0.4,0.5
3951,Put,10,20,0.1,0.2,0.3,0.4,0.5
3952,Call,10,20,0.1,0.2,0.3,0.4,0.5
3952,Put,10,20,0.1,0.2,0.3,0.4,0.5
3953,Call,10,20,0.1,0.2,0.3,0.4,0.5
3953,Put,10,20,0.1,0.2,0.3,0.4,0.5
3954,Call,10,20,0.1,0.2,0.3,0.4,0.5
3954,Put,10,20,0.1,0.2,0.3,0.4,0.5
3955,Call,10,20,0.1,0.2,0.3,0.4,0.5
3955,Put,10,20,0.1,0.2,0.3,0.4,0.5
3956,Call,10,20,0.1,0.2,0.3,0.4,0.5
3956,Put,10,20,0.1,0.2,0.3,0.4,0.5
3957,Call,10,20,0.1,0.2,0.3,0.4,0.5
3957,Put,10,20,0.1,0.2,0.3,0.4,0.5
3958,Call,10,20,0.1,0.2,0.3,0.4,0.5
3958,Put,10,20,0.1,0.2,0.3,0.4,0.5
3959,Call,10,20,0.1,0.2,0.3,0.4,0.5
3959,Put,10,20,0.1,0.2,0.3,0.4,0.5
3960,Call,10,20,0.1,0.2,0.3,0.4,0.5
3960,Put,10,20,0.1,0.2,0.3,0.4,0.5
3961,Call,10,20,0.1,0.2,0.3,0.4,0.5
3961,Put,10,20,0.1,0.2,0.3,0.4,0.5
3962,Call,10,20,0.1,0.2,0.3,0.4,0.5
3962,Put,10,20,0.1,0.2,0.3,0.4,0.5
3963,Call,10,20,0.1,0.2,0.3,0.4,0.5
3963,Put,10,20,0.1,0.2,0.3,0.4,0.5
3964,Call,10,20,0.1,0.2,0.3,0.4,0.5
3964,Put,10,20,0.1,0.2,0.3,0.4,0.5
3965,Call,10,20,0.1,0.2,0.3,0.4,0.5
3965,Put,10,20,0.1,0.2,0.3,0.4,0.5
3966,Call,10,20,0.1,0.2,0.3,0.4,0.5
3966,Put,10,20,0.1,0.2,0.3,0.4,0.5
3967,Call,10,20,0.1,0.2,0.3,0.4,0.5
3967,Put,10,20,0.1,0.2,0.3,0.4,0.5
3968,Call,10,20,0.1,0.2,0.3,0.4,0.5
3968,Put,10,20,0.1,0.2,0.3,0.4,0.5
3969,Call,10,20,0.1,0.2,0.3,0.4,0.5
3969,Put,10,20,0.1,0.2,0.3,0.4,0.5
3970,Call,10,20,0.1,0.2,0.3,0.4,0.5
3970,Put,10,20,0.1,0.2,0.3,0.4,0.5
3971,Call,10,20,0.1,0.2,0.3,0.4,0.5
3971,Put,10,20,0.1,0.2,0.3,0.4,0.5
3972,Call,10,20,0.1,0.2,0.3,0.4,0.5
3972,Put,10,20,0.1,0.2,0.3,0.4,0.5
3973,Call,10,20,0.1,0.2,0.3,0.4,0.5
3973,Put,10,20,0.1,0.2,0.3,0.4,0.5
3974,Call,10,20,0.1,0.2,0.3,0.4,0.5
3974,Put,10,20,0.1,0.2,0.3,0.4,0.5
3975,Call,10,20,0.1,0.2,0.3,0.4,0.5
3975,Put,10,20,0.1,0.2,0.3,0.4,0.5
3976,Call,10,20,0.1,0.2,0.3,0.4,0.5
3976,Put,10,20,0.1,0.2,0.3,0.4,0.5
3977,Call,10,20,0.1,0.2,0.3,0.4,0.5
3977,Put,10,20,0.1,0.2,0.3,0.4,0.5
3978,Call,10,20,0.1,0.2,0.3,0.4,0.5
3978,Put,10,20,0.1,0.2,0.3,0.4,0.5
3979,Call,10,20,0.1,0.2,0.3,0.4,0.5
3979,Put,10,20,0.1,0.2,0.3,0.4,0.5
3980,Call,10,20,0.1,0.2,0.3,0.4,0.5
3980,Put,10,20,0.1,0.2,0.3,0.4,0.5
3981,Call,10,20,0.1,0.2,0.3,0.4,0.5
3981,Put,10,20,0.1,0.2,0.3,0.4,0.5
3982,Call,10,20,0.1,0.2,0.3,0.4,0.5
3982,Put,10,20,0.1,0.2,0.3,0.4,0.5
3983,Call,10,20,0.1,0.2,0.3,0.4,0.5
3983,Put,10,20,0.1,0.2,0.3,0.4,0.5
3984,Call,10,20,0.1,0.2,0.3,0.4,0.5
3984,Put,10,20,0.1,0.2,0.3,0.4,0.5
3985,Call,10,20,0.1,0.2,0.3,0.4,0.5
3985,Put,10,20,0.1,0.2,0.3,0.4,0.5
3986,Call,10,20,0.1,0.2,0.3,0.4,0.5
3986,Put,10,20,0.1,0.2,0.3,0.4,0.5
3987,Call,10,20,0.1,0.2,0.3,0.4,0.5
3987,Put,10,20,0.1,0.2,0.3,0.4,0.5
3988,Call,10,20,0.1,0.2,0.3,0.4,0.5
3988,Put,10,20,0.1,0.2,0.3,0.4,0.5
3989,Call,10,20,0.1,0.2,0.3,0.4,0.5
3989,Put,10,20,0.1,0.2,0.3,0.4,0.5
3990,Call,10,20,0.1,0.2,0.3,0.4,0.5
3990,Put,10,20,0.1,0.2,0.3,0.4,0.5
3991,Call,10,20,0.1,0.2,0.3,0.4,0.5
3991,Put,10,20,0.1,0.2,0.3,0.4,0.5
3992,Call,10,20,0.1,0.2,0.3,0.4,0.5
3992,Put,10,20,0.1,0.2,0.3,0.4,0.5
3993,Call,10,20,0.1,0.2,0.3,0.4,0.5
3993,Put,10,20,0.1,0.2,0.3,0.4,0.5
3994,Call,10,20,0.1,0.2,0.3,0.4,0.5
3994,Put,10,20,0.1,0.2,0.3,0.4,0.5
3995,Call,10,20,0.1,0.2,0.3,0.4,0.5
3995,Put,10,20,0.1,0.2,0.3,0.4,0.5
3996,Call,10,20,0.1,0.2,0.3,0.4,0.5
3996,Put,10,20,0.1,0.2,0.3,0.4,0.5
3997,Call,10,20,0.1,0.2,0.3,0.4,0.5
3997,Put,10,20,0.1,0.2,0.3,0.4,0.5
3998,Call,10,20,0.1,0.2,0.3,0.4,0.5
3998,Put,10,20,0.1,0.2,0.3,0.4,0.5
3999,Call,10,20,0.1,0.2,0.3,0.4,0.5
3999,Put,10,20,0.1,0.2,0.3,0.4,0.5
4000,Call,10,20,0.1,0.2,0.3,0.4,0.5
4000,Put,10,20,0.1,0.2,0.3,0.4,0.5
4001,Call,10,20,0.1,0.2,0.3,0.4,0.5
4001,Put,10,20,0.1,0.2,0.3,0.4,0.5
4002,Call,10,20,0.1,0.2,0.3,0.4,0.5
4002,Put,10,20,0.1,0.2,0.3,0.4,0.5
4003,Call,10,20,0.1,0.2,0.3,0.4,0.5
4003,Put,10,20,0.1,0.2,0.3,0.4,0.5
4004,Call,10,20,0.1,0.2,0.3,0.4,0.5
4004,Put,10,20,0.1,0.2,0.3,0.4,0.5
4005,Call,10,20,0.1,0.2,0.3,0.4,0.5
4005,Put,10,20,0.1,0.2,0.3,0.4,0.5
4006,Call,10,20,0.1,0.2,0.3,0.4,0.5
4006,Put,10,20,0.1,0.2,0.3,0.4,0.5
4007,Call,10,20,0.1,0.2,0.3,0.4,0.5
4007,Put,10,20,0.1,0.2,0.3,0.4,0.5
4008,Call,10,20,0.1,0.2,0.3,0.4,0.5
4008,Put,10,20,0.1,0.2,0.3,0.4,0.5
4009,Call,10,20,0.1,0.2,0.3,0.4,0.5
4009,Put,10,20,0.1,0.2,0.3,0.4,0.5
4010,Call,10,20,0.1,0.2,0.3,0.4,0.5
4010,Put,10,20,0.1,0.2,0.3,0.4,0.5
4011,Call,10,20,0.1,0.2,0.3,0.4,0.5
4011,Put,10,20,0.1,0.2,0.3,0.4,0.5
4012,Call,10,20,0.1,0.2,0.3,0.4,0.5
4012,Put,10,20,0.1,0.2,0.3,0.4,0.5
4013,Call,10,20,0.1,0.2,0.3,0.4,0.5
4013,Put,10,20,0.1,0.2,0.3,0.4,0.5
4014,Call,10,20,0.1,0.2,0.3,0.4,0.5
4014,Put,10,20,0.1,0.2,0.3,0.4,0.5
4015,Call,10,20,0.1,0.2,0.3,0.4,0.5
4015,Put,10,20,0.1,0.2,0.3,0.4,0.5
4016,Call,10,20,0.1,0.2,0.3,0.4,0.5
4016,Put,10,20,0.1,0.2,0.3,0.4,0.5
4017,Call,10,20,0.1,0.2,0.3,0.4,0.5
4017,Put,10,20,0.1,0.2,0.3,0.4,0.5
4018,Call,10,20,0.1,0.2,0.3,0.4,0.5
4018,Put,10,20,0.1,0.2,0.3,0.4,0.5
4019,Call,10,20,0.1,0.2,0.3,0.4,0.5
4019,Put,10,20,0.1,0.2,0.3,0.4,0.5
4020,Call,10,20,0.1,0.2,0.3,0.4,0.5
4020,Put,10,20,0.1,0.2,0.3,0.4,0.5
4021,Call,10,20,0.1,0.2,0.3,0.4,0.5
4021,Put,10,20,0.1,0.2,0.3,0.4,0.5
4022,Call,10,20,0.1,0.2,0.3,0.4,0.5
4022,Put,10,20,0.1,0.2,0.3,0.4,0.5
4023,Call,10,20,0.1,0.2,0.3,0.4,0.5
4023,Put,10,20,0.1,0.2,0.3,0.4,0.5
4024,Call,10,20,0.1,0.2,0.3,0.4,0.5
4024,Put,10,20,0.1,0.2,0.3,0.4,0.5
4025,Call,10,20,0.1,0.2,0.3,0.4,0.5
4025,Put,10,20,0.1,0.2,0.3,0.4,0.5
4026,Call,10,20,0.1,0.2,0.3,0.4,0.5
4026,Put,10,20,0.1,0.2,0.3,0.4,0.5
4027,Call,10,20,0.1,0.2,0.3,0.4,0.5
4027,Put,10,20,0.1,0.2,0.3,0.4,0.5
4028,Call,10,20,0.1,0.2,0.3,0.4,0.5
4028,Put,10,20,0.1,0.2,0.3,0.4,0.5
4029,Call,10,20,0.1,0.2,0.3,0.4,0.5
4029,Put,10,20,0.1,0.2,0.3,0.4,0.5
4030,Call,10,20,0.1,0.2,0.3,0.4,0.5
4030,Put,10,20,0.1,0.2,0.3,0.4,0.5
4031,Call,10,20,0.1,0.2,0.3,0.4,0.5
4031,Put,10,20,0.1,0.2,0.3,0.4,0.5
4032,Call,10,20,0.1,0.2,0.3,0.4,0.5
4032,Put,10,20,0.1,0.2,0.3,0.4,0.5
4033,Call,10,20,0.1,0.2,0.3,0.4,0.5
4033,Put,10,20,0.1,0.2,0.3,0.4,0.5
4034,Call,10,20,0.1,0.2,0.3,0.4,0.5
4034,Put,10,20,0.1,0.2,0.3,0.4,0.5
4035,Call,10,20,0.1,0.2,0.3,0.4,0.5
4035,Put,10,20,0.1,0.2,0.3,0.4,0.5
4036,Call,10,20,0.1,0.2,0.3,0.4,0.5
4036,Put,10,20,0.1,0.2,0.3,0.4,0.5
4037,Call,10,20,0.1,0.2,0.3,0.4,0.5
4037,Put,10,20,0.1,0.2,0.3,0.4,0.5
4038,Call,10,20,0.1,0.2,0.3,0.4,0.5
4038,Put,10,20,0.1,0.2,0.3,0.4,0.5
4039,Call,10,20,0.1,0.2,0.3,0.4,0.5
4039,Put,10,20,0.1,0.2,0.3,0.4,0.5
4040,Call,10,20,0.1,0.2,0.3,0.4,0.5
4040,Put,10,20,0.1,0.2,0.3,0.4,0.5
4041,Call,10,20,0.1,0.2,0.3,0.4,0.5
4041,Put,10,20,0.1,0.2,0.3,0.4,0.5
4042,Call,10,20,0.1,0.2,0.3,0.4,0.5
4042,Put,10,20,0.1,0.2,0.3,0.4,0.5
4043,Call,10,20,0.1,0.2,0.3,0.4,0.5
4043,Put,10,20,0.1,0.2,0.3,0.4,0.5
4044,Call,10,20,0.1,0.2,0.3,0.4,0.5
4044,Put,10,20,0.1,0.2,0.3,0.4,0.5
4045,Call,10,20,0.1,0.2,0.3,0.4,0.5
4045,Put,10,20,0.1,0.2,0.3,0.4,0.5
4046,Call,10,20,0.1,0.2,0.3,0.4,0.5
4046,Put,10,20,0.1,0.2,0.3,0.4,0.5
4047,Call,10,20,0.1,0.2,0.3,0.4,0.5
4047,Put,10,20,0.1,0.2,0.3,0.4,0.5
4048,Call,10,20,0.1,0.2,0.3,0.4,0.5
4048,Put,10,20,0.1,0.2,0.3,0.4,0.5
4049,Call,10,20,0.1,0.2,0.3,0.4,0.5
4049,Put,10,20,0.1,0.2,0.3,0.4,0.5
4050,Call,10,20,0.1,0.2,0.3,0.4,0.5
4050,Put,10,20,0.1,0.2,0.3,0.4,0.5
4051,Call,10,20,0.1,0.2,0.3,0.4,0.5
4051,Put,10,20,0.1,0.2,0.3,0.4,0.5
4052,Call,10,20,0.1,0.2,0.3,0.4,0.5
4052,Put,10,20,0.1,0.2,0.3,0.4,0.5
4053,Call,10,20,0.1,0.2,0.3,0.4,0.5
4053,Put,10,20,0.1,0.2,0.3,0.4,0.5
4054,Call,10,20,0.1,0.2,0.3,0.4,0.5
4054,Put,10,20,0.1,0.2,0.3,0.4,0.5
4055,Call,10,20,0.1,0.2,0.3,0.4,0.5
4055,Put,10,20,0.1,0.2,0.3,0.4,0.5
4056,Call,10,20,0.1,0.2,0.3,0.4,0.5
4056,Put,10,20,0.1,0.2,0.3,0.4,0.5
4057,Call,10,20,0.1,0.2,0.3,0.4,0.5
4057,Put,10,20,0.1,0.2,0.3,0.4,0.5
4058,Call,10,20,0.1,0.2,0.3,0.4,0.5
4058,Put,10,20,0.1,0.2,0.3,0.4,0.5
4059,Call,10,20,0.1,0.2,0.3,0.4,0.5
4059,Put,10,20,0.1,0.2,0.3,0.4,0.5
4060,Call,10,20,0.1,0.2,0.3,0.4,0.5
4060,Put,10,20,0.1,0.2,0.3,0.4,0.5
4061,Call,10,20,0.1,0.2,0.3,0.4,0.5
4061,Put,10,20,0.1,0.2,0.3,0.4,0.5
4062,Call,10,20,0.1,0.2,0.3,0.4,0.5
4062,Put,10,20,0.1,0.2,0.3,0.4,0.5
4063,Call,10,20,0.1,0.2,0.3,0.4,0.5
4063,Put,10,20,0.1,0.2,0.3,0.4,0.5
4064,Call,10,20,0.1,0.2,0.3,0.4,0.5
4064,Put,10,20,0.1,0.2,0.3,0.4,0.5
4065,Call,10,20,0.1,0.2,0.3,0.4,0.5
4065,Put,10,20,0.1,0.2,0.3,0.4,0.5
4066,Call,10,20,0.1,0.2,0.3,0.4,0.5
4066,Put,10,20,0.1,0.2,0.3,0.4,0.5
4067,Call,10,20,0.1,0.2,0.3,0.4,0.5
4067,Put,10,20,0.1,0.2,0.3,0.4,0.5
4068,Call,10,20,0.1,0.2,0.3,0.4,0.5
4068,Put,10,20,0.1,0.2,0.3,0.4,0.5
4069,Call,10,20,0.1,0.2,0.3,0.4,0.5
4069,Put,10,20,0.1,0.2,0.3,0.4,0.5
4070,Call,10,20,0.1,0.2,0.3,0.4,0.5
4070,Put,10,20,0.1,0.2,0.3,0.4,0.5
4071,Call,10,20,0.1,0.2,0.3,0.4,0.5
4071,Put,10,20,0.1,0.2,0.3,0.4,0.5
4072,Call,10,20,0.1,0.2,0.3,0.4,0.5
4072,Put,10,20,0.1,0.2,0.3,0.4,0.5
4073,Call,10,20,0.1,0.2,0.3,0.4,0.5
4073,Put,10,20,0.1,0.2,0.3,0.4,0.5
4074,Call,10,20,0.1,0.2,0.3,0.4,0.5
4074,Put,10,20,0.1,0.2,0.3,0.4,0.5
4075,Call,10,20,0.1,0.2,0.3,0.4,0.5
4075,Put,10,20,0.1,0.2,0.3,0.4,0.5
4076,Call,10,20,0.1,0.2,0.3,0.4,0.5
4076,Put,10,20,0.1,0.2,0.3,0.4,0.5
4077,Call,10,20,0.1,0.2,0.3,0.4,0.5
4077,Put,10,20,0.1,0.2,0.3,0.4,0.5
4078,Call,10,20,0.1,0.2,0.3,0.4,0.5
4078,Put,10,20,0.1,0.2,0.3,0.4,0.5
4079,Call,10,20,0.1,0.2,0.3,0.4,0.5
4079,Put,10,20,0.1,0.2,0.3,0.4,0.5
4080,Call,10,20,0.1,0.2,0.3,0.4,0.5
4080,Put,10,20,0.1,0.2,0.3,0.4,0.5
4081,Call,10,20,0.1,0.2,0.3,0.4,0.5
4081,Put,10,20,0.1,0.2,0.3,0.4,0.5
4082,Call,10,20,0.1,0.2,0.3,0.4,0.5
4082,Put,10,20,0.1,0.2,0.3,0.4,0.5
4083,Call,10,20,0.1,0.2,0.3,0.4,0.5
4083,Put,10,20,0.1,0.2,0.3,0.4,0.5
4084,Call,10,20,0.1,0.2,0.3,0.4,0.5
4084,Put,10,20,0.1,0.2,0.3,0.4,0.5
4085,Call,10,20,0.1,0.2,0.3,0.4,0.5
4085,Put,10,20,0.1,0.2,0.3,0.4,0.5
4086,Call,10,20,0.1,0.2,0.3,0.4,0.5
4086,Put,10,20,0.1,0.2,0.3,0.4,0.5
4087,Call,10,20,0.1,0.2,0.3,0.4,0.5
4087,Put,10,20,0.1,0.2,0.3,0.4,0.5
4088,Call,10,20,0.1,0.2,0.3,0.4,0.5
4088,Put,10,20,0.1,0.2,0.3,0.4,0.5
4089,Call,10,20,0.1,0.2,0.3,0.4,0.5
4089,Put,10,20,0.1,0.2,0.3,0.4,0.5
4090,Call,10,20,0.1,0.2,0.3,0.4,0.5
4090,Put,10,20,0.1,0.2,0.3,0.4,0.5
4091,Call,10,20,0.1,0.2,0.3,0.4,0.5
4091,Put,10,20,0.1,0.2,0.3,0.4,0.5
4092,Call,10,20,0.1,0.2,0.3,0.4,0.5
4092,Put,10,20,0.1,0.2,0.3,0.4,0.5
4093,Call,10,20,0.1,0.2,0.3,0.4,0.5
4093,Put,10,20,0.1,0.2,0.3,0.4,0.5
4094,Call,10,20,0.1,0.2,0.3,0.4,0.5
4094,Put,10,20,0.1,0.2,0.3,0.4,0.5
4095,Call,10,20,0.1,0.2,0.3,0.4,0.5
4095,Put,10,20,0.1,0.2,0.3,0.4,0.5
4096,Call,10,20,0.1,0.2,0.3,0.4,0.5
4096,Put,10,20,0.1,0.2,0.3,0.4,0.5
4097,Call,10,20,0.1,0.2,0.3,0.4,0.5
4097,Put,10,20,0.1,0.2,0.3,0.4,0.5
4098,Call,10,20,0.1,0.2,0.3,0.4,0.5
4098,Put,10,20,0.1,0.2,0.3,0.4,0.5
4099,Call,10,20,0.1,0.2,0.3,0.4,0.5
4099,Put,10,20,0.1,0.2,0.3,0.4,0.5
4100,Call,10,20,0.1,0.2,0.3,0.4,0.5
4100,Put,10,20,0.1,0.2,0.3,0.4,0.5
4101,Call,10,20,0.1,0.2,0.3,0.4,0.5
4101,Put,10,20,0.1,0.2,0.3,0.4,0.5
4102,Call,10,20,0.1,0.2,0.3,0.4,0.5
4102,Put,10,20,0.1,0.2,0.3,0.4,0.5
4103,Call,10,20,0.1,0.2,0.3,0.4,0.5
4103,Put,10,20,0.1,0.2,0.3,0.4,0.5
4104,Call,10,20,0.1,0.2,0.3,0.4,0.5
4104,Put,10,20,0.1,0.2,0.3,0.4,0.5
4105,Call,10,20,0.1,0.2,0.3,0.4,0.5
4105,Put,10,20,0.1,0.2,0.3,0.4,0.5
4106,Call,10,20,0.1,0.2,0.3,0.4,0.5
4106,Put,10,20,0.1,0.2,0.3,0.4,0.5
4107,Call,10,20,0.1,0.2,0.3,0.4,0.5
4107,Put,10,20,0.1,0.2,0.3,0.4,0.5
4108,Call,10,20,0.1,0.2,0.3,0.4,0.5
4108,Put,10,20,0.1,0.2,0.3,0.4,0.5
4109,Call,10,20,0.1,0.2,0.3,0.4,0.5
4109,Put,10,20,0.1,0.2,0.3,0.4,0.5
4110,Call,10,20,0.1,0.2,0.3,0.4,0.5
4110,Put,10,20,0.1,0.2,0.3,0.4,0.5
4111,Call,10,20,0.1,0.2,0.3,0.4,0.5
4111,Put,10,20,0.1,0.2,0.3,0.4,0.5
4112,Call,10,20,0.1,0.2,0.3,0.4,0.5
4112,Put,10,20,0.1,0.2,0.3,0.4,0.5
4113,Call,10,20,0.1,0.2,0.3,0.4,0.5
4113,Put,10,20,0.1,0.2,0.3,0.4,0.5
4114,Call,10,20,0.1,0.2,0.3,0.4,0.5
4114,Put,10,20,0.1,0.2,0.3,0.4,0.5
4115,Call,10,20,0.1,0.2,0.3,0.4,0.5
4115,Put,10,20,0.1,0.2,0.3,0.4,0.5
4116,Call,10,20,0.1,0.2,0.3,0.4,0.5
4116,Put,10,20,0.1,0.2,0.3,0.4,0.5
4117,Call,10,20,0.1,0.2,0.3,0.4,0.5
4117,Put,10,20,0.1,0.2,0.3,0.4,0.5
4118,Call,10,20,0.1,0.2,0.3,0.4,0.5
4118,Put,10,20,0.1,0.2,0.3,0.4,0.5
4119,Call,10,20,0.1,0.2,0.3,0.4,0.5
4119,Put,10,20,0.1,0.2,0.3,0.4,0.5
4120,Call,10,20,0.1,0.2,0.3,0.4,0.5
4120,Put,10,20,0.1,0.2,0.3,0.4,0.5
4121,Call,10,20,0.1,0.2,0.3,0.4,0.5
4121,Put,10,20,0.1,0.2,0.3,0.4,0.5
4122,Call,10,20,0.1,0.2,0.3,0.4,0.5
4122,Put,10,20,0.1,0.2,0.3,0.4,0.5
4123,Call,10,20,0.1,0.2,0.3,0.4,0.5
4123,Put,10,20,0.1,0.2,0.3,0.4,0.5
4124,Call,10,20,0.1,0.2,0.3,0.4,0.5
4124,Put,10,20,0.1,0.2,0.3,0.4,0.5
4125,Call,10,20,0.1,0.2,0.3,0.4,0.5
4125,Put,10,20,0.1,0.2,0.3,0.4,0.5
4126,Call,10,20,0.1,0.2,0.3,0.4,0.5
4126,Put,10,20,0.1,0.2,0.3,0.4,0.5
4127,Call,10,20,0.1,0.2,0.3,0.4,0.5
4127,Put,10,20,0.1,0.2,0.3,0.4,0.5
4128,Call,10,20,0.1,0.2,0.3,0.4,0.5
4128,Put,10,20,0.1,0.2,0.3,0.4,0.5
4129,Call,10,20,0.1,0.2,0.3,0.4,0.5
4129,Put,10,20,0.1,0.2,0.3,0.4,0.5
4130,Call,10,20,0.1,0.2,0.3,0.4,0.5
4130,Put,10,20,0.1,0.2,0.3,0.4,0.5
4131,Call,10,20,0.1,0.2,0.3,0.4,0.5
4131,Put,10,20,0.1,0.2,0.3,0.4,0.5
4132,Call,10,20,0.1,0.2,0.3,0.4,0.5
4132,Put,10,20,0.1,0.2,0.3,0.4,0.5
4133,Call,10,20,0.1,0.2,0.3,0.4,0.5
4133,Put,10,20,0.1,0.2,0.3,0.4,0.5
4134,Call,10,20,0.1,0.2,0.3,0.4,0.5
4134,Put,10,20,0.1,0.2,0.3,0.4,0.5
4135,Call,10,20,0.1,0.2,0.3,0.4,0.5
4135,Put,10,20,0.1,0.2,0.3,0.4,0.5
4136,Call,10,20,0.1,0.2,0.3,0.4,0.5
4136,Put,10,20,0.1,0.2,0.3,0.4,0.5
4137,Call,10,20,0.1,0.2,0.3,0.4,0.5
4137,Put,10,20,0.1,0.2,0.3,0.4,0.5
4138,Call,10,20,0.1,0.2,0.3,0.4,0.5
4138,Put,10,20,0.1,0.2,0.3,0.4,0.5
4139,Call,10,20,0.1,0.2,0.3,0.4,0.5
4139,Put,10,20,0.1,0.2,0.3,0.4,0.5
4140,Call,10,20,0.1,0.2,0.3,0.4,0.5
4140,Put,10,20,0.1,0.2,0.3,0.4,0.5
4141,Call,10,20,0.1,0.2,0.3,0.4,0.5
4141,Put,10,20,0.1,0.2,0.3,0.4,0.5
4142,Call,10,20,0.1,0.2,0.3,0.4,0.5
4142,Put,10,20,0.1,0.2,0.3,0.4,0.5
4143,Call,10,20,0.1,0.2,0.3,0.4,0.5
4143,Put,10,20,0.1,0.2,0.3,0.4,0.5
4144,Call,10,20,0.1,0.2,0.3,0.4,0.5
4144,Put,10,20,0.1,0.2,0.3,0.4,0.5
4145,Call,10,20,0.1,0.2,0.3,0.4,0.5
4145,Put,10,20,0.1,0.2,0.3,0.4,0.5
4146,Call,10,20,0.1,0.2,0.3,0.4,0.5
4146,Put,10,20,0.1,0.2,0.3,0.4,0.5
4147,Call,10,20,0.1,0.2,0.3,0.4,0.5
4147,Put,10,20,0.1,0.2,0.3,0.4,0.5
4148,Call,10,20,0.1,0.2,0.3,0.4,0.5
4148,Put,10,20,0.1,0.2,0.3,0.4,0.5
4149,Call,10,20,0.1,0.2,0.3,0.4,0.5
4149,Put,10,20,0.1,0.2,0.3,0.4,0.5
4150,Call,10,20,0.1,0.2,0.3,0.4,0.5
4150,Put,10,20,0.1,0.2,0.3,0.4,0.5
4151,Call,10,20,0.1,0.2,0.3,0.4,0.5
4151,Put,10,20,0.1,0.2,0.3,0.4,0.5
4152,Call,10,20,0.1,0.2,0.3,0.4,0.5
4152,Put,10,20,0.1,0.2,0.3,0.4,0.5
4153,Call,10,20,0.1,0.2,0.3,0.4,0.5
4153,Put,10,20,0.1,0.2,0.3,0.4,0.5
4154,Call,10,20,0.1,0.2,0.3,0.4,0.5
4154,Put,10,20,0.1,0.2,0.3,0.4,0.5
4155,Call,10,20,0.1,0.2,0.3,0.4,0.5
4155,Put,10,20,0.1,0.2,0.3,0.4,0.5
4156,Call,10,20,0.1,0.2,0.3,0.4,0.5
4156,Put,10,20,0.1,0.2,0.3,0.4,0.5
4157,Call,10,20,0.1,0.2,0.3,0.4,0.5
4157,Put,10,20,0.1,0.2,0.3,0.4,0.5
4158,Call,10,20,0.1,0.2,0.3,0.4,0.5
4158,Put,10,20,0.1,0.2,0.3,0.4,0.5
4159,Call,10,20,0.1,0.2,0.3,0.4,0.5
4159,Put,10,20,0.1,0.2,0.3,0.4,0.5
4160,Call,10,20,0.1,0.2,0.3,0.4,0.5
4160,Put,10,20,0.1,0.2,0.3,0.4,0.5
4161,Call,10,20,0.1,0.2,0.3,0.4,0.5
4161,Put,10,20,0.1,0.2,0.3,0.4,0.5
4162,Call,10,20,0.1,0.2,0.3,0.4,0.5
4162,Put,10,20,0.1,0.2,0.3,0.4,0.5
4163,Call,10,20,0.1,0.2,0.3,0.4,0.5
4163,Put,10,20,0.1,0.2,0.3,0.4,0.5
4164,Call,10,20,0.1,0.2,0.3,0.4,0.5
4164,Put,10,20,0.1,0.2,0.3,0.4,0.5
4165,Call,10,20,0.1,0.2,0.3,0.4,0.5
4165,Put,10,20,0.1,0.2,0.3,0.4,0.5
4166,Call,10,20,0.1,0.2,0.3,0.4,0.5
4166,Put,10,20,0.1,0.2,0.3,0.4,0.5
4167,Call,10,20,0.1,0.2,0.3,0.4,0.5
4167,Put,10,20,0.1,0.2,0.3,0.4,0.5
4168,Call,10,20,0.1,0.2,0.3,0.4,0.5
4168,Put,10,20,0.1,0.2,0.3,0.4,0.5
4169,Call,10,20,0.1,0.2,0.3,0.4,0.5
4169,Put,10,20,0.1,0.2,0.3,0.4,0.5
4170,Call,10,20,0.1,0.2,0.3,0.4,0.5
4170,Put,10,20,0.1,0.2,0.3,0.4,0.5
4171,Call,10,20,0.1,0.2,0.3,0.4,0.5
4171,Put,10,20,0.1,0.2,0.3,0.4,0.5
4172,Call,10,20,0.1,0.2,0.3,0.4,0.5
4172,Put,10,20,0.1,0.2,0.3,0.4,0.5
4173,Call,10,20,0.1,0.2,0.3,0.4,0.5
4173,Put,10,20,0.1,0.2,0.3,0.4,0.5
4174,Call,10,20,0.1,0.2,0.3,0.4,0.5
4174,Put,10,20,0.1,0.2,0.3,0.4,0.5
4175,Call,10,20,0.1,0.2,0.3,0.4,0.5
4175,Put,10,20,0.1,0.2,0.3,0.4,0.5
4176,Call,10,20,0.1,0.2,0.3,0.4,0.5
4176,Put,10,20,0.1,0.2,0.3,0.4,0.5
4177,Call,10,20,0.1,0.2,0.3,0.4,0.5
4177,Put,10,20,0.1,0.2,0.3,0.4,0.5
4178,Call,10,20,0.1,0.2,0.3,0.4,0.5
4178,Put,10,20,0.1,0.2,0.3,0.4,0.5
4179,Call,10,20,0.1,0.2,0.3,0.4,0.5
4179,Put,10,20,0.1,0.2,0.3,0.4,0.5
4180,Call,10,20,0.1,0.2,0.3,0.4,0.5
4180,Put,10,20,0.1,0.2,0.3,0.4,0.5
4181,Call,10,20,0.1,0.2,0.3,0.4,0.5
4181,Put,10,20,0.1,0.2,0.3,0.4,0.5
4182,Call,10,20,0.1,0.2,0.3,0.4,0.5
4182,Put,10,20,0.1,0.2,0.3,0.4,0.5
4183,Call,10,20,0.1,0.2,0.3,0.4,0.5
4183,Put,10,20,0.1,0.2,0.3,0.4,0.5
4184,Call,10,20,0.1,0.2,0.3,0.4,0.5
4184,Put,10,20,0.1,0.2,0.3,0.4,0.5
4185,Call,10,20,0.1,0.2,0.3,0.4,0.5
4185,Put,10,20,0.1,0.2,0.3,0.4,0.5
4186,Call,10,20,0.1,0.2,0.3,0.4,0.5
4186,Put,10,20,0.1,0.2,0.3,0.4,0.5
4187,Call,10,20,0.1,0.2,0.3,0.4,0.5
4187,Put,10,20,0.1,0.2,0.3,0.4,0.5
4188,Call,10,20,0.1,0.2,0.3,0.4,0.5
4188,Put,10,20,0.1,0.2,0.3,0.4,0.5
4189,Call,10,20,0.1,0.2,0.3,0.4,0.5
4189,Put,10,20,0.1,0.2,0.3,0.4,0.5
4190,Call,10,20,0.1,0.2,0.3,0.4,0.5
4190,Put,10,20,0.1,0.2,0.3,0.4,0.5
4191,Call,10,20,0.1,0.2,0.3,0.4,0.5
4191,Put,10,20,0.1,0.2,0.3,0.4,0.5
4192,Call,10,20,0.1,0.2,0.3,0.4,0.5
4192,Put,10,20,0.1,0.2,0.3,0.4,0.5
4193,Call,10,20,0.1,0.2,0.3,0.4,0.5
4193,Put,10,20,0.1,0.2,0.3,0.4,0.5
4194,Call,10,20,0.1,0.2,0.3,0.4,0.5
4194,Put,10,20,0.1,0.2,0.3,0.4,0.5
4195,Call,10,20,0.1,0.2,0.3,0.4,0.5
4195,Put,10,20,0.1,0.2,0.3,0.4,0.5
4196,Call,10,20,0.1,0.2,0.3,0.4,0.5
4196,Put,10,20,0.1,0.2,0.3,0.4,0.5
4197,Call,10,20,0.1,0.2,0.3,0.4,0.5
4197,Put,10,20,0.1,0.2,0.3,0.4,0.5
4198,Call,10,20,0.1,0.2,0.3,0.4,0.5
4198,Put,10,20,0.1,0.2,0.3,0.4,0.5
4199,Call,10,20,0.1,0.2,0.3,0.4,0.5
4199,Put,10,20,0.1,0.2,0.3,0.4,0.5
4200,Call,10,20,0.1,0.2,0.3,0.4,0.5
4200,Put,10,20,0.1,0.2,0.3,0.4,0.5
4201,Call,10,20,0.1,0.2,0.3,0.4,0.5
4201,Put,10,20,0.1,0.2,0.3,0.4,0.5
4202,Call,10,20,0.1,0.2,0.3,0.4,0.5
4202,Put,10,20,0.1,0.2,0.3,0.4,0.5
4203,Call,10,20,0.1,0.2,0.3,0.4,0.5
4203,Put,10,20,0.1,0.2,0.3,0.4,0.5
4204,Call,10,20,0.1,0.2,0.3,0.4,0.5
4204,Put,10,20,0.1,0.2,0.3,0.4,0.5
4205,Call,10,20,0.1,0.2,0.3,0.4,0.5
4205,Put,10,20,0.1,0.2,0.3,0.4,0.5
4206,Call,10,20,0.1,0.2,0.3,0.4,0.5
4206,Put,10,20,0.1,0.2,0.3,0.4,0.5
4207,Call,10,20,0.1,0.2,0.3,0.4,0.5
4207,Put,10,20,0.1,0.2,0.3,0.4,0.5
4208,Call,10,20,0.1,0.2,0.3,0.4,0.5
4208,Put,10,20,0.1,0.2,0.3,0.4,0.5
4209,Call,10,20,0.1,0.2,0.3,0.4,0.5
4209,Put,10,20,0.1,0.2,0.3,0.4,0.5
4210,Call,10,20,0.1,0.2,0.3,0.4,0.5
4210,Put,10,20,0.1,0.2,0.3,0.4,0.5
4211,Call,10,20,0.1,0.2,0.3,0.4,0.5
4211,Put,10,20,0.1,0.2,0.3,0.4,0.5
4212,Call,10,20,0.1,0.2,0.3,0.4,0.5
4212,Put,10,20,0.1,0.2,0.3,0.4,0.5
4213,Call,10,20,0.1,0.2,0.3,0.4,0.5
4213,Put,10,20,0.1,0.2,0.3,0.4,0.5
4214,Call,10,20,0.1,0.2,0.3,0.4,0.5
4214,Put,10,20,0.1,0.2,0.3,0.4,0.5
4215,Call,10,20,0.1,0.2,0.3,0.4,0.5
4215,Put,10,20,0.1,0.2,0.3,0.4,0.5
4216,Call,10,20,0.1,0.2,0.3,0.4,0.5
4216,Put,10,20,0.1,0.2,0.3,0.4,0.5
4217,Call,10,20,0.1,0.2,0.3,0.4,0.5
4217,Put,10,20,0.1,0.2,0.3,0.4,0.5
4218,Call,10,20,0.1,0.2,0.3,0.4,0.5
4218,Put,10,20,0.1,0.2,0.3,0.4,0.5
4219,Call,10,20,0.1,0.2,0.3,0.4,0.5
4219,Put,10,20,0.1,0.2,0.3,0.4,0.5
4220,Call,10,20,0.1,0.2,0.3,0.4,0.5
4220,Put,10,20,0.1,0.2,0.3,0.4,0.5
4221,Call,10,20,0.1,0.2,0.3,0.4,0.5
4221,Put,10,20,0.1,0.2,0.3,0.4,0.5
4222,Call,10,20,0.1,0.2,0.3,0.4,0.5
4222,Put,10,20,0.1,0.2,0.3,0.4,0.5
4223,Call,10,20,0.1,0.2,0.3,0.4,0.5
4223,Put,10,20,0.1,0.2,0.3,0.4,0.5
4224,Call,10,20,0.1,0.2,0.3,0.4,0.5
4224,Put,10,20,0.1,0.2,0.3,0.4,0.5
4225,Call,10,20,0.1,0.2,0.3,0.4,0.5
4225,Put,10,20,0.1,0.2,0.3,0.4,0.5
4226,Call,10,20,0.1,0.2,0.3,0.4,0.5
4226,Put,10,20,0.1,0.2,0.3,0.4,0.5
4227,Call,10,20,0.1,0.2,0.3,0.4,0.5
4227,Put,10,20,0.1,0.2,0.3,0.4,0.5
4228,Call,10,20,0.1,0.2,0.3,0.4,0.5
4228,Put,10,20,0.1,0.2,0.3,0.4,0.5
4229,Call,10,20,0.1,0.2,0.3,0.4,0.5
4229,Put,10,20,0.1,0.2,0.3,0.4,0.5
4230,Call,10,20,0.1,0.2,0.3,0.4,0.5
4230,Put,10,20,0.1,0.2,0.3,0.4,0.5
4231,Call,10,20,0.1,0.2,0.3,0.4,0.5
4231,Put,10,20,0.1,0.2,0.3,0.4,0.5
4232,Call,10,20,0.1,0.2,0.3,0.4,0.5
4232,Put,10,20,0.1,0.2,0.3,0.4,0.5
4233,Call,10,20,0.1,0.2,0.3,0.4,0.5
4233,Put,10,20,0.1,0.2,0.3,0.4,0.5
4234,Call,10,20,0.1,0.2,0.3,0.4,0.5
4234,Put,10,20,0.1,0.2,0.3,0.4,0.5
4235,Call,10,20,0.1,0.2,0.3,0.4,0.5
4235,Put,10,20,0.1,0.2,0.3,0.4,0.5
4236,Call,10,20,0.1,0.2,0.3,0.4,0.5
4236,Put,10,20,0.1,0.2,0.3,0.4,0.5
4237,Call,10,20,0.1,0.2,0.3,0.4,0.5
4237,Put,10,20,0.1,0.2,0.3,0.4,0.5
4238,Call,10,20,0.1,0.2,0.3,0.4,0.5
4238,Put,10,20,0.1,0.2,0.3,0.4,0.5
4239,Call,10,20,0.1,0.2,0.3,0.4,0.5
4239,Put,10,20,0.1,0.2,0.3,0.4,0.5
4240,Call,10,20,0.1,0.2,0.3,0.4,0.5
4240,Put,10,20,0.1,0.2,0.3,0.4,0.5
4241,Call,10,20,0.1,0.2,0.3,0.4,0.5
4241,Put,10,20,0.1,0.2,0.3,0.4,0.5
4242,Call,10,20,0.1,0.2,0.3,0.4,0.5
4242,Put,10,20,0.1,0.2,0.3,0.4,0.5
4243,Call,10,20,0.1,0.2,0.3,0.4,0.5
4243,Put,10,20,0.1,0.2,0.3,0.4,0.5
4244,Call,10,20,0.1,0.2,0.3,0.4,0.5
4244,Put,10,20,0.1,0.2,0.3,0.4,0.5
4245,Call,10,20,0.1,0.2,0.3,0.4,0.5
4245,Put,10,20,0.1,0.2,0.3,0.4,0.5
4246,Call,10,20,0.1,0.2,0.3,0.4,0.5
4246,Put,10,20,0.1,0.2,0.3,0.4,0.5
4247,Call,10,20,0.1,0.2,0.3,0.4,0.5
4247,Put,10,20,0.1,0.2,0.3,0.4,0.5
4248,Call,10,20,0.1,0.2,0.3,0.4,0.5
4248,Put,10,20,0.1,0.2,0.3,0.4,0.5
4249,Call,10,20,0.1,0.2,0.3,0.4,0.5
4249,Put,10,20,0.1,0.2,0.3,0.4,0.5
4250,Call,10,20,0.1,0.2,0.3,0.4,0.5
4250,Put,10,20,0.1,0.2,0.3,0.4,0.5
4251,Call,10,20,0.1,0.2,0.3,0.4,0.5
4251,Put,10,20,0.1,0.2,0.3,0.4,0.5
4252,Call,10,20,0.1,0.2,0.3,0.4,0.5
4252,Put,10,20,0.1,0.2,0.3,0.4,0.5
4253,Call,10,20,0.1,0.2,0.3,0.4,0.5
4253,Put,10,20,0.1,0.2,0.3,0.4,0.5
4254,Call,10,20,0.1,0.2,0.3,0.4,0.5
4254,Put,10,20,0.1,0.2,0.3,0.4,0.5
4255,Call,10,20,0.1,0.2,0.3,0.4,0.5
4255,Put,10,20,0.1,0.2,0.3,0.4,0.5
4256,Call,10,20,0.1,0.2,0.3,0.4,0.5
4256,Put,10,20,0.1,0.2,0.3,0.4,0.5
4257,Call,10,20,0.1,0.2,0.3,0.4,0.5
4257,Put,10,20,0.1,0.2,0.3,0.4,0.5
4258,Call,10,20,0.1,0.2,0.3,0.4,0.5
4258,Put,10,20,0.1,0.2,0.3,0.4,0.5
4259,Call,10,20,0.1,0.2,0.3,0.4,0.5
4259,Put,10,20,0.1,0.2,0.3,0.4,0.5
4260,Call,10,20,0.1,0.2,0.3,0.4,0.5
4260,Put,10,20,0.1,0.2,0.3,0.4,0.5
4261,Call,10,20,0.1,0.2,0.3,0.4,0.5
4261,Put,10,20,0.1,0.2,0.3,0.4,0.5
4262,Call,10,20,0.1,0.2,0.3,0.4,0.5
4262,Put,10,20,0.1,0.2,0.3,0.4,0.5
4263,Call,10,20,0.1,0.2,0.3,0.4,0.5
4263,Put,10,20,0.1,0.2,0.3,0.4,0.5
4264,Call,10,20,0.1,0.2,0.3,0.4,0.5
4264,Put,10,20,0.1,0.2,0.3,0.4,0.5
4265,Call,10,20,0.1,0.2,0.3,0.4,0.5
4265,Put,10,20,0.1,0.2,0.3,0.4,0.5
4266,Call,10,20,0.1,0.2,0.3,0.4,0.5
4266,Put,10,20,0.1,0.2,0.3,0.4,0.5
4267,Call,10,20,0.1,0.2,0.3,0.4,0.5
4267,Put,10,20,0.1,0.2,0.3,0.4,0.5
4268,Call,10,20,0.1,0.2,0.3,0.4,0.5
4268,Put,10,20,0.1,0.2,0.3,0.4,0.5
4269,Call,10,20,0.1,0.2,0.3,0.4,0.5
4269,Put,10,20,0.1,0.2,0.3,0.4,0.5
4270,Call,10,20,0.1,0.2,0.3,0.4,0.5
4270,Put,10,20,0.1,0.2,0.3,0.4,0.5
4271,Call,10,20,0.1,0.2,0.3,0.4,0.5
4271,Put,10,20,0.1,0.2,0.3,0.4,0.5
4272,Call,10,20,0.1,0.2,0.3,0.4,0.5
4272,Put,10,20,0.1,0.2,0.3,0.4,0.5
4273,Call,10,20,0.1,0.2,0.3,0.4,0.5
4273,Put,10,20,0.1,0.2,0.3,0.4,0.5
4274,Call,10,20,0.1,0.2,0.3,0.4,0.5
4274,Put,10,20,0.1,0.2,0.3,0.4,0.5
4275,Call,10,20,0.1,0.2,0.3,0.4,0.5
4275,Put,10,20,0.1,0.2,0.3,0.4,0.5
4276,Call,10,20,0.1,0.2,0.3,0.4,0.5
4276,Put,10,20,0.1,0.2,0.3,0.4,0.5
4277,Call,10,20,0.1,0.2,0.3,0.4,0.5
4277,Put,10,20,0.1,0.2,0.3,0.4,0.5
4278,Call,10,20,0.1,0.2,0.3,0.4,0.5
4278,Put,10,20,0.1,0.2,0.3,0.4,0.5
4279,Call,10,20,0.1,0.2,0.3,0.4,0.5
4279,Put,10,20,0.1,0.2,0.3,0.4,0.5
4280,Call,10,20,0.1,0.2,0.3,0.4,0.5
4280,Put,10,20,0.1,0.2,0.3,0.4,0.5
4281,Call,10,20,0.1,0.2,0.3,0.4,0.5
4281,Put,10,20,0.1,0.2,0.3,0.4,0.5
4282,Call,10,20,0.1,0.2,0.3,0.4,0.5
4282,Put,10,20,0.1,0.2,0.3,0.4,0.5
4283,Call,10,20,0.1,0.2,0.3,0.4,0.5
4283,Put,10,20,0.1,0.2,0.3,0.4,0.5
4284,Call,10,20,0.1,0.2,0.3,0.4,0.5
4284,Put,10,20,0.1,0.2,0.3,0.4,0.5
4285,Call,10,20,0.1,0.2,0.3,0.4,0.5
4285,Put,10,20,0.1,0.2,0.3,0.4,0.5
4286,Call,10,20,0.1,0.2,0.3,0.4,0.5
4286,Put,10,20,0.1,0.2,0.3,0.4,0.5
4287,Call,10,20,0.1,0.2,0.3,0.4,0.5
4287,Put,10,20,0.1,0.2,0.3,0.4,0.5
4288,Call,10,20,0.1,0.2,0.3,0.4,0.5
4288,Put,10,20,0.1,0.2,0.3,0.4,0.5
4289,Call,10,20,0.1,0.2,0.3,0.4,0.5
4289,Put,10,20,0.1,0.2,0.3,0.4,0.5
4290,Call,10,20,0.1,0.2,0.3,0.4,0.5
4290,Put,10,20,0.1,0.2,0.3,0.4,0.5
4291,Call,10,20,0.1,0.2,0.3,0.4,0.5
4291,Put,10,20,0.1,0.2,0.3,0.4,0.5
4292,Call,10,20,0.1,0.2,0.3,0.4,0.5
4292,Put,10,20,0.1,0.2,0.3,0.4,0.5
4293,Call,10,20,0.1,0.2,0.3,0.4,0.5
4293,Put,10,20,0.1,0.2,0.3,0.4,0.5
4294,Call,10,20,0.1,0.2,0.3,0.4,0.5
4294,Put,10,20,0.1,0.2,0.3,0.4,0.5
4295,Call,10,20,0.1,0.2,0.3,0.4,0.5
4295,Put,10,20,0.1,0.2,0.3,0.4,0.5
4296,Call,10,20,0.1,0.2,0.3,0.4,0.5
4296,Put,10,20,0.1,0.2,0.3,0.4,0.5
4297,Call,10,20,0.1,0.2,0.3,0.4,0.5
4297,Put,10,20,0.1,0.2,0.3,0.4,0.5
4298,Call,10,20,0.1,0.2,0.3,0.4,0.5
4298,Put,10,20,0.1,0.2,0.3,0.4,0.5
4299,Call,10,20,0.1,0.2,0.3,0.4,0.5
4299,Put,10,20,0.1,0.2,0.3,0.4,0.5
4300,Call,10,20,0.1,0.2,0.3,0.4,0.5
4300,Put,10,20,0.1,0.2,0.3,0.4,0.5
4301,Call,10,20,0.1,0.2,0.3,0.4,0.5
4301,Put,10,20,0.1,0.2,0.3,0.4,0.5
4302,Call,10,20,0.1,0.2,0.3,0.4,0.5
4302,Put,10,20,0.1,0.2,0.3,0.4,0.5
4303,Call,10,20,0.1,0.2,0.3,0.4,0.5
4303,Put,10,20,0.1,0.2,0.3,0.4,0.5
4304,Call,10,20,0.1,0.2,0.3,0.4,0.5
4304,Put,10,20,0.1,0.2,0.3,0.4,0.5
4305,Call,10,20,0.1,0.2,0.3,0.4,0.5
4305,Put,10,20,0.1,0.2,0.3,0.4,0.5
4306,Call,10,20,0.1,0.2,0.3,0.4,0.5
4306,Put,10,20,0.1,0.2,0.3,0.4,0.5
4307,Call,10,20,0.1,0.2,0.3,0.4,0.5
4307,Put,10,20,0.1,0.2,0.3,0.4,0.5
4308,Call,10,20,0.1,0.2,0.3,0.4,0.5
4308,Put,10,20,0.1,0.2,0.3,0.4,0.5
4309,Call,10,20,0.1,0.2,0.3,0.4,0.5
4309,Put,10,20,0.1,0.2,0.3,0.4,0.5
4310,Call,10,20,0.1,0.2,0.3,0.4,0.5
4310,Put,10,20,0.1,0.2,0.3,0.4,0.5
4311,Call,10,20,0.1,0.2,0.3,0.4,0.5
4311,Put,10,20,0.1,0.2,0.3,0.4,0.5
4312,Call,10,20,0.1,0.2,0.3,0.4,0.5
4312,Put,10,20,0.1,0.2,0.3,0.4,0.5
4313,Call,10,20,0.1,0.2,0.3,0.4,0.5
4313,Put,10,20,0.1,0.2,0.3,0.4,0.5
4314,Call,10,20,0.1,0.2,0.3,0.4,0.5
4314,Put,10,20,0.1,0.2,0.3,0.4,0.5
4315,Call,10,20,0.1,0.2,0.3,0.4,0.5
4315,Put,10,20,0.1,0.2,0.3,0.4,0.5
4316,Call,10,20,0.1,0.2,0.3,0.4,0.5
4316,Put,10,20,0.1,0.2,0.3,0.4,0.5
4317,Call,10,20,0.1,0.2,0.3,0.4,0.5
4317,Put,10,20,0.1,0.2,0.3,0.4,0.5
4318,Call,10,20,0.1,0.2,0.3,0.4,0.5
4318,Put,10,20,0.1,0.2,0.3,0.4,0.5
4319,Call,10,20,0.1,0.2,0.3,0.4,0.5
4319,Put,10,20,0.1,0.2,0.3,0.4,0.5
4320,Call,10,20,0.1,0.2,0.3,0.4,0.5
4320,Put,10,20,0.1,0.2,0.3,0.4,0.5
4321,Call,10,20,0.1,0.2,0.3,0.4,0.5
4321,Put,10,20,0.1,0.2,0.3,0.4,0.5
4322,Call,10,20,0.1,0.2,0.3,0.4,0.5
4322,Put,10,20,0.1,0.2,0.3,0.4,0.5
4323,Call,10,20,0.1,0.2,0.3,0.4,0.5
4323,Put,10,20,0.1,0.2,0.3,0.4,0.5
4324,Call,10,20,0.1,0.2,0.3,0.4,0.5
4324,Put,10,20,0.1,0.2,0.3,0.4,0.5
4325,Call,10,20,0.1,0.2,0.3,0.4,0.5
4325,Put,10,20,0.1,0.2,0.3,0.4,0.5
4326,Call,10,20,0.1,0.2,0.3,0.4,0.5
4326,Put,10,20,0.1,0.2,0.3,0.4,0.5
4327,Call,10,20,0.1,0.2,0.3,0.4,0.5
4327,Put,10,20,0.1,0.2,0.3,0.4,0.5
4328,Call,10,20,0.1,0.2,0.3,0.4,0.5
4328,Put,10,20,0.1,0.2,0.3,0.4,0.5
4329,Call,10,20,0.1,0.2,0.3,0.4,0.5
4329,Put,10,20,0.1,0.2,0.3,0.4,0.5
4330,Call,10,20,0.1,0.2,0.3,0.4,0.5
4330,Put,10,20,0.1,0.2,0.3,0.4,0.5
4331,Call,10,20,0.1,0.2,0.3,0.4,0.5
4331,Put,10,20,0.1,0.2,0.3,0.4,0.5
4332,Call,10,20,0.1,0.2,0.3,0.4,0.5
4332,Put,10,20,0.1,0.2,0.3,0.4,0.5
4333,Call,10,20,0.1,0.2,0.3,0.4,0.5
4333,Put,10,20,0.1,0.2,0.3,0.4,0.5
4334,Call,10,20,0.1,0.2,0.3,0.4,0.5
4334,Put,10,20,0.1,0.2,0.3,0.4,0.5
4335,Call,10,20,0.1,0.2,0.3,0.4,0.5
4335,Put,10,20,0.1,0.2,0.3,0.4,0.5
4336,Call,10,20,0.1,0.2,0.3,0.4,0.5
4336,Put,10,20,0.1,0.2,0.3,0.4,0.5
4337,Call,10,20,0.1,0.2,0.3,0.4,0.5
4337,Put,10,20,0.1,0.2,0.3,0.4,0.5
4338,Call,10,20,0.1,0.2,0.3,0.4,0.5
4338,Put,10,20,0.1,0.2,0.3,0.4,0.5
4339,Call,10,20,0.1,0.2,0.3,0.4,0.5
4339,Put,10,20,0.1,0.2,0.3,0.4,0.5
4340,Call,10,20,0.1,0.2,0.3,0.4,0.5
4340,Put,10,20,0.1,0.2,0.3,0.4,0.5
4341,Call,10,20,0.1,0.2,0.3,0.4,0.5
4341,Put,10,20,0.1,0.2,0.3,0.4,0.5
4342,Call,10,20,0.1,0.2,0.3,0.4,0.5
4342,Put,10,20,0.1,0.2,0.3,0.4,0.5
4343,Call,10,20,0.1,0.2,0.3,0.4,0.5
4343,Put,10,20,0.1,0.2,0.3,0.4,0.5
4344,Call,10,20,0.1,0.2,0.3,0.4,0.5
4344,Put,10,20,0.1,0.2,0.3,0.4,0.5
4345,Call,10,20,0.1,0.2,0.3,0.4,0.5
4345,Put,10,20,0.1,0.2,0.3,0.4,0.5
4346,Call,10,20,0.1,0.2,0.3,0.4,0.5
4346,Put,10,20,0.1,0.2,0.3,0.4,0.5
4347,Call,10,20,0.1,0.2,0.3,0.4,0.5
4347,Put,10,20,0.1,0.2,0.3,0.4,0.5
4348,Call,10,20,0.1,0.2,0.3,0.4,0.5
4348,Put,10,20,0.1,0.2,0.3,0.4,0.5
4349,Call,10,20,0.1,0.2,0.3,0.4,0.5
4349,Put,10,20,0.1,0.2,0.3,0.4,0.5
4350,Call,10,20,0.1,0.2,0.3,0.4,0.5
4350,Put,10,20,0.1,0.2,0.3,0.4,0.5
4351,Call,10,20,0.1,0.2,0.3,0.4,0.5
4351,Put,10,20,0.1,0.2,0.3,0.4,0.5
4352,Call,10,20,0.1,0.2,0.3,0.4,0.5
4352,Put,10,20,0.1,0.2,0.3,0.4,0.5
4353,Call,10,20,0.1,0.2,0.3,0.4,0.5
4353,Put,10,20,0.1,0.2,0.3,0.4,0.5
4354,Call,10,20,0.1,0.2,0.3,0.4,0.5
4354,Put,10,20,0.1,0.2,0.3,0.4,0.5
4355,Call,10,20,0.1,0.2,0.3,0.4,0.5
4355,Put,10,20,0.1,0.2,0.3,0.4,0.5
4356,Call,10,20,0.1,0.2,0.3,0.4,0.5
4356,Put,10,20,0.1,0.2,0.3,0.4,0.5
4357,Call,10,20,0.1,0.2,0.3,0.4,0.5
4357,Put,10,20,0.1,0.2,0.3,0.4,0.5
4358,Call,10,20,0.1,0.2,0.3,0.4,0.5
4358,Put,10,20,0.1,0.2,0.3,0.4,0.5
4359,Call,10,20,0.1,0.2,0.3,0.4,0.5
4359,Put,10,20,0.1,0.2,0.3,0.4,0.5
4360,Call,10,20,0.1,0.2,0.3,0.4,0.5
4360,Put,10,20,0.1,0.2,0.3,0.4,0.5
4361,Call,10,20,0.1,0.2,0.3,0.4,0.5
4361,Put,10,20,0.1,0.2,0.3,0.4,0.5
4362,Call,10,20,0.1,0.2,0.3,0.4,0.5
4362,Put,10,20,0.1,0.2,0.3,0.4,0.5
4363,Call,10,20,0.1,0.2,0.3,0.4,0.5
4363,Put,10,20,0.1,0.2,0.3,0.4,0.5
4364,Call,10,20,0.1,0.2,0.3,0.4,0.5
4364,Put,10,20,0.1,0.2,0.3,0.4,0.5
4365,Call,10,20,0.1,0.2,0.3,0.4,0.5
4365,Put,10,20,0.1,0.2,0.3,0.4,0.5
4366,Call,10,20,0.1,0.2,0.3,0.4,0.5
4366,Put,10,20,0.1,0.2,0.3,0.4,0.5
4367,Call,10,20,0.1,0.2,0.3,0.4,0.5
4367,Put,10,20,0.1,0.2,0.3,0.4,0.5
4368,Call,10,20,0.1,0.2,0.3,0.4,0.5
4368,Put,10,20,0.1,0.2,0.3,0.4,0.5
4369,Call,10,20,0.1,0.2,0.3,0.4,0.5
4369,Put,10,20,0.1,0.2,0.3,0.4,0.5
4370,Call,10,20,0.1,0.2,0.3,0.4,0.5
4370,Put,10,20,0.1,0.2,0.3,0.4,0.5
4371,Call,10,20,0.1,0.2,0.3,0.4,0.5
4371,Put,10,20,0.1,0.2,0.3,0.4,0.5
4372,Call,10,20,0.1,0.2,0.3,0.4,0.5
4372,Put,10,20,0.1,0.2,0.3,0.4,0.5
4373,Call,10,20,0.1,0.2,0.3,0.4,0.5
4373,Put,10,20,0.1,0.2,0.3,0.4,0.5
4374,Call,10,20,0.1,0.2,0.3,0.4,0.5
4374,Put,10,20,0.1,0.2,0.3,0.4,0.5
4375,Call,10,20,0.1,0.2,0.3,0.4,0.5
4375,Put,10,20,0.1,0.2,0.3,0.4,0.5
4376,Call,10,20,0.1,0.2,0.3,0.4,0.5
4376,Put,10,20,0.1,0.2,0.3,0.4,0.5
4377,Call,10,20,0.1,0.2,0.3,0.4,0.5
4377,Put,10,20,0.1,0.2,0.3,0.4,0.5
4378,Call,10,20,0.1,0.2,0.3,0.4,0.5
4378,Put,10,20,0.1,0.2,0.3,0.4,0.5
4379,Call,10,20,0.1,0.2,0.3,0.4,0.5
4379,Put,10,20,0.1,0.2,0.3,0.4,0.5
4380,Call,10,20,0.1,0.2,0.3,0.4,0.5
4380,Put,10,20,0.1,0.2,0.3,0.4,0.5
4381,Call,10,20,0.1,0.2,0.3,0.4,0.5
4381,Put,10,20,0.1,0.2,0.3,0.4,0.5
4382,Call,10,20,0.1,0.2,0.3,0.4,0.5
4382,Put,10,20,0.1,0.2,0.3,0.4,0.5
4383,Call,10,20,0.1,0.2,0.3,0.4,0.5
4383,Put,10,20,0.1,0.2,0.3,0.4,0.5
4384,Call,10,20,0.1,0.2,0.3,0.4,0.5
4384,Put,10,20,0.1,0.2,0.3,0.4,0.5
4385,Call,10,20,0.1,0.2,0.3,0.4,0.5
4385,Put,10,20,0.1,0.2,0.3,0.4,0.5
4386,Call,10,20,0.1,0.2,0.3,0.4,0.5
4386,Put,10,20,0.1,0.2,0.3,0.4,0.5
4387,Call,10,20,0.1,0.2,0.3,0.4,0.5
4387,Put,10,20,0.1,0.2,0.3,0.4,0.5
4388,Call,10,20,0.1,0.2,0.3,0.4,0.5
4388,Put,10,20,0.1,0.2,0.3,0.4,0.5
4389,Call,10,20,0.1,0.2,0.3,0.4,0.5
4389,Put,10,20,0.1,0.2,0.3,0.4,0.5
4390,Call,10,20,0.1,0.2,0.3,0.4,0.5
4390,Put,10,20,0.1,0.2,0.3,0.4,0.5
4391,Call,10,20,0.1,0.2,0.3,0.4,0.5
4391,Put,10,20,0.1,0.2,0.3,0.4,0.5
4392,Call,10,20,0.1,0.2,0.3,0.4,0.5
4392,Put,10,20,0.1,0.2,0.3,0.4,0.5
4393,Call,10,20,0.1,0.2,0.3,0.4,0.5
4393,Put,10,20,0.1,0.2,0.3,0.4,0.5
4394,Call,10,20,0.1,0.2,0.3,0.4,0.5
4394,Put,10,20,0.1,0.2,0.3,0.4,0.5
4395,Call,10,20,0.1,0.2,0.3,0.4,0.5
4395,Put,10,20,0.1,0.2,0.3,0.4,0.5
4396,Call,10,20,0.1,0.2,0.3,0.4,0.5
4396,Put,10,20,0.1,0.2,0.3,0.4,0.5
4397,Call,10,20,0.1,0.2,0.3,0.4,0.5
4397,Put,10,20,0.1,0.2,0.3,0.4,0.5
4398,Call,10,20,0.1,0.2,0.3,0.4,0.5
4398,Put,10,20,0.1,0.2,0.3,0.4,0.5
4399,Call,10,20,0.1,0.2,0.3,0.4,0.5
4399,Put,10,20,0.1,0.2,0.3,0.4,0.5
4400,Call,10,20,0.1,0.2,0.3,0.4,0.5
4400,Put,10,20,0.1,0.2,0.3,0.4,0.5
4401,Call,10,20,0.1,0.2,0.3,0.4,0.5
4401,Put,10,20,0.1,0.2,0.3,0.4,0.5
4402,Call,10,20,0.1,0.2,0.3,0.4,0.5
4402,Put,10,20,0.1,0.2,0.3,0.4,0.5
4403,Call,10,20,0.1,0.2,0.3,0.4,0.5
4403,Put,10,20,0.1,0.2,0.3,0.4,0.5
4404,Call,10,20,0.1,0.2,0.3,0.4,0.5
4404,Put,10,20,0.1,0.2,0.3,0.4,0.5
4405,Call,10,20,0.1,0.2,0.3,0.4,0.5
4405,Put,10,20,0.1,0.2,0.3,0.4,0.5
4406,Call,10,20,0.1,0.2,0.3,0.4,0.5
4406,Put,10,20,0.1,0.2,0.3,0.4,0.5
4407,Call,10,20,0.1,0.2,0.3,0.4,0.5
4407,Put,10,20,0.1,0.2,0.3,0.4,0.5
4408,Call,10,20,0.1,0.2,0.3,0.4,0.5
4408,Put,10,20,0.1,0.2,0.3,0.4,0.5
4409,Call,10,20,0.1,0.2,0.3,0.4,0.5
4409,Put,10,20,0.1,0.2,0.3,0.4,0.5
4410,Call,10,20,0.1,0.2,0.3,0.4,0.5
4410,Put,10,20,0.1,0.2,0.3,0.4,0.5
4411,Call,10,20,0.1,0.2,0.3,0.4,0.5
4411,Put,10,20,0.1,0.2,0.3,0.4,0.5
4412,Call,10,20,0.1,0.2,0.3,0.4,0.5
4412,Put,10,20,0.1,0.2,0.3,0.4,0.5
4413,Call,10,20,0.1,0.2,0.3,0.4,0.5
4413,Put,10,20,0.1,0.2,0.3,0.4,0.5
4414,Call,10,20,0.1,0.2,0.3,0.4,0.5
4414,Put,10,20,0.1,0.2,0.3,0.4,0.5
4415,Call,10,20,0.1,0.2,0.3,0.4,0.5
4415,Put,10,20,0.1,0.2,0.3,0.4,0.5
4416,Call,10,20,0.1,0.2,0.3,0.4,0.5
4416,Put,10,20,0.1,0.2,0.3,0.4,0.5
4417,Call,10,20,0.1,0.2,0.3,0.4,0.5
4417,Put,10,20,0.1,0.2,0.3,0.4,0.5
4418,Call,10,20,0.1,0.2,0.3,0.4,0.5
4418,Put,10,20,0.1,0.2,0.3,0.4,0.5
4419,Call,10,20,0.1,0.2,0.3,0.4,0.5
4419,Put,10,20,0.1,0.2,0.3,0.4,0.5
4420,Call,10,20,0.1,0.2,0.3,0.4,0.5
4420,Put,10,20,0.1,0.2,0.3,0.4,0.5
4421,Call,10,20,0.1,0.2,0.3,0.4,0.5
4421,Put,10,20,0.1,0.2,0.3,0.4,0.5
4422,Call,10,20,0.1,0.2,0.3,0.4,0.5
4422,Put,10,20,0.1,0.2,0.3,0.4,0.5
4423,Call,10,20,0.1,0.2,0.3,0.4,0.5
4423,Put,10,20,0.1,0.2,0.3,0.4,0.5
4424,Call,10,20,0.1,0.2,0.3,0.4,0.5
4424,Put,10,20,0.1,0.2,0.3,0.4,0.5
4425,Call,10,20,0.1,0.2,0.3,0.4,0.5
4425,Put,10,20,0.1,0.2,0.3,0.4,0.5
4426,Call,10,20,0.1,0.2,0.3,0.4,0.5
4426,Put,10,20,0.1,0.2,0.3,0.4,0.5
4427,Call,10,20,0.1,0.2,0.3,0.4,0.5
4427,Put,10,20,0.1,0.2,0.3,0.4,0.5
4428,Call,10,20,0.1,0.2,0.3,0.4,0.5
4428,Put,10,20,0.1,0.2,0.3,0.4,0.5
4429,Call,10,20,0.1,0.2,0.3,0.4,0.5
4429,Put,10,20,0.1,0.2,0.3,0.4,0.5
4430,Call,10,20,0.1,0.2,0.3,0.4,0.5
4430,Put,10,20,0.1,0.2,0.3,0.4,0.5
4431,Call,10,20,0.1,0.2,0.3,0.4,0.5
4431,Put,10,20,0.1,0.2,0.3,0.4,0.5
4432,Call,10,20,0.1,0.2,0.3,0.4,0.5
4432,Put,10,20,0.1,0.2,0.3,0.4,0.5
4433,Call,10,20,0.1,0.2,0.3,0.4,0.5
4433,Put,10,20,0.1,0.2,0.3,0.4,0.5
4434,Call,10,20,0.1,0.2,0.3,0.4,0.5
4434,Put,10,20,0.1,0.2,0.3,0.4,0.5
4435,Call,10,20,0.1,0.2,0.3,0.4,0.5
4435,Put,10,20,0.1,0.2,0.3,0.4,0.5
4436,Call,10,20,0.1,0.2,0.3,0.4,0.5
4436,Put,10,20,0.1,0.2,0.3,0.4,0.5
4437,Call,10,20,0.1,0.2,0.3,0.4,0.5
4437,Put,10,20,0.1,0.2,0.3,0.4,0.5
4438,Call,10,20,0.1,0.2,0.3,0.4,0.5
4438,Put,10,20,0.1,0.2,0.3,0.4,0.5
4439,Call,10,20,0.1,0.2,0.3,0.4,0.5
4439,Put,10,20,0.1,0.2,0.3,0.4,0.5
4440,Call,10,20,0.1,0.2,0.3,0.4,0.5
4440,Put,10,20,0.1,0.2,0.3,0.4,0.5
4441,Call,10,20,0.1,0.2,0.3,0.4,0.5
4441,Put,10,20,0.1,0.2,0.3,0.4,0.5
4442,Call,10,20,0.1,0.2,0.3,0.4,0.5
4442,Put,10,20,0.1,0.2,0.3,0.4,0.5
4443,Call,10,20,0.1,0.2,0.3,0.4,0.5
4443,Put,10,20,0.1,0.2,0.3,0.4,0.5
4444,Call,10,20,0.1,0.2,0.3,0.4,0.5
4444,Put,10,20,0.1,0.2,0.3,0.4,0.5
4445,Call,10,20,0.1,0.2,0.3,0.4,0.5
4445,Put,10,20,0.1,0.2,0.3,0.4,0.5
4446,Call,10,20,0.1,0.2,0.3,0.4,0.5
4446,Put,10,20,0.1,0.2,0.3,0.4,0.5
4447,Call,10,20,0.1,0.2,0.3,0.4,0.5
4447,Put,10,20,0.1,0.2,0.3,0.4,0.5
4448,Call,10,20,0.1,0.2,0.3,0.4,0.5
4448,Put,10,20,0.1,0.2,0.3,0.4,0.5
4449,Call,10,20,0.1,0.2,0.3,0.4,0.5
4449,Put,10,20,0.1,0.2,0.3,0.4,0.5
4450,Call,10,20,0.1,0.2,0.3,0.4,0.5
4450,Put,10,20,0.1,0.2,0.3,0.4,0.5
4451,Call,10,20,0.1,0.2,0.3,0.4,0.5
4451,Put,10,20,0.1,0.2,0.3,0.4,0.5
4452,Call,10,20,0.1,0.2,0.3,0.4,0.5
4452,Put,10,20,0.1,0.2,0.3,0.4,0.5
4453,Call,10,20,0.1,0.2,0.3,0.4,0.5
4453,Put,10,20,0.1,0.2,0.3,0.4,0.5
4454,Call,10,20,0.1,0.2,0.3,0.4,0.5
4454,Put,10,20,0.1,0.2,0.3,0.4,0.5
4455,Call,10,20,0.1,0.2,0.3,0.4,0.5
4455,Put,10,20,0.1,0.2,0.3,0.4,0.5
4456,Call,10,20,0.1,0.2,0.3,0.4,0.5
4456,Put,10,20,0.1,0.2,0.3,0.4,0.5
4457,Call,10,20,0.1,0.2,0.3,0.4,0.5
4457,Put,10,20,0.1,0.2,0.3,0.4,0.5
4458,Call,10,20,0.1,0.2,0.3,0.4,0.5
4458,Put,10,20,0.1,0.2,0.3,0.4,0.5
4459,Call,10,20,0.1,0.2,0.3,0.4,0.5
4459,Put,10,20,0.1,0.2,0.3,0.4,0.5
4460,Call,10,20,0.1,0.2,0.3,0.4,0.5
4460,Put,10,20,0.1,0.2,0.3,0.4,0.5
4461,Call,10,20,0.1,0.2,0.3,0.4,0.5
4461,Put,10,20,0.1,0.2,0.3,0.4,0.5
4462,Call,10,20,0.1,0.2,0.3,0.4,0.5
4462,Put,10,20,0.1,0.2,0.3,0.4,0.5
4463,Call,10,20,0.1,0.2,0.3,0.4,0.5
4463,Put,10,20,0.1,0.2,0.3,0.4,0.5
4464,Call,10,20,0.1,0.2,0.3,0.4,0.5
4464,Put,10,20,0.1,0.2,0.3,0.4,0.5
4465,Call,10,20,0.1,0.2,0.3,0.4,0.5
4465,Put,10,20,0.1,0.2,0.3,0.4,0.5
4466,Call,10,20,0.1,0.2,0.3,0.4,0.5
4466,Put,10,20,0.1,0.2,0.3,0.4,0.5
4467,Call,10,20,0.1,0.2,0.3,0.4,0.5
4467,Put,10,20,0.1,0.2,0.3,0.4,0.5
4468,Call,10,20,0.1,0.2,0.3,0.4,0.5
4468,Put,10,20,0.1,0.2,0.3,0.4,0.5
4469,Call,10,20,0.1,0.2,0.3,0.4,0.5
4469,Put,10,20,0.1,0.2,0.3,0.4,0.5
4470,Call,10,20,0.1,0.2,0.3,0.4,0.5
4470,Put,10,20,0.1,0.2,0.3,0.4,0.5
4471,Call,10,20,0.1,0.2,0.3,0.4,0.5
4471,Put,10,20,0.1,0.2,0.3,0.4,0.5
4472,Call,10,20,0.1,0.2,0.3,0.4,0.5
4472,Put,10,20,0.1,0.2,0.3,0.4,0.5
4473,Call,10,20,0.1,0.2,0.3,0.4,0.5
4473,Put,10,20,0.1,0.2,0.3,0.4,0.5
4474,Call,10,20,0.1,0.2,0.3,0.4,0.5
4474,Put,10,20,0.1,0.2,0.3,0.4,0.5
4475,Call,10,20,0.1,0.2,0.3,0.4,0.5
4475,Put,10,20,0.1,0.2,0.3,0.4,0.5
4476,Call,10,20,0.1,0.2,0.3,0.4,0.5
4476,Put,10,20,0.1,0.2,0.3,0.4,0.5
4477,Call,10,20,0.1,0.2,0.3,0.4,0.5
4477,Put,10,20,0.1,0.2,0.3,0.4,0.5
4478,Call,10,20,0.1,0.2,0.3,0.4,0.5
4478,Put,10,20,0.1,0.2,0.3,0.4,0.5
4479,Call,10,20,0.1,0.2,0.3,0.4,0.5
4479,Put,10,20,0.1,0.2,0.3,0.4,0.5
4480,Call,10,20,0.1,0.2,0.3,0.4,0.5
4480,Put,10,20,0.1,0.2,0.3,0.4,0.5
4481,Call,10,20,0.1,0.2,0.3,0.4,0.5
4481,Put,10,20,0.1,0.2,0.3,0.4,0.5
4482,Call,10,20,0.1,0.2,0.3,0.4,0.5
4482,Put,10,20,0.1,0.2,0.3,0.4,0.5
4483,Call,10,20,0.1,0.2,0.3,0.4,0.5
4483,Put,10,20,0.1,0.2,0.3,0.4,0.5
4484,Call,10,20,0.1,0.2,0.3,0.4,0.5
4484,Put,10,20,0.1,0.2,0.3,0.4,0.5
4485,Call,10,20,0.1,0.2,0.3,0.4,0.5
4485,Put,10,20,0.1,0.2,0.3,0.4,0.5
4486,Call,10,20,0.1,0.2,0.3,0.4,0.5
4486,Put,10,20,0.1,0.2,0.3,0.4,0.5
4487,Call,10,20,0.1,0.2,0.3,0.4,0.5
4487,Put,10,20,0.1,0.2,0.3,0.4,0.5
4488,Call,10,20,0.1,0.2,0.3,0.4,0.5
4488,Put,10,20,0.1,0.2,0.3,0.4,0.5
4489,Call,10,20,0.1,0.2,0.3,0.4,0.5
4489,Put,10,20,0.1,0.2,0.3,0.4,0.5
4490,Call,10,20,0.1,0.2,0.3,0.4,0.5
4490,Put,10,20,0.1,0.2,0.3,0.4,0.5
4491,Call,10,20,0.1,0.2,0.3,0.4,0.5
4491,Put,10,20,0.1,0.2,0.3,0.4,0.5
4492,Call,10,20,0.1,0.2,0.3,0.4,0.5
4492,Put,10,20,0.1,0.2,0.3,0.4,0.5
4493,Call,10,20,0.1,0.2,0.3,0.4,0.5
4493,Put,10,20,0.1,0.2,0.3,0.4,0.5
4494,Call,10,20,0.1,0.2,0.3,0.4,0.5
4494,Put,10,20,0.1,0.2,0.3,0.4,0.5
4495,Call,10,20,0.1,0.2,0.3,0.4,0.5
4495,Put,10,20,0.1,0.2,0.3,0.4,0.5
4496,Call,10,20,0.1,0.2,0.3,0.4,0.5
4496,Put,10,20,0.1,0.2,0.3,0.4,0.5
4497,Call,10,20,0.1,0.2,0.3,0.4,0.5
4497,Put,10,20,0.1,0.2,0.3,0.4,0.5
4498,Call,10,20,0.1,0.2,0.3,0.4,0.5
4498,Put,10,20,0.1,0.2,0.3,0.4,0.5
4499,Call,10,20,0.1,0.2,0.3,0.4,0.5
4499,Put,10,20,0.1,0.2,0.3,0.4,0.5
4500,Call,10,20,0.1,0.2,0.3,0.4,0.5
4500,Put,10,20,0.1,0.2,0.3,0.4,0.5
4501,Call,10,20,0.1,0.2,0.3,0.4,0.5
4501,Put,10,20,0.1,0.2,0.3,0.4,0.5
4502,Call,10,20,0.1,0.2,0.3,0.4,0.5
4502,Put,10,20,0.1,0.2,0.3,0.4,0.5
4503,Call,10,20,0.1,0.2,0.3,0.4,0.5
4503,Put,10,20,0.1,0.2,0.3,0.4,0.5
4504,Call,10,20,0.1,0.2,0.3,0.4,0.5
4504,Put,10,20,0.1,0.2,0.3,0.4,0.5
4505,Call,10,20,0.1,0.2,0.3,0.4,0.5
4505,Put,10,20,0.1,0.2,0.3,0.4,0.5
4506,Call,10,20,0.1,0.2,0.3,0.4,0.5
4506,Put,10,20,0.1,0.2,0.3,0.4,0.5
4507,Call,10,20,0.1,0.2,0.3,0.4,0.5
4507,Put,10,20,0.1,0.2,0.3,0.4,0.5
4508,Call,10,20,0.1,0.2,0.3,0.4,0.5
4508,Put,10,20,0.1,0.2,0.3,0.4,0.5
4509,Call,10,20,0.1,0.2,0.3,0.4,0.5
4509,Put,10,20,0.1,0.2,0.3,0.4,0.5
4510,Call,10,20,0.1,0.2,0.3,0.4,0.5
4510,Put,10,20,0.1,0.2,0.3,0.4,0.5
4511,Call,10,20,0.1,0.2,0.3,0.4,0.5
4511,Put,10,20,0.1,0.2,0.3,0.4,0.5
4512,Call,10,20,0.1,0.2,0.3,0.4,0.5
4512,Put,10,20,0.1,0.2,0.3,0.4,0.5
4513,Call,10,20,0.1,0.2,0.3,0.4,0.5
4513,Put,10,20,0.1,0.2,0.3,0.4,0.5
4514,Call,10,20,0.1,0.2,0.3,0.4,0.5
4514,Put,10,20,0.1,0.2,0.3,0.4,0.5
4515,Call,10,20,0.1,0.2,0.3,0.4,0.5
4515,Put,10,20,0.1,0.2,0.3,0.4,0.5
4516,Call,10,20,0.1,0.2,0.3,0.4,0.5
4516,Put,10,20,0.1,0.2,0.3,0.4,0.5
4517,Call,10,20,0.1,0.2,0.3,0.4,0.5
4517,Put,10,20,0.1,0.2,0.3,0.4,0.5
4518,Call,10,20,0.1,0.2,0.3,0.4,0.5
4518,Put,10,20,0.1,0.2,0.3,0.4,0.5
4519,Call,10,20,0.1,0.2,0.3,0.4,0.5
4519,Put,10,20,0.1,0.2,0.3,0.4,0.5
4520,Call,10,20,0.1,0.2,0.3,0.4,0.5
4520,Put,10,20,0.1,0.2,0.3,0.4,0.5
4521,Call,10,20,0.1,0.2,0.3,0.4,0.5
4521,Put,10,20,0.1,0.2,0.3,0.4,0.5
4522,Call,10,20,0.1,0.2,0.3,0.4,0.5
4522,Put,10,20,0.1,0.2,0.3,0.4,0.5
4523,Call,10,20,0.1,0.2,0.3,0.4,0.5
4523,Put,10,20,0.1,0.2,0.3,0.4,0.5
4524,Call,10,20,0.1,0.2,0.3,0.4,0.5
4524,Put,10,20,0.1,0.2,0.3,0.4,0.5
4525,Call,10,20,0.1,0.2,0.3,0.4,0.5
4525,Put,10,20,0.1,0.2,0.3,0.4,0.5
4526,Call,10,20,0.1,0.2,0.3,0.4,0.5
4526,Put,10,20,0.1,0.2,0.3,0.4,0.5
4527,Call,10,20,0.1,0.2,0.3,0.4,0.5
4527,Put,10,20,0.1,0.2,0.3,0.4,0.5
4528,Call,10,20,0.1,0.2,0.3,0.4,0.5
4528,Put,10,20,0.1,0.2,0.3,0.4,0.5
4529,Call,10,20,0.1,0.2,0.3,0.4,0.5
4529,Put,10,20,0.1,0.2,0.3,0.4,0.5
4530,Call,10,20,0.1,0.2,0.3,0.4,0.5
4530,Put,10,20,0.1,0.2,0.3,0.4,0.5
4531,Call,10,20,0.1,0.2,0.3,0.4,0.5
4531,Put,10,20,0.1,0.2,0.3,0.4,0.5
4532,Call,10,20,0.1,0.2,0.3,0.4,0.5
4532,Put,10,20,0.1,0.2,0.3,0.4,0.5
4533,Call,10,20,0.1,0.2,0.3,0.4,0.5
4533,Put,10,20,0.1,0.2,0.3,0.4,0.5
4534,Call,10,20,0.1,0.2,0.3,0.4,0.5
4534,Put,10,20,0.1,0.2,0.3,0.4,0.5
4535,Call,10,20,0.1,0.2,0.3,0.4,0.5
4535,Put,10,20,0.1,0.2,0.3,0.4,0.5
4536,Call,10,20,0.1,0.2,0.3,0.4,0.5
4536,Put,10,20,0.1,0.2,0.3,0.4,0.5
4537,Call,10,20,0.1,0.2,0.3,0.4,0.5
4537,Put,10,20,0.1,0.2,0.3,0.4,0.5
4538,Call,10,20,0.1,0.2,0.3,0.4,0.5
4538,Put,10,20,0.1,0.2,0.3,0.4,0.5
4539,Call,10,20,0.1,0.2,0.3,0.4,0.5
4539,Put,10,20,0.1,0.2,0.3,0.4,0.5
4540,Call,10,20,0.1,0.2,0.3,0.4,0.5
4540,Put,10,20,0.1,0.2,0.3,0.4,0.5
4541,Call,10,20,0.1,0.2,0.3,0.4,0.5
4541,Put,10,20,0.1,0.2,0.3,0.4,0.5
4542,Call,10,20,0.1,0.2,0.3,0.4,0.5
4542,Put,10,20,0.1,0.2,0.3,0.4,0.5
4543,Call,10,20,0.1,0.2,0.3,0.4,0.5
4543,Put,10,20,0.1,0.2,0.3,0.4,0.5
4544,Call,10,20,0.1,0.2,0.3,0.4,0.5
4544,Put,10,20,0.1,0.2,0.3,0.4,0.5
4545,Call,10,20,0.1,0.2,0.3,0.4,0.5
4545,Put,10,20,0.1,0.2,0.3,0.4,0.5
4546,Call,10,20,0.1,0.2,0.3,0.4,0.5
4546,Put,10,20,0.1,0.2,0.3,0.4,0.5
4547,Call,10,20,0.1,0.2,0.3,0.4,0.5
4547,Put,10,20,0.1,0.2,0.3,0.4,0.5
4548,Call,10,20,0.1,0.2,0.3,0.4,0.5
4548,Put,10,20,0.1,0.2,0.3,0.4,0.5
4549,Call,10,20,0.1,0.2,0.3,0.4,0.5
4549,Put,10,20,0.1,0.2,0.3,0.4,0.5
4550,Call,10,20,0.1,0.2,0.3,0.4,0.5
4550,Put,10,20,0.1,0.2,0.3,0.4,0.5
4551,Call,10,20,0.1,0.2,0.3,0.4,0.5
4551,Put,10,20,0.1,0.2,0.3,0.4,0.5
4552,Call,10,20,0.1,0.2,0.3,0.4,0.5
4552,Put,10,20,0.1,0.2,0.3,0.4,0.5
4553,Call,10,20,0.1,0.2,0.3,0.4,0.5
4553,Put,10,20,0.1,0.2,0.3,0.4,0.5
4554,Call,10,20,0.1,0.2,0.3,0.4,0.5
4554,Put,10,20,0.1,0.2,0.3,0.4,0.5
4555,Call,10,20,0.1,0.2,0.3,0.4,0.5
4555,Put,10,20,0.1,0.2,0.3,0.4,0.5
4556,Call,10,20,0.1,0.2,0.3,0.4,0.5
4556,Put,10,20,0.1,0.2,0.3,0.4,0.5
4557,Call,10,20,0.1,0.2,0.3,0.4,0.5
4557,Put,10,20,0.1,0.2,0.3,0.4,0.5
4558,Call,10,20,0.1,0.2,0.3,0.4,0.5
4558,Put,10,20,0.1,0.2,0.3,0.4,0.5
4559,Call,10,20,0.1,0.2,0.3,0.4,0.5
4559,Put,10,20,0.1,0.2,0.3,0.4,0.5
4560,Call,10,20,0.1,0.2,0.3,0.4,0.5
4560,Put,10,20,0.1,0.2,0.3,0.4,0.5
4561,Call,10,20,0.1,0.2,0.3,0.4,0.5
4561,Put,10,20,0.1,0.2,0.3,0.4,0.5
4562,Call,10,20,0.1,0.2,0.3,0.4,0.5
4562,Put,10,20,0.1,0.2,0.3,0.4,0.5
4563,Call,10,20,0.1,0.2,0.3,0.4,0.5
4563,Put,10,20,0.1,0.2,0.3,0.4,0.5
4564,Call,10,20,0.1,0.2,0.3,0.4,0.5
4564,Put,10,20,0.1,0.2,0.3,0.4,0.5
4565,Call,10,20,0.1,0.2,0.3,0.4,0.5
4565,Put,10,20,0.1,0.2,0.3,0.4,0.5
4566,Call,10,20,0.1,0.2,0.3,0.4,0.5
4566,Put,10,20,0.1,0.2,0.3,0.4,0.5
4567,Call,10,20,0.1,0.2,0.3,0.4,0.5
4567,Put,10,20,0.1,0.2,0.3,0.4,0.5
4568,Call,10,20,0.1,0.2,0.3,0.4,0.5
4568,Put,10,20,0.1,0.2,0.3,0.4,0.5
4569,Call,10,20,0.1,0.2,0.3,0.4,0.5
4569,Put,10,20,0.1,0.2,0.3,0.4,0.5
4570,Call,10,20,0.1,0.2,0.3,0.4,0.5
4570,Put,10,20,0.1,0.2,0.3,0.4,0.5
4571,Call,10,20,0.1,0.2,0.3,0.4,0.5
4571,Put,10,20,0.1,0.2,0.3,0.4,0.5
4572,Call,10,20,0.1,0.2,0.3,0.4,0.5
4572,Put,10,20,0.1,0.2,0.3,0.4,0.5
4573,Call,10,20,0.1,0.2,0.3,0.4,0.5
4573,Put,10,20,0.1,0.2,0.3,0.4,0.5
4574,Call,10,20,0.1,0.2,0.3,0.4,0.5
4574,Put,10,20,0.1,0.2,0.3,0.4,0.5
4575,Call,10,20,0.1,0.2,0.3,0.4,0.5
4575,Put,10,20,0.1,0.2,0.3,0.4,0.5
4576,Call,10,20,0.1,0.2,0.3,0.4,0.5
4576,Put,10,20,0.1,0.2,0.3,0.4,0.5
4577,Call,10,20,0.1,0.2,0.3,0.4,0.5
4577,Put,10,20,0.1,0.2,0.3,0.4,0.5
4578,Call,10,20,0.1,0.2,0.3,0.4,0.5
4578,Put,10,20,0.1,0.2,0.3,0.4,0.5
4579,Call,10,20,0.1,0.2,0.3,0.4,0.5
4579,Put,10,20,0.1,0.2,0.3,0.4,0.5
4580,Call,10,20,0.1,0.2,0.3,0.4,0.5
4580,Put,10,20,0.1,0.2,0.3,0.4,0.5
4581,Call,10,20,0.1,0.2,0.3,0.4,0.5
4581,Put,10,20,0.1,0.2,0.3,0.4,0.5
4582,Call,10,20,0.1,0.2,0.3,0.4,0.5
4582,Put,10,20,0.1,0.2,0.3,0.4,0.5
4583,Call,10,20,0.1,0.2,0.3,0.4,0.5
4583,Put,10,20,0.1,0.2,0.3,0.4,0.5
4584,Call,10,20,0.1,0.2,0.3,0.4,0.5
4584,Put,10,20,0.1,0.2,0.3,0.4,0.5
4585,Call,10,20,0.1,0.2,0.3,0.4,0.5
4585,Put,10,20,0.1,0.2,0.3,0.4,0.5
4586,Call,10,20,0.1,0.2,0.3,0.4,0.5
4586,Put,10,20,0.1,0.2,0.3,0.4,0.5
4587,Call,10,20,0.1,0.2,0.3,0.4,0.5
4587,Put,10,20,0.1,0.2,0.3,0.4,0.5
4588,Call,10,20,0.1,0.2,0.3,0.4,0.5
4588,Put,10,20,0.1,0.2,0.3,0.4,0.5
4589,Call,10,20,0.1,0.2,0.3,0.4,0.5
4589,Put,10,20,0.1,0.2,0.3,0.4,0.5
4590,Call,10,20,0.1,0.2,0.3,0.4,0.5
4590,Put,10,20,0.1,0.2,0.3,0.4,0.5
4591,Call,10,20,0.1,0.2,0.3,0.4,0.5
4591,Put,10,20,0.1,0.2,0.3,0.4,0.5
4592,Call,10,20,0.1,0.2,0.3,0.4,0.5
4592,Put,10,20,0.1,0.2,0.3,0.4,0.5
4593,Call,10,20,0.1,0.2,0.3,0.4,0.5
4593,Put,10,20,0.1,0.2,0.3,0.4,0.5
4594,Call,10,20,0.1,0.2,0.3,0.4,0.5
4594,Put,10,20,0.1,0.2,0.3,0.4,0.5
4595,Call,10,20,0.1,0.2,0.3,0.4,0.5
4595,Put,10,20,0.1,0.2,0.3,0.4,0.5
4596,Call,10,20,0.1,0.2,0.3,0.4,0.5
4596,Put,10,20,0.1,0.2,0.3,0.4,0.5
4597,Call,10,20,0.1,0.2,0.3,0.4,0.5
4597,Put,10,20,0.1,0.2,0.3,0.4,0.5
4598,Call,10,20,0.1,0.2,0.3,0.4,0.5
4598,Put,10,20,0.1,0.2,0.3,0.4,0.5
4599,Call,10,20,0.1,0.2,0.3,0.4,0.5
4599,Put,10,20,0.1,0.2,0.3,0.4,0.5
4600,Call,10,20,0.1,0.2,0.3,0.4,0.5
4600,Put,10,20,0.1,0.2,0.3,0.4,0.5
4601,Call,10,20,0.1,0.2,0.3,0.4,0.5
4601,Put,10,20,0.1,0.2,0.3,0.4,0.5
4602,Call,10,20,0.1,0.2,0.3,0.4,0.5
4602,Put,10,20,0.1,0.2,0.3,0.4,0.5
4603,Call,10,20,0.1,0.2,0.3,0.4,0.5
4603,Put,10,20,0.1,0.2,0.3,0.4,0.5
4604,Call,10,20,0.1,0.2,0.3,0.4,0.5
4604,Put,10,20,0.1,0.2,0.3,0.4,0.5
4605,Call,10,20,0.1,0.2,0.3,0.4,0.5
4605,Put,10,20,0.1,0.2,0.3,0.4,0.5
4606,Call,10,20,0.1,0.2,0.3,0.4,0.5
4606,Put,10,20,0.1,0.2,0.3,0.4,0.5
4607,Call,10,20,0.1,0.2,0.3,0.4,0.5
4607,Put,10,20,0.1,0.2,0.3,0.4,0.5
4608,Call,10,20,0.1,0.2,0.3,0.4,0.5
4608,Put,10,20,0.1,0.2,0.3,0.4,0.5
4609,Call,10,20,0.1,0.2,0.3,0.4,0.5
4609,Put,10,20,0.1,0.2,0.3,0.4,0.5
4610,Call,10,20,0.1,0.2,0.3,0.4,0.5
4610,Put,10,20,0.1,0.2,0.3,0.4,0.5
4611,Call,10,20,0.1,0.2,0.3,0.4,0.5
4611,Put,10,20,0.1,0.2,0.3,0.4,0.5
4612,Call,10,20,0.1,0.2,0.3,0.4,0.5
4612,Put,10,20,0.1,0.2,0.3,0.4,0.5
4613,Call,10,20,0.1,0.2,0.3,0.4,0.5
4613,Put,10,20,0.1,0.2,0.3,0.4,0.5
4614,Call,10,20,0.1,0.2,0.3,0.4,0.5
4614,Put,10,20,0.1,0.2,0.3,0.4,0.5
4615,Call,10,20,0.1,0.2,0.3,0.4,0.5
4615,Put,10,20,0.1,0.2,0.3,0.4,0.5
4616,Call,10,20,0.1,0.2,0.3,0.4,0.5
4616,Put,10,20,0.1,0.2,0.3,0.4,0.5
4617,Call,10,20,0.1,0.2,0.3,0.4,0.5
4617,Put,10,20,0.1,0.2,0.3,0.4,0.5
4618,Call,10,20,0.1,0.2,0.3,0.4,0.5
4618,Put,10,20,0.1,0.2,0.3,0.4,0.5
4619,Call,10,20,0.1,0.2,0.3,0.4,0.5
4619,Put,10,20,0.1,0.2,0.3,0.4,0.5
4620,Call,10,20,0.1,0.2,0.3,0.4,0.5
4620,Put,10,20,0.1,0.2,0.3,0.4,0.5
4621,Call,10,20,0.1,0.2,0.3,0.4,0.5
4621,Put,10,20,0.1,0.2,0.3,0.4,0.5
4622,Call,10,20,0.1,0.2,0.3,0.4,0.5
4622,Put,10,20,0.1,0.2,0.3,0.4,0.5
4623,Call,10,20,0.1,0.2,0.3,0.4,0.5
4623,Put,10,20,0.1,0.2,0.3,0.4,0.5
4624,Call,10,20,0.1,0.2,0.3,0.4,0.5
4624,Put,10,20,0.1,0.2,0.3,0.4,0.5
4625,Call,10,20,0.1,0.2,0.3,0.4,0.5
4625,Put,10,20,0.1,0.2,0.3,0.4,0.5
4626,Call,10,20,0.1,0.2,0.3,0.4,0.5
4626,Put,10,20,0.1,0.2,0.3,0.4,0.5
4627,Call,10,20,0.1,0.2,0.3,0.4,0.5
4627,Put,10,20,0.1,0.2,0.3,0.4,0.5
4628,Call,10,20,0.1,0.2,0.3,0.4,0.5
4628,Put,10,20,0.1,0.2,0.3,0.4,0.5
4629,Call,10,20,0.1,0.2,0.3,0.4,0.5
4629,Put,10,20,0.1,0.2,0.3,0.4,0.5
4630,Call,10,20,0.1,0.2,0.3,0.4,0.5
4630,Put,10,20,0.1,0.2,0.3,0.4,0.5
4631,Call,10,20,0.1,0.2,0.3,0.4,0.5
4631,Put,10,20,0.1,0.2,0.3,0.4,0.5
4632,Call,10,20,0.1,0.2,0.3,0.4,0.5
4632,Put,10,20,0.1,0.2,0.3,0.4,0.5
4633,Call,10,20,0.1,0.2,0.3,0.4,0.5
4633,Put,10,20,0.1,0.2,0.3,0.4,0.5
4634,Call,10,20,0.1,0.2,0.3,0.4,0.5
4634,Put,10,20,0.1,0.2,0.3,0.4,0.5
4635,Call,10,20,0.1,0.2,0.3,0.4,0.5
4635,Put,10,20,0.1,0.2,0.3,0.4,0.5
4636,Call,10,20,0.1,0.2,0.3,0.4,0.5
4636,Put,10,20,0.1,0.2,0.3,0.4,0.5
4637,Call,10,20,0.1,0.2,0.3,0.4,0.5
4637,Put,10,20,0.1,0.2,0.3,0.4,0.5
4638,Call,10,20,0.1,0.2,0.3,0.4,0.5
4638,Put,10,20,0.1,0.2,0.3,0.4,0.5
4639,Call,10,20,0.1,0.2,0.3,0.4,0.5
4639,Put,10,20,0.1,0.2,0.3,0.4,0.5
4640,Call,10,20,0.1,0.2,0.3,0.4,0.5
4640,Put,10,20,0.1,0.2,0.3,0.4,0.5
4641,Call,10,20,0.1,0.2,0.3,0.4,0.5
4641,Put,10,20,0.1,0.2,0.3,0.4,0.5
4642,Call,10,20,0.1,0.2,0.3,0.4,0.5
4642,Put,10,20,0.1,0.2,0.3,0.4,0.5
4643,Call,10,20,0.1,0.2,0.3,0.4,0.5
4643,Put,10,20,0.1,0.2,0.3,0.4,0.5
4644,Call,10,20,0.1,0.2,0.3,0.4,0.5
4644,Put,10,20,0.1,0.2,0.3,0.4,0.5
4645,Call,10,20,0.1,0.2,0.3,0.4,0.5
4645,Put,10,20,0.1,0.2,0.3,0.4,0.5
4646,Call,10,20,0.1,0.2,0.3,0.4,0.5
4646,Put,10,20,0.1,0.2,0.3,0.4,0.5
4647,Call,10,20,0.1,0.2,0.3,0.4,0.5
4647,Put,10,20,0.1,0.2,0.3,0.4,0.5
4648,Call,10,20,0.1,0.2,0.3,0.4,0.5
4648,Put,10,20,0.1,0.2,0.3,0.4,0.5
4649,Call,10,20,0.1,0.2,0.3,0.4,0.5
4649,Put,10,20,0.1,0.2,0.3,0.4,0.5
4650,Call,10,20,0.1,0.2,0.3,0.4,0.5
4650,Put,10,20,0.1,0.2,0.3,0.4,0.5
4651,Call,10,20,0.1,0.2,0.3,0.4,0.5
4651,Put,10,20,0.1,0.2,0.3,0.4,0.5
4652,Call,10,20,0.1,0.2,0.3,0.4,0.5
4652,Put,10,20,0.1,0.2,0.3,0.4,0.5
4653,Call,10,20,0.1,0.2,0.3,0.4,0.5
4653,Put,10,20,0.1,0.2,0.3,0.4,0.5
4654,Call,10,20,0.1,0.2,0.3,0.4,0.5
4654,Put,10,20,0.1,0.2,0.3,0.4,0.5
4655,Call,10,20,0.1,0.2,0.3,0.4,0.5
4655,Put,10,20,0.1,0.2,0.3,0.4,0.5
4656,Call,10,20,0.1,0.2,0.3,0.4,0.5
4656,Put,10,20,0.1,0.2,0.3,0.4,0.5
4657,Call,10,20,0.1,0.2,0.3,0.4,0.5
4657,Put,10,20,0.1,0.2,0.3,0.4,0.5
4658,Call,10,20,0.1,0.2,0.3,0.4,0.5
4658,Put,10,20,0.1,0.2,0.3,0.4,0.5
4659,Call,10,20,0.1,0.2,0.3,0.4,0.5
4659,Put,10,20,0.1,0.2,0.3,0.4,0.5
4660,Call,10,20,0.1,0.2,0.3,0.4,0.5
4660,Put,10,20,0.1,0.2,0.3,0.4,0.5
4661,Call,10,20,0.1,0.2,0.3,0.4,0.5
4661,Put,10,20,0.1,0.2,0.3,0.4,0.5
4662,Call,10,20,0.1,0.2,0.3,0.4,0.5
4662,Put,10,20,0.1,0.2,0.3,0.4,0.5
4663,Call,10,20,0.1,0.2,0.3,0.4,0.5
4663,Put,10,20,0.1,0.2,0.3,0.4,0.5
4664,Call,10,20,0.1,0.2,0.3,0.4,0.5
4664,Put,10,20,0.1,0.2,0.3,0.4,0.5
4665,Call,10,20,0.1,0.2,0.3,0.4,0.5
4665,Put,10,20,0.1,0.2,0.3,0.4,0.5
4666,Call,10,20,0.1,0.2,0.3,0.4,0.5
4666,Put,10,20,0.1,0.2,0.3,0.4,0.5
4667,Call,10,20,0.1,0.2,0.3,0.4,0.5
4667,Put,10,20,0.1,0.2,0.3,0.4,0.5
4668,Call,10,20,0.1,0.2,0.3,0.4,0.5
4668,Put,10,20,0.1,0.2,0.3,0.4,0.5
4669,Call,10,20,0.1,0.2,0.3,0.4,0.5
4669,Put,10,20,0.1,0.2,0.3,0.4,0.5
4670,Call,10,20,0.1,0.2,0.3,0.4,0.5
4670,Put,10,20,0.1,0.2,0.3,0.4,0.5
4671,Call,10,20,0.1,0.2,0.3,0.4,0.5
4671,Put,10,20,0.1,0.2,0.3,0.4,0.5
4672,Call,10,20,0.1,0.2,0.3,0.4,0.5
4672,Put,10,20,0.1,0.2,0.3,0.4,0.5
4673,Call,10,20,0.1,0.2,0.3,0.4,0.5
4673,Put,10,20,0.1,0.2,0.3,0.4,0.5
4674,Call,10,20,0.1,0.2,0.3,0.4,0.5
4674,Put,10,20,0.1,0.2,0.3,0.4,0.5
4675,Call,10,20,0.1,0.2,0.3,0.4,0.5
4675,Put,10,20,0.1,0.2,0.3,0.4,0.5
4676,Call,10,20,0.1,0.2,0.3,0.4,0.5
4676,Put,10,20,0.1,0.2,0.3,0.4,0.5
4677,Call,10,20,0.1,0.2,0.3,0.4,0.5
4677,Put,10,20,0.1,0.2,0.3,0.4,0.5
4678,Call,10,20,0.1,0.2,0.3,0.4,0.5
4678,Put,10,20,0.1,0.2,0.3,0.4,0.5
4679,Call,10,20,0.1,0.2,0.3,0.4,0.5
4679,Put,10,20,0.1,0.2,0.3,0.4,0.5
4680,Call,10,20,0.1,0.2,0.3,0.4,0.5
4680,Put,10,20,0.1,0.2,0.3,0.4,0.5
4681,Call,10,20,0.1,0.2,0.3,0.4,0.5
4681,Put,10,20,0.1,0.2,0.3,0.4,0.5
4682,Call,10,20,0.1,0.2,0.3,0.4,0.5
4682,Put,10,20,0.1,0.2,0.3,0.4,0.5
4683,Call,10,20,0.1,0.2,0.3,0.4,0.5
4683,Put,10,20,0.1,0.2,0.3,0.4,0.5
4684,Call,10,20,0.1,0.2,0.3,0.4,0.5
4684,Put,10,20,0.1,0.2,0.3,0.4,0.5
4685,Call,10,20,0.1,0.2,0.3,0.4,0.5
4685,Put,10,20,0.1,0.2,0.3,0.4,0.5
4686,Call,10,20,0.1,0.2,0.3,0.4,0.5
4686,Put,10,20,0.1,0.2,0.3,0.4,0.5
4687,Call,10,20,0.1,0.2,0.3,0.4,0.5
4687,Put,10,20,0.1,0.2,0.3,0.4,0.5
4688,Call,10,20,0.1,0.2,0.3,0.4,0.5
4688,Put,10,20,0.1,0.2,0.3,0.4,0.5
4689,Call,10,20,0.1,0.2,0.3,0.4,0.5
4689,Put,10,20,0.1,0.2,0.3,0.4,0.5
4690,Call,10,20,0.1,0.2,0.3,0.4,0.5
4690,Put,10,20,0.1,0.2,0.3,0.4,0.5
4691,Call,10,20,0.1,0.2,0.3,0.4,0.5
4691,Put,10,20,0.1,0.2,0.3,0.4,0.5
4692,Call,10,20,0.1,0.2,0.3,0.4,0.5
4692,Put,10,20,0.1,0.2,0.3,0.4,0.5
4693,Call,10,20,0.1,0.2,0.3,0.4,0.5
4693,Put,10,20,0.1,0.2,0.3,0.4,0.5
4694,Call,10,20,0.1,0.2,0.3,0.4,0.5
4694,Put,10,20,0.1,0.2,0.3,0.4,0.5
4695,Call,10,20,0.1,0.2,0.3,0.4,0.5
4695,Put,10,20,0.1,0.2,0.3,0.4,0.5
4696,Call,10,20,0.1,0.2,0.3,0.4,0.5
4696,Put,10,20,0.1,0.2,0.3,0.4,0.5
4697,Call,10,20,0.1,0.2,0.3,0.4,0.5
4697,Put,10,20,0.1,0.2,0.3,0.4,0.5
4698,Call,10,20,0.1,0.2,0.3,0.4,0.5
4698,Put,10,20,0.1,0.2,0.3,0.4,0.5
4699,Call,10,20,0.1,0.2,0.3,0.4,0.5
4699,Put,10,20,0.1,0.2,0.3,0.4,0.5
4700,Call,10,20,0.1,0.2,0.3,0.4,0.5
4700,Put,10,20,0.1,0.2,0.3,0.4,0.5
4701,Call,10,20,0.1,0.2,0.3,0.4,0.5
4701,Put,10,20,0.1,0.2,0.3,0.4,0.5
4702,Call,10,20,0.1,0.2,0.3,0.4,0.5
4702,Put,10,20,0.1,0.2,0.3,0.4,0.5
4703,Call,10,20,0.1,0.2,0.3,0.4,0.5
4703,Put,10,20,0.1,0.2,0.3,0.4,0.5
4704,Call,10,20,0.1,0.2,0.3,0.4,0.5
4704,Put,10,20,0.1,0.2,0.3,0.4,0.5
4705,Call,10,20,0.1,0.2,0.3,0.4,0.5
4705,Put,10,20,0.1,0.2,0.3,0.4,0.5
4706,Call,10,20,0.1,0.2,0.3,0.4,0.5
4706,Put,10,20,0.1,0.2,0.3,0.4,0.5
4707,Call,10,20,0.1,0.2,0.3,0.4,0.5
4707,Put,10,20,0.1,0.2,0.3,0.4,0.5
4708,Call,10,20,0.1,0.2,0.3,0.4,0.5
4708,Put,10,20,0.1,0.2,0.3,0.4,0.5
4709,Call,10,20,0.1,0.2,0.3,0.4,0.5
4709,Put,10,20,0.1,0.2,0.3,0.4,0.5
4710,Call,10,20,0.1,0.2,0.3,0.4,0.5
4710,Put,10,20,0.1,0.2,0.3,0.4,0.5
4711,Call,10,20,0.1,0.2,0.3,0.4,0.5
4711,Put,10,20,0.1,0.2,0.3,0.4,0.5
4712,Call,10,20,0.1,0.2,0.3,0.4,0.5
4712,Put,10,20,0.1,0.2,0.3,0.4,0.5
4713,Call,10,20,0.1,0.2,0.3,0.4,0.5
4713,Put,10,20,0.1,0.2,0.3,0.4,0.5
4714,Call,10,20,0.1,0.2,0.3,0.4,0.5
4714,Put,10,20,0.1,0.2,0.3,0.4,0.5
4715,Call,10,20,0.1,0.2,0.3,0.4,0.5
4715,Put,10,20,0.1,0.2,0.3,0.4,0.5
4716,Call,10,20,0.1,0.2,0.3,0.4,0.5
4716,Put,10,20,0.1,0.2,0.3,0.4,0.5
4717,Call,10,20,0.1,0.2,0.3,0.4,0.5
4717,Put,10,20,0.1,0.2,0.3,0.4,0.5
4718,Call,10,20,0.1,0.2,0.3,0.4,0.5
4718,Put,10,20,0.1,0.2,0.3,0.4,0.5
4719,Call,10,20,0.1,0.2,0.3,0.4,0.5
4719,Put,10,20,0.1,0.2,0.3,0.4,0.5
4720,Call,10,20,0.1,0.2,0.3,0.4,0.5
4720,Put,10,20,0.1,0.2,0.3,0.4,0.5
4721,Call,10,20,0.1,0.2,0.3,0.4,0.5
4721,Put,10,20,0.1,0.2,0.3,0.4,0.5
4722,Call,10,20,0.1,0.2,0.3,0.4,0.5
4722,Put,10,20,0.1,0.2,0.3,0.4,0.5
4723,Call,10,20,0.1,0.2,0.3,0.4,0.5
4723,Put,10,20,0.1,0.2,0.3,0.4,0.5
4724,Call,10,20,0.1,0.2,0.3,0.4,0.5
4724,Put,10,20,0.1,0.2,0.3,0.4,0.5
4725,Call,10,20,0.1,0.2,0.3,0.4,0.5
4725,Put,10,20,0.1,0.2,0.3,0.4,0.5
4726,Call,10,20,0.1,0.2,0.3,0.4,0.5
4726,Put,10,20,0.1,0.2,0.3,0.4,0.5
4727,Call,10,20,0.1,0.2,0.3,0.4,0.5
4727,Put,10,20,0.1,0.2,0.3,0.4,0.5
4728,Call,10,20,0.1,0.2,0.3,0.4,0.5
4728,Put,10,20,0.1,0.2,0.3,0.4,0.5
4729,Call,10,20,0.1,0.2,0.3,0.4,0.5
4729,Put,10,20,0.1,0.2,0.3,0.4,0.5
4730,Call,10,20,0.1,0.2,0.3,0.4,0.5
4730,Put,10,20,0.1,0.2,0.3,0.4,0.5
4731,Call,10,20,0.1,0.2,0.3,0.4,0.5
4731,Put,10,20,0.1,0.2,0.3,0.4,0.5
4732,Call,10,20,0.1,0.2,0.3,0.4,0.5
4732,Put,10,20,0.1,0.2,0.3,0.4,0.5
4733,Call,10,20,0.1,0.2,0.3,0.4,0.5
4733,Put,10,20,0.1,0.2,0.3,0.4,0.5
4734,Call,10,20,0.1,0.2,0.3,0.4,0.5
4734,Put,10,20,0.1,0.2,0.3,0.4,0.5
4735,Call,10,20,0.1,0.2,0.3,0.4,0.5
4735,Put,10,20,0.1,0.2,0.3,0.4,0.5
4736,Call,10,20,0.1,0.2,0.3,0.4,0.5
4736,Put,10,20,0.1,0.2,0.3,0.4,0.5
4737,Call,10,20,0.1,0.2,0.3,0.4,0.5
4737,Put,10,20,0.1,0.2,0.3,0.4,0.5
4738,Call,10,20,0.1,0.2,0.3,0.4,0.5
4738,Put,10,20,0.1,0.2,0.3,0.4,0.5
4739,Call,10,20,0.1,0.2,0.3,0.4,0.5
4739,Put,10,20,0.1,0.2,0.3,0.4,0.5
4740,Call,10,20,0.1,0.2,0.3,0.4,0.5
4740,Put,10,20,0.1,0.2,0.3,0.4,0.5
4741,Call,10,20,0.1,0.2,0.3,0.4,0.5
4741,Put,10,20,0.1,0.2,0.3,0.4,0.5
4742,Call,10,20,0.1,0.2,0.3,0.4,0.5
4742,Put,10,20,0.1,0.2,0.3,0.4,0.5
4743,Call,10,20,0.1,0.2,0.3,0.4,0.5
4743,Put,10,20,0.1,0.2,0.3,0.4,0.5
4744,Call,10,20,0.1,0.2,0.3,0.4,0.5
4744,Put,10,20,0.1,0.2,0.3,0.4,0.5
4745,Call,10,20,0.1,0.2,0.3,0.4,0.5
4745,Put,10,20,0.1,0.2,0.3,0.4,0.5
4746,Call,10,20,0.1,0.2,0.3,0.4,0.5
4746,Put,10,20,0.1,0.2,0.3,0.4,0.5
4747,Call,10,20,0.1,0.2,0.3,0.4,0.5
4747,Put,10,20,0.1,0.2,0.3,0.4,0.5
4748,Call,10,20,0.1,0.2,0.3,0.4,0.5
4748,Put,10,20,0.1,0.2,0.3,0.4,0.5
4749,Call,10,20,0.1,0.2,0.3,0.4,0.5
4749,Put,10,20,0.1,0.2,0.3,0.4,0.5
4750,Call,10,20,0.1,0.2,0.3,0.4,0.5
4750,Put,10,20,0.1,0.2,0.3,0.4,0.5
4751,Call,10,20,0.1,0.2,0.3,0.4,0.5
4751,Put,10,20,0.1,0.2,0.3,0.4,0.5
4752,Call,10,20,0.1,0.2,0.3,0.4,0.5
4752,Put,10,20,0.1,0.2,0.3,0.4,0.5
4753,Call,10,20,0.1,0.2,0.3,0.4,0.5
4753,Put,10,20,0.1,0.2,0.3,0.4,0.5
4754,Call,10,20,0.1,0.2,0.3,0.4,0.5
4754,Put,10,20,0.1,0.2,0.3,0.4,0.5
4755,Call,10,20,0.1,0.2,0.3,0.4,0.5
4755,Put,10,20,0.1,0.2,0.3,0.4,0.5
4756,Call,10,20,0.1,0.2,0.3,0.4,0.5
4756,Put,10,20,0.1,0.2,0.3,0.4,0.5
4757,Call,10,20,0.1,0.2,0.3,0.4,0.5
4757,Put,10,20,0.1,0.2,0.3,0.4,0.5
4758,Call,10,20,0.1,0.2,0.3,0.4,0.5
4758,Put,10,20,0.1,0.2,0.3,0.4,0.5
4759,Call,10,20,0.1,0.2,0.3,0.4,0.5
4759,Put,10,20,0.1,0.2,0.3,0.4,0.5
4760,Call,10,20,0.1,0.2,0.3,0.4,0.5
4760,Put,10,20,0.1,0.2,0.3,0.4,0.5
4761,Call,10,20,0.1,0.2,0.3,0.4,0.5
4761,Put,10,20,0.1,0.2,0.3,0.4,0.5
4762,Call,10,20,0.1,0.2,0.3,0.4,0.5
4762,Put,10,20,0.1,0.2,0.3,0.4,0.5
4763,Call,10,20,0.1,0.2,0.3,0.4,0.5
4763,Put,10,20,0.1,0.2,0.3,0.4,0.5
4764,Call,10,20,0.1,0.2,0.3,0.4,0.5
4764,Put,10,20,0.1,0.2,0.3,0.4,0.5
4765,Call,10,20,0.1,0.2,0.3,0.4,0.5
4765,Put,10,20,0.1,0.2,0.3,0.4,0.5
4766,Call,10,20,0.1,0.2,0.3,0.4,0.5
4766,Put,10,20,0.1,0.2,0.3,0.4,0.5
4767,Call,10,20,0.1,0.2,0.3,0.4,0.5
4767,Put,10,20,0.1,0.2,0.3,0.4,0.5
4768,Call,10,20,0.1,0.2,0.3,0.4,0.5
4768,Put,10,20,0.1,0.2,0.3,0.4,0.5
4769,Call,10,20,0.1,0.2,0.3,0.4,0.5
4769,Put,10,20,0.1,0.2,0.3,0.4,0.5
4770,Call,10,20,0.1,0.2,0.3,0.4,0.5
4770,Put,10,20,0.1,0.2,0.3,0.4,0.5
4771,Call,10,20,0.1,0.2,0.3,0.4,0.5
4771,Put,10,20,0.1,0.2,0.3,0.4,0.5
4772,Call,10,20,0.1,0.2,0.3,0.4,0.5
4772,Put,10,20,0.1,0.2,0.3,0.4,0.5
4773,Call,10,20,0.1,0.2,0.3,0.4,0.5
4773,Put,10,20,0.1,0.2,0.3,0.4,0.5
4774,Call,10,20,0.1,0.2,0.3,0.4,0.5
4774,Put,10,20,0.1,0.2,0.3,0.4,0.5
4775,Call,10,20,0.1,0.2,0.3,0.4,0.5
4775,Put,10,20,0.1,0.2,0.3,0.4,0.5
4776,Call,10,20,0.1,0.2,0.3,0.4,0.5
4776,Put,10,20,0.1,0.2,0.3,0.4,0.5
4777,Call,10,20,0.1,0.2,0.3,0.4,0.5
4777,Put,10,20,0.1,0.2,0.3,0.4,0.5
4778,Call,10,20,0.1,0.2,0.3,0.4,0.5
4778,Put,10,20,0.1,0.2,0.3,0.4,0.5
4779,Call,10,20,0.1,0.2,0.3,0.4,0.5
4779,Put,10,20,0.1,0.2,0.3,0.4,0.5
4780,Call,10,20,0.1,0.2,0.3,0.4,0.5
4780,Put,10,20,0.1,0.2,0.3,0.4,0.5
4781,Call,10,20,0.1,0.2,0.3,0.4,0.5
4781,Put,10,20,0.1,0.2,0.3,0.4,0.5
4782,Call,10,20,0.1,0.2,0.3,0.4,0.5
4782,Put,10,20,0.1,0.2,0.3,0.4,0.5
4783,Call,10,20,0.1,0.2,0.3,0.4,0.5
4783,Put,10,20,0.1,0.2,0.3,0.4,0.5
4784,Call,10,20,0.1,0.2,0.3,0.4,0.5
4784,Put,10,20,0.1,0.2,0.3,0.4,0.5
4785,Call,10,20,0.1,0.2,0.3,0.4,0.5
4785,Put,10,20,0.1,0.2,0.3,0.4,0.5
4786,Call,10,20,0.1,0.2,0.3,0.4,0.5
4786,Put,10,20,0.1,0.2,0.3,0.4,0.5
4787,Call,10,20,0.1,0.2,0.3,0.4,0.5
4787,Put,10,20,0.1,0.2,0.3,0.4,0.5
4788,Call,10,20,0.1,0.2,0.3,0.4,0.5
4788,Put,10,20,0.1,0.2,0.3,0.4,0.5
4789,Call,10,20,0.1,0.2,0.3,0.4,0.5
4789,Put,10,20,0.1,0.2,0.3,0.4,0.5
4790,Call,10,20,0.1,0.2,0.3,0.4,0.5
4790,Put,10,20,0.1,0.2,0.3,0.4,0.5
4791,Call,10,20,0.1,0.2,0.3,0.4,0.5
4791,Put,10,20,0.1,0.2,0.3,0.4,0.5
4792,Call,10,20,0.1,0.2,0.3,0.4,0.5
4792,Put,10,20,0.1,0.2,0.3,0.4,0.5
4793,Call,10,20,0.1,0.2,0.3,0.4,0.5
4793,Put,10,20,0.1,0.2,0.3,0.4,0.5
4794,Call,10,20,0.1,0.2,0.3,0.4,0.5
4794,Put,10,20,0.1,0.2,0.3,0.4,0.5
4795,Call,10,20,0.1,0.2,0.3,0.4,0.5
4795,Put,10,20,0.1,0.2,0.3,0.4,0.5
4796,Call,10,20,0.1,0.2,0.3,0.4,0.5
4796,Put,10,20,0.1,0.2,0.3,0.4,0.5
4797,Call,10,20,0.1,0.2,0.3,0.4,0.5
4797,Put,10,20,0.1,0.2,0.3,0.4,0.5
4798,Call,10,20,0.1,0.2,0.3,0.4,0.5
4798,Put,10,20,0.1,0.2,0.3,0.4,0.5
4799,Call,10,20,0.1,0.2,0.3,0.4,0.5
4799,Put,10,20,0.1,0.2,0.3,0.4,0.5
4800,Call,10,20,0.1,0.2,0.3,0.4,0.5
4800,Put,10,20,0.1,0.2,0.3,0.4,0.5
4801,Call,10,20,0.1,0.2,0.3,0.4,0.5
4801,Put,10,20,0.1,0.2,0.3,0.4,0.5
4802,Call,10,20,0.1,0.2,0.3,0.4,0.5
4802,Put,10,20,0.1,0.2,0.3,0.4,0.5
4803,Call,10,20,0.1,0.2,0.3,0.4,0.5
4803,Put,10,20,0.1,0.2,0.3,0.4,0.5
4804,Call,10,20,0.1,0.2,0.3,0.4,0.5
4804,Put,10,20,0.1,0.2,0.3,0.4,0.5
4805,Call,10,20,0.1,0.2,0.3,0.4,0.5
4805,Put,10,20,0.1,0.2,0.3,0.4,0.5
4806,Call,10,20,0.1,0.2,0.3,0.4,0.5
4806,Put,10,20,0.1,0.2,0.3,0.4,0.5
4807,Call,10,20,0.1,0.2,0.3,0.4,0.5
4807,Put,10,20,0.1,0.2,0.3,0.4,0.5
4808,Call,10,20,0.1,0.2,0.3,0.4,0.5
4808,Put,10,20,0.1,0.2,0.3,0.4,0.5
4809,Call,10,20,0.1,0.2,0.3,0.4,0.5
4809,Put,10,20,0.1,0.2,0.3,0.4,0.5
4810,Call,10,20,0.1,0.2,0.3,0.4,0.5
4810,Put,10,20,0.1,0.2,0.3,0.4,0.5
4811,Call,10,20,0.1,0.2,0.3,0.4,0.5
4811,Put,10,20,0.1,0.2,0.3,0.4,0.5
4812,Call,10,20,0.1,0.2,0.3,0.4,0.5
4812,Put,10,20,0.1,0.2,0.3,0.4,0.5
4813,Call,10,20,0.1,0.2,0.3,0.4,0.5
4813,Put,10,20,0.1,0.2,0.3,0.4,0.5
4814,Call,10,20,0.1,0.2,0.3,0.4,0.5
4814,Put,10,20,0.1,0.2,0.3,0.4,0.5
4815,Call,10,20,0.1,0.2,0.3,0.4,0.5
4815,Put,10,20,0.1,0.2,0.3,0.4,0.5
4816,Call,10,20,0.1,0.2,0.3,0.4,0.5
4816,Put,10,20,0.1,0.2,0.3,0.4,0.5
4817,Call,10,20,0.1,0.2,0.3,0.4,0.5
4817,Put,10,20,0.1,0.2,0.3,0.4,0.5
4818,Call,10,20,0.1,0.2,0.3,0.4,0.5
4818,Put,10,20,0.1,0.2,0.3,0.4,0.5
4819,Call,10,20,0.1,0.2,0.3,0.4,0.5
4819,Put,10,20,0.1,0.2,0.3,0.4,0.5
4820,Call,10,20,0.1,0.2,0.3,0.4,0.5
4820,Put,10,20,0.1,0.2,0.3,0.4,0.5
4821,Call,10,20,0.1,0.2,0.3,0.4,0.5
4821,Put,10,20,0.1,0.2,0.3,0.4,0.5
4822,Call,10,20,0.1,0.2,0.3,0.4,0.5
4822,Put,10,20,0.1,0.2,0.3,0.4,0.5
4823,Call,10,20,0.1,0.2,0.3,0.4,0.5
4823,Put,10,20,0.1,0.2,0.3,0.4,0.5
4824,Call,10,20,0.1,0.2,0.3,0.4,0.5
4824,Put,10,20,0.1,0.2,0.3,0.4,0.5
4825,Call,10,20,0.1,0.2,0.3,0.4,0.5
4825,Put,10,20,0.1,0.2,0.3,0.4,0.5
4826,Call,10,20,0.1,0.2,0.3,0.4,0.5
4826,Put,10,20,0.1,0.2,0.3,0.4,0.5
4827,Call,10,20,0.1,0.2,0.3,0.4,0.5
4827,Put,10,20,0.1,0.2,0.3,0.4,0.5
4828,Call,10,20,0.1,0.2,0.3,0.4,0.5
4828,Put,10,20,0.1,0.2,0.3,0.4,0.5
4829,Call,10,20,0.1,0.2,0.3,0.4,0.5
4829,Put,10,20,0.1,0.2,0.3,0.4,0.5
4830,Call,10,20,0.1,0.2,0.3,0.4,0.5
4830,Put,10,20,0.1,0.2,0.3,0.4,0.5
4831,Call,10,20,0.1,0.2,0.3,0.4,0.5
4831,Put,10,20,0.1,0.2,0.3,0.4,0.5
4832,Call,10,20,0.1,0.2,0.3,0.4,0.5
4832,Put,10,20,0.1,0.2,0.3,0.4,0.5
4833,Call,10,20,0.1,0.2,0.3,0.4,0.5
4833,Put,10,20,0.1,0.2,0.3,0.4,0.5
4834,Call,10,20,0.1,0.2,0.3,0.4,0.5
4834,Put,10,20,0.1,0.2,0.3,0.4,0.5
4835,Call,10,20,0.1,0.2,0.3,0.4,0.5
4835,Put,10,20,0.1,0.2,0.3,0.4,0.5
4836,Call,10,20,0.1,0.2,0.3,0.4,0.5
4836,Put,10,20,0.1,0.2,0.3,0.4,0.5
4837,Call,10,20,0.1,0.2,0.3,0.4,0.5
4837,Put,10,20,0.1,0.2,0.3,0.4,0.5
4838,Call,10,20,0.1,0.2,0.3,0.4,0.5
4838,Put,10,20,0.1,0.2,0.3,0.4,0.5
4839,Call,10,20,0.1,0.2,0.3,0.4,0.5
4839,Put,10,20,0.1,0.2,0.3,0.4,0.5
4840,Call,10,20,0.1,0.2,0.3,0.4,0.5
4840,Put,10,20,0.1,0.2,0.3,0.4,0.5
4841,Call,10,20,0.1,0.2,0.3,0.4,0.5
4841,Put,10,20,0.1,0.2,0.3,0.4,0.5
4842,Call,10,20,0.1,0.2,0.3,0.4,0.5
4842,Put,10,20,0.1,0.2,0.3,0.4,0.5
4843,Call,10,20,0.1,0.2,0.3,0.4,0.5
4843,Put,10,20,0.1,0.2,0.3,0.4,0.5
4844,Call,10,20,0.1,0.2,0.3,0.4,0.5
4844,Put,10,20,0.1,0.2,0.3,0.4,0.5
4845,Call,10,20,0.1,0.2,0.3,0.4,0.5
4845,Put,10,20,0.1,0.2,0.3,0.4,0.5
4846,Call,10,20,0.1,0.2,0.3,0.4,0.5
4846,Put,10,20,0.1,0.2,0.3,0.4,0.5
4847,Call,10,20,0.1,0.2,0.3,0.4,0.5
4847,Put,10,20,0.1,0.2,0.3,0.4,0.5
4848,Call,10,20,0.1,0.2,0.3,0.4,0.5
4848,Put,10,20,0.1,0.2,0.3,0.4,0.5
4849,Call,10,20,0.1,0.2,0.3,0.4,0.5
4849,Put,10,20,0.1,0.2,0.3,0.4,0.5
4850,Call,10,20,0.1,0.2,0.3,0.4,0.5
4850,Put,10,20,0.1,0.2,0.3,0.4,0.5
4851,Call,10,20,0.1,0.2,0.3,0.4,0.5
4851,Put,10,20,0.1,0.2,0.3,0.4,0.5
4852,Call,10,20,0.1,0.2,0.3,0.4,0.5
4852,Put,10,20,0.1,0.2,0.3,0.4,0.5
4853,Call,10,20,0.1,0.2,0.3,0.4,0.5
4853,Put,10,20,0.1,0.2,0.3,0.4,0.5
4854,Call,10,20,0.1,0.2,0.3,0.4,0.5
4854,Put,10,20,0.1,0.2,0.3,0.4,0.5
4855,Call,10,20,0.1,0.2,0.3,0.4,0.5
4855,Put,10,20,0.1,0.2,0.3,0.4,0.5
4856,Call,10,20,0.1,0.2,0.3,0.4,0.5
4856,Put,10,20,0.1,0.2,0.3,0.4,0.5
4857,Call,10,20,0.1,0.2,0.3,0.4,0.5
4857,Put,10,20,0.1,0.2,0.3,0.4,0.5
4858,Call,10,20,0.1,0.2,0.3,0.4,0.5
4858,Put,10,20,0.1,0.2,0.3,0.4,0.5
4859,Call,10,20,0.1,0.2,0.3,0.4,0.5
4859,Put,10,20,0.1,0.2,0.3,0.4,0.5
4860,Call,10,20,0.1,0.2,0.3,0.4,0.5
4860,Put,10,20,0.1,0.2,0.3,0.4,0.5
4861,Call,10,20,0.1,0.2,0.3,0.4,0.5
4861,Put,10,20,0.1,0.2,0.3,0.4,0.5
4862,Call,10,20,0.1,0.2,0.3,0.4,0.5
4862,Put,10,20,0.1,0.2,0.3,0.4,0.5
4863,Call,10,20,0.1,0.2,0.3,0.4,0.5
4863,Put,10,20,0.1,0.2,0.3,0.4,0.5
4864,Call,10,20,0.1,0.2,0.3,0.4,0.5
4864,Put,10,20,0.1,0.2,0.3,0.4,0.5
4865,Call,10,20,0.1,0.2,0.3,0.4,0.5
4865,Put,10,20,0.1,0.2,0.3,0.4,0.5
4866,Call,10,20,0.1,0.2,0.3,0.4,0.5
4866,Put,10,20,0.1,0.2,0.3,0.4,0.5
4867,Call,10,20,0.1,0.2,0.3,0.4,0.5
4867,Put,10,20,0.1,0.2,0.3,0.4,0.5
4868,Call,10,20,0.1,0.2,0.3,0.4,0.5
4868,Put,10,20,0.1,0.2,0.3,0.4,0.5
4869,Call,10,20,0.1,0.2,0.3,0.4,0.5
4869,Put,10,20,0.1,0.2,0.3,0.4,0.5
4870,Call,10,20,0.1,0.2,0.3,0.4,0.5
4870,Put,10,20,0.1,0.2,0.3,0.4,0.5
4871,Call,10,20,0.1,0.2,0.3,0.4,0.5
4871,Put,10,20,0.1,0.2,0.3,0.4,0.5
4872,Call,10,20,0.1,0.2,0.3,0.4,0.5
4872,Put,10,20,0.1,0.2,0.3,0.4,0.5
4873,Call,10,20,0.1,0.2,0.3,0.4,0.5
4873,Put,10,20,0.1,0.2,0.3,0.4,0.5
4874,Call,10,20,0.1,0.2,0.3,0.4,0.5
4874,Put,10,20,0.1,0.2,0.3,0.4,0.5
4875,Call,10,20,0.1,0.2,0.3,0.4,0.5
4875,Put,10,20,0.1,0.2,0.3,0.4,0.5
4876,Call,10,20,0.1,0.2,0.3,0.4,0.5
4876,Put,10,20,0.1,0.2,0.3,0.4,0.5
4877,Call,10,20,0.1,0.2,0.3,0.4,0.5
4877,Put,10,20,0.1,0.2,0.3,0.4,0.5
4878,Call,10,20,0.1,0.2,0.3,0.4,0.5
4878,Put,10,20,0.1,0.2,0.3,0.4,0.5
4879,Call,10,20,0.1,0.2,0.3,0.4,0.5
4879,Put,10,20,0.1,0.2,0.3,0.4,0.5
4880,Call,10,20,0.1,0.2,0.3,0.4,0.5
4880,Put,10,20,0.1,0.2,0.3,0.4,0.5
4881,Call,10,20,0.1,0.2,0.3,0.4,0.5
4881,Put,10,20,0.1,0.2,0.3,0.4,0.5
4882,Call,10,20,0.1,0.2,0.3,0.4,0.5
4882,Put,10,20,0.1,0.2,0.3,0.4,0.5
4883,Call,10,20,0.1,0.2,0.3,0.4,0.5
4883,Put,10,20,0.1,0.2,0.3,0.4,0.5
4884,Call,10,20,0.1,0.2,0.3,0.4,0.5
4884,Put,10,20,0.1,0.2,0.3,0.4,0.5
4885,Call,10,20,0.1,0.2,0.3,0.4,0.5
4885,Put,10,20,0.1,0.2,0.3,0.4,0.5
4886,Call,10,20,0.1,0.2,0.3,0.4,0.5
4886,Put,10,20,0.1,0.2,0.3,0.4,0.5
4887,Call,10,20,0.1,0.2,0.3,0.4,0.5
4887,Put,10,20,0.1,0.2,0.3,0.4,0.5
4888,Call,10,20,0.1,0.2,0.3,0.4,0.5
4888,Put,10,20,0.1,0.2,0.3,0.4,0.5
4889,Call,10,20,0.1,0.2,0.3,0.4,0.5
4889,Put,10,20,0.1,0.2,0.3,0.4,0.5
4890,Call,10,20,0.1,0.2,0.3,0.4,0.5
4890,Put,10,20,0.1,0.2,0.3,0.4,0.5
4891,Call,10,20,0.1,0.2,0.3,0.4,0.5
4891,Put,10,20,0.1,0.2,0.3,0.4,0.5
4892,Call,10,20,0.1,0.2,0.3,0.4,0.5
4892,Put,10,20,0.1,0.2,0.3,0.4,0.5
4893,Call,10,20,0.1,0.2,0.3,0.4,0.5
4893,Put,10,20,0.1,0.2,0.3,0.4,0.5
4894,Call,10,20,0.1,0.2,0.3,0.4,0.5
4894,Put,10,20,0.1,0.2,0.3,0.4,0.5
4895,Call,10,20,0.1,0.2,0.3,0.4,0.5
4895,Put,10,20,0.1,0.2,0.3,0.4,0.5
4896,Call,10,20,0.1,0.2,0.3,0.4,0.5
4896,Put,10,20,0.1,0.2,0.3,0.4,0.5
4897,Call,10,20,0.1,0.2,0.3,0.4,0.5
4897,Put,10,20,0.1,0.2,0.3,0.4,0.5
4898,Call,10,20,0.1,0.2,0.3,0.4,0.5
4898,Put,10,20,0.1,0.2,0.3,0.4,0.5
4899,Call,10,20,0.1,0.2,0.3,0.4,0.5
4899,Put,10,20,0.1,0.2,0.3,0.4,0.5
4900,Call,10,20,0.1,0.2,0.3,0.4,0.5
4900,Put,10,20,0.1,0.2,0.3,0.4,0.5
4901,Call,10,20,0.1,0.2,0.3,0.4,0.5
4901,Put,10,20,0.1,0.2,0.3,0.4,0.5
4902,Call,10,20,0.1,0.2,0.3,0.4,0.5
4902,Put,10,20,0.1,0.2,0.3,0.4,0.5
4903,Call,10,20,0.1,0.2,0.3,0.4,0.5
4903,Put,10,20,0.1,0.2,0.3,0.4,0.5
4904,Call,10,20,0.1,0.2,0.3,0.4,0.5
4904,Put,10,20,0.1,0.2,0.3,0.4,0.5
4905,Call,10,20,0.1,0.2,0.3,0.4,0.5
4905,Put,10,20,0.1,0.2,0.3,0.4,0.5
4906,Call,10,20,0.1,0.2,0.3,0.4,0.5
4906,Put,10,20,0.1,0.2,0.3,0.4,0.5
4907,Call,10,20,0.1,0.2,0.3,0.4,0.5
4907,Put,10,20,0.1,0.2,0.3,0.4,0.5
4908,Call,10,20,0.1,0.2,0.3,0.4,0.5
4908,Put,10,20,0.1,0.2,0.3,0.4,0.5
4909,Call,10,20,0.1,0.2,0.3,0.4,0.5
4909,Put,10,20,0.1,0.2,0.3,0.4,0.5
4910,Call,10,20,0.1,0.2,0.3,0.4,0.5
4910,Put,10,20,0.1,0.2,0.3,0.4,0.5
4911,Call,10,20,0.1,0.2,0.3,0.4,0.5
4911,Put,10,20,0.1,0.2,0.3,0.4,0.5
4912,Call,10,20,0.1,0.2,0.3,0.4,0.5
4912,Put,10,20,0.1,0.2,0.3,0.4,0.5
4913,Call,10,20,0.1,0.2,0.3,0.4,0.5
4913,Put,10,20,0.1,0.2,0.3,0.4,0.5
4914,Call,10,20,0.1,0.2,0.3,0.4,0.5
4914,Put,10,20,0.1,0.2,0.3,0.4,0.5
4915,Call,10,20,0.1,0.2,0.3,0.4,0.5
4915,Put,10,20,0.1,0.2,0.3,0.4,0.5
4916,Call,10,20,0.1,0.2,0.3,0.4,0.5
4916,Put,10,20,0.1,0.2,0.3,0.4,0.5
4917,Call,10,20,0.1,0.2,0.3,0.4,0.5
4917,Put,10,20,0.1,0.2,0.3,0.4,0.5
4918,Call,10,20,0.1,0.2,0.3,0.4,0.5
4918,Put,10,20,0.1,0.2,0.3,0.4,0.5
4919,Call,10,20,0.1,0.2,0.3,0.4,0.5
4919,Put,10,20,0.1,0.2,0.3,0.4,0.5
4920,Call,10,20,0.1,0.2,0.3,0.4,0.5
4920,Put,10,20,0.1,0.2,0.3,0.4,0.5
4921,Call,10,20,0.1,0.2,0.3,0.4,0.5
4921,Put,10,20,0.1,0.2,0.3,0.4,0.5
4922,Call,10,20,0.1,0.2,0.3,0.4,0.5
4922,Put,10,20,0.1,0.2,0.3,0.4,0.5
4923,Call,10,20,0.1,0.2,0.3,0.4,0.5
4923,Put,10,20,0.1,0.2,0.3,0.4,0.5
4924,Call,10,20,0.1,0.2,0.3,0.4,0.5
4924,Put,10,20,0.1,0.2,0.3,0.4,0.5
4925,Call,10,20,0.1,0.2,0.3,0.4,0.5
4925,Put,10,20,0.1,0.2,0.3,0.4,0.5
4926,Call,10,20,0.1,0.2,0.3,0.4,0.5
4926,Put,10,20,0.1,0.2,0.3,0.4,0.5
4927,Call,10,20,0.1,0.2,0.3,0.4,0.5
4927,Put,10,20,0.1,0.2,0.3,0.4,0.5
4928,Call,10,20,0.1,0.2,0.3,0.4,0.5
4928,Put,10,20,0.1,0.2,0.3,0.4,0.5
4929,Call,10,20,0.1,0.2,0.3,0.4,0.5
4929,Put,10,20,0.1,0.2,0.3,0.4,0.5
4930,Call,10,20,0.1,0.2,0.3,0.4,0.5
4930,Put,10,20,0.1,0.2,0.3,0.4,0.5
4931,Call,10,20,0.1,0.2,0.3,0.4,0.5
4931,Put,10,20,0.1,0.2,0.3,0.4,0.5
4932,Call,10,20,0.1,0.2,0.3,0.4,0.5
4932,Put,10,20,0.1,0.2,0.3,0.4,0.5
4933,Call,10,20,0.1,0.2,0.3,0.4,0.5
4933,Put,10,20,0.1,0.2,0.3,0.4,0.5
4934,Call,10,20,0.1,0.2,0.3,0.4,0.5
4934,Put,10,20,0.1,0.2,0.3,0.4,0.5
4935,Call,10,20,0.1,0.2,0.3,0.4,0.5
4935,Put,10,20,0.1,0.2,0.3,0.4,0.5
4936,Call,10,20,0.1,0.2,0.3,0.4,0.5
4936,Put,10,20,0.1,0.2,0.3,0.4,0.5
4937,Call,10,20,0.1,0.2,0.3,0.4,0.5
4937,Put,10,20,0.1,0.2,0.3,0.4,0.5
4938,Call,10,20,0.1,0.2,0.3,0.4,0.5
4938,Put,10,20,0.1,0.2,0.3,0.4,0.5
4939,Call,10,20,0.1,0.2,0.3,0.4,0.5
4939,Put,10,20,0.1,0.2,0.3,0.4,0.5
4940,Call,10,20,0.1,0.2,0.3,0.4,0.5
4940,Put,10,20,0.1,0.2,0.3,0.4,0.5
4941,Call,10,20,0.1,0.2,0.3,0.4,0.5
4941,Put,10,20,0.1,0.2,0.3,0.4,0.5
4942,Call,10,20,0.1,0.2,0.3,0.4,0.5
4942,Put,10,20,0.1,0.2,0.3,0.4,0.5
4943,Call,10,20,0.1,0.2,0.3,0.4,0.5
4943,Put,10,20,0.1,0.2,0.3,0.4,0.5
4944,Call,10,20,0.1,0.2,0.3,0.4,0.5
4944,Put,10,20,0.1,0.2,0.3,0.4,0.5
4945,Call,10,20,0.1,0.2,0.3,0.4,0.5
4945,Put,10,20,0.1,0.2,0.3,0.4,0.5
4946,Call,10,20,0.1,0.2,0.3,0.4,0.5
4946,Put,10,20,0.1,0.2,0.3,0.4,0.5
4947,Call,10,20,0.1,0.2,0.3,0.4,0.5
4947,Put,10,20,0.1,0.2,0.3,0.4,0.5
4948,Call,10,20,0.1,0.2,0.3,0.4,0.5
4948,Put,10,20,0.1,0.2,0.3,0.4,0.5
4949,Call,10,20,0.1,0.2,0.3,0.4,0.5
4949,Put,10,20,0.1,0.2,0.3,0.4,0.5
4950,Call,10,20,0.1,0.2,0.3,0.4,0.5
4950,Put,10,20,0.1,0.2,0.3,0.4,0.5
4951,Call,10,20,0.1,0.2,0.3,0.4,0.5
4951,Put,10,20,0.1,0.2,0.3,0.4,0.5
4952,Call,10,20,0.1,0.2,0.3,0.4,0.5
4952,Put,10,20,0.1,0.2,0.3,0.4,0.5
4953,Call,10,20,0.1,0.2,0.3,0.4,0.5
4953,Put,10,20,0.1,0.2,0.3,0.4,0.5
4954,Call,10,20,0.1,0.2,0.3,0.4,0.5
4954,Put,10,20,0.1,0.2,0.3,0.4,0.5
4955,Call,10,20,0.1,0.2,0.3,0.4,0.5
4955,Put,10,20,0.1,0.2,0.3,0.4,0.5
4956,Call,10,20,0.1,0.2,0.3,0.4,0.5
4956,Put,10,20,0.1,0.2,0.3,0.4,0.5
4957,Call,10,20,0.1,0.2,0.3,0.4,0.5
4957,Put,10,20,0.1,0.2,0.3,0.4,0.5
4958,Call,10,20,0.1,0.2,0.3,0.4,0.5
4958,Put,10,20,0.1,0.2,0.3,0.4,0.5
4959,Call,10,20,0.1,0.2,0.3,0.4,0.5
4959,Put,10,20,0.1,0.2,0.3,0.4,0.5
4960,Call,10,20,0.1,0.2,0.3,0.4,0.5
4960,Put,10,20,0.1,0.2,0.3,0.4,0.5
4961,Call,10,20,0.1,0.2,0.3,0.4,0.5
4961,Put,10,20,0.1,0.2,0.3,0.4,0.5
4962,Call,10,20,0.1,0.2,0.3,0.4,0.5
4962,Put,10,20,0.1,0.2,0.3,0.4,0.5
4963,Call,10,20,0.1,0.2,0.3,0.4,0.5
4963,Put,10,20,0.1,0.2,0.3,0.4,0.5
4964,Call,10,20,0.1,0.2,0.3,0.4,0.5
4964,Put,10,20,0.1,0.2,0.3,0.4,0.5
4965,Call,10,20,0.1,0.2,0.3,0.4,0.5
4965,Put,10,20,0.1,0.2,0.3,0.4,0.5
4966,Call,10,20,0.1,0.2,0.3,0.4,0.5
4966,Put,10,20,0.1,0.2,0.3,0.4,0.5
4967,Call,10,20,0.1,0.2,0.3,0.4,0.5
4967,Put,10,20,0.1,0.2,0.3,0.4,0.5
4968,Call,10,20,0.1,0.2,0.3,0.4,0.5
4968,Put,10,20,0.1,0.2,0.3,0.4,0.5
4969,Call,10,20,0.1,0.2,0.3,0.4,0.5
4969,Put,10,20,0.1,0.2,0.3,0.4,0.5
4970,Call,10,20,0.1,0.2,0.3,0.4,0.5
4970,Put,10,20,0.1,0.2,0.3,0.4,0.5
4971,Call,10,20,0.1,0.2,0.3,0.4,0.5
4971,Put,10,20,0.1,0.2,0.3,0.4,0.5
4972,Call,10,20,0.1,0.2,0.3,0.4,0.5
4972,Put,10,20,0.1,0.2,0.3,0.4,0.5
4973,Call,10,20,0.1,0.2,0.3,0.4,0.5
4973,Put,10,20,0.1,0.2,0.3,0.4,0.5
4974,Call,10,20,0.1,0.2,0.3,0.4,0.5
4974,Put,10,20,0.1,0.2,0.3,0.4,0.5
4975,Call,10,20,0.1,0.2,0.3,0.4,0.5
4975,Put,10,20,0.1,0.2,0.3,0.4,0.5
4976,Call,10,20,0.1,0.2,0.3,0.4,0.5
4976,Put,10,20,0.1,0.2,0.3,0.4,0.5
4977,Call,10,20,0.1,0.2,0.3,0.4,0.5
4977,Put,10,20,0.1,0.2,0.3,0.4,0.5
4978,Call,10,20,0.1,0.2,0.3,0.4,0.5
4978,Put,10,20,0.1,0.2,0.3,0.4,0.5
4979,Call,10,20,0.1,0.2,0.3,0.4,0.5
4979,Put,10,20,0.1,0.2,0.3,0.4,0.5
4980,Call,10,20,0.1,0.2,0.3,0.4,0.5
4980,Put,10,20,0.1,0.2,0.3,0.4,0.5
4981,Call,10,20,0.1,0.2,0.3,0.4,0.5
4981,Put,10,20,0.1,0.2,0.3,0.4,0.5
4982,Call,10,20,0.1,0.2,0.3,0.4,0.5
4982,Put,10,20,0.1,0.2,0.3,0.4,0.5
4983,Call,10,20,0.1,0.2,0.3,0.4,0.5
4983,Put,10,20,0.1,0.2,0.3,0.4,0.5
4984,Call,10,20,0.1,0.2,0.3,0.4,0.5
4984,Put,10,20,0.1,0.2,0.3,0.4,0.5
4985,Call,10,20,0.1,0.2,0.3,0.4,0.5
4985,Put,10,20,0.1,0.2,0.3,0.4,0.5
4986,Call,10,20,0.1,0.2,0.3,0.4,0.5
4986,Put,10,20,0.1,0.2,0.3,0.4,0.5
4987,Call,10,20,0.1,0.2,0.3,0.4,0.5
4987,Put,10,20,0.1,0.2,0.3,0.4,0.5
4988,Call,10,20,0.1,0.2,0.3,0.4,0.5
4988,Put,10,20,0.1,0.2,0.3,0.4,0.5
4989,Call,10,20,0.1,0.2,0.3,0.4,0.5
4989,Put,10,20,0.1,0.2,0.3,0.4,0.5
4990,Call,10,20,0.1,0.2,0.3,0.4,0.5
4990,Put,10,20,0.1,0.2,0.3,0.4,0.5
4991,Call,10,20,0.1,0.2,0.3,0.4,0.5
4991,Put,10,20,0.1,0.2,0.3,0.4,0.5
4992,Call,10,20,0.1,0.2,0.3,0.4,0.5
4992,Put,10,20,0.1,0.2,0.3,0.4,0.5
4993,Call,10,20,0.1,0.2,0.3,0.4,0.5
4993,Put,10,20,0.1,0.2,0.3,0.4,0.5
4994,Call,10,20,0.1,0.2,0.3,0.4,0.5
4994,Put,10,20,0.1,0.2,0.3,0.4,0.5
4995,Call,10,20,0.1,0.2,0.3,0.4,0.5
4995,Put,10,20,0.1,0.2,0.3,0.4,0.5
4996,Call,10,20,0.1,0.2,0.3,0.4,0.5
4996,Put,10,20,0.1,0.2,0.3,0.4,0.5
4997,Call,10,20,0.1,0.2,0.3,0.4,0.5
4997,Put,10,20,0.1,0.2,0.3,0.4,0.5
4998,Call,10,20,0.1,0.2,0.3,0.4,0.5
4998,Put,10,20,0.1,0.2,0.3,0.4,0.5
4999,Call,10,20,0.1,0.2,0.3,0.4,0.5
4999,Put,10,20,0.1,0.2,0.3,0.4,0.5
